code,product_name,categories,packaging,ingredients_analysis_tags,ecoscore_score,ecoscore_grade,food_type,is_biodegradable,final_ecoscore,biodegradability_score,biodegradability_label,clean_category,product_name_lower,clean_category_fixed
8904063209702.0,Dal Palak,,,"['en:vegan', 'en:vegetarian']",,,other,no,,40.0,Moderately Biodegradable,grain,dal palak,grain
8997033001505.0,YAVA CACAO,,,,,,other,no,,30.0,Non Biodegradable,confectionery,yava cacao,confectionery
8904004401219.0,Dal Biji,,,"['en:palm-oil', 'en:vegan', 'en:vegetarian']",,,other,no,,40.0,Moderately Biodegradable,grain,dal biji,grain
8992775002018.0,,,,,,,other,no,,30.0,Non Biodegradable,non_food,,non_food
8935005305763.0,Crackers Beurre 250G,,,,,,other,no,,30.0,Non Biodegradable,snack,crackers beurre 250g,snack
8993297832756.0,Sardines à l'huile 125g Maroc Koira sarl,,,,,,other,no,,30.0,Non Biodegradable,non_food,sardines à l'huile 125g maroc koira sarl,non_food
8901058869873.0,BARONE,,,,,,other,no,,30.0,Non Biodegradable,confectionery,barone,confectionery
8904063240033.0,Haldiram's khatt meetha,,,,,,other,no,,30.0,Non Biodegradable,non_food,haldiram's khatt meetha,non_food
8935000901342.0,Assortissement confiseries,,,,,,other,no,,30.0,Non Biodegradable,non_food,assortissement confiseries,non_food
8901491100533.0,Chilli Chatka 20rs,,,"['en:palm-oil', 'en:vegan-status-unknown', 'en:vegetarian-status-unknown']",,,other,no,,40.0,Moderately Biodegradable,non_food,chilli chatka 20rs,non_food
8997032222123.0,Coco Aminos Würzsauce,,,"['en:palm-oil-content-unknown', 'en:vegan', 'en:vegetarian']",,,other,no,,40.0,Moderately Biodegradable,condiment,coco aminos würzsauce,sauce_condiment
8935000901410.0,Gâteau de riz au banane congelé,,,"['en:palm-oil-free', 'en:vegan', 'en:vegetarian']",,,beverage,no,,40.0,Moderately Biodegradable,beverage,gâteau de riz au banane congelé,beverage
8936079561017.0,Lait de coco,,Brique,"['en:palm-oil-free', 'en:vegan', 'en:vegetarian']",,,other,no,,50.0,Moderately Biodegradable,non_food,lait de coco,non_food
8964000122105.0,RoohAfza,,,,,,other,no,,30.0,Non Biodegradable,non_food,roohafza,beverage_syrup
8908013398010.0,VegPro Soya Chunks,,,['en:vegetarian'],,,other,no,,35.0,Non Biodegradable,non_food,vegpro soya chunks,grain
8906006172340.0,Vikas Saxena,,,"['en:palm-oil-content-unknown', 'en:vegan-status-unknown', 'en:vegetarian-status-unknown']",,,other,no,,40.0,Moderately Biodegradable,non_food,vikas saxena,non_food
8997005470018.0,PalmSugar,,,,,,other,no,,30.0,Non Biodegradable,non_food,palmsugar,non_food
8934684029601.0,Mi chay,,,,,,other,no,,30.0,Non Biodegradable,non_food,mi chay,non_food
8901233031712.0,fuse,,,,,,other,no,,30.0,Non Biodegradable,non_food,fuse,non_food
8906028799198.0,Krazy snacks sauce,,,,,,snack,no,,30.0,Non Biodegradable,snack,krazy snacks sauce,snack
8901483002395.0,Jalapeno Slices,,Glass Jar,"['en:palm-oil-free', 'en:vegan-status-unknown', 'en:vegetarian-status-unknown']",,,other,no,,60.0,Moderately Biodegradable,non_food,jalapeno slices,non_food
8901777441640.0,Rumali Roti,,,,,,other,no,,30.0,Non Biodegradable,non_food,rumali roti,non_food
8901725100025.0,B Natural Mixed fruit 1ltr tpk,,,"['en:palm-oil-free', 'en:vegan-status-unknown', 'en:vegetarian-status-unknown']",,,other,no,,40.0,Moderately Biodegradable,non_food,b natural mixed fruit 1ltr tpk,non_food
8934684027119.0,Fried noodles pork flavor,,,,,,other,no,,30.0,Non Biodegradable,non_food,fried noodles pork flavor,non_food
8902167000300.0,Amchur powder,,,"['en:palm-oil-content-unknown', 'en:vegan-status-unknown', 'en:vegetarian-status-unknown']",,,other,no,,40.0,Moderately Biodegradable,spices,amchur powder,other
8904063200648.0,Haldiram's Cocktail,,,"['en:palm-oil-content-unknown', 'en:vegan-status-unknown', 'en:vegetarian-status-unknown']",,,other,no,,40.0,Moderately Biodegradable,non_food,haldiram's cocktail,non_food
8904063200730.0,Chilli Chatak Lachha,,,"['en:may-contain-palm-oil', 'en:vegan-status-unknown', 'en:vegetarian-status-unknown']",,,other,no,,40.0,Moderately Biodegradable,non_food,chilli chatak lachha,non_food
8908005144366.0,Breakfast Protein Bar Apricot Fig,,Plastic,"['en:palm-oil-content-unknown', 'en:non-vegan', 'en:vegetarian-status-unknown']",,,other,no,,30.0,Non Biodegradable,confectionery,breakfast protein bar apricot fig,confectionery
8902167000102.0,MDH Kitchen King Blend of Spices,,Paper,"['en:palm-oil-content-unknown', 'en:vegan-status-unknown', 'en:vegetarian-status-unknown']",,,other,yes,,100.0,Highly Biodegradable,spices,mdh kitchen king blend of spices,spices
8936037799308.0,gg,,,"['en:palm-oil-content-unknown', 'en:vegan-status-unknown', 'en:vegetarian-status-unknown']",,,other,no,,40.0,Moderately Biodegradable,non_food,gg,non_food
8906034900168.0,CRUST & CRUMB WHIPPING CREAM POWDER,,,,,,cosmetic,no,,30.0,Non Biodegradable,spices,crust & crumb whipping cream powder,non_food
8935270808648.0,Basil seed,,,,,,other,no,,30.0,Non Biodegradable,non_food,basil seed,non_food
89949948.0,Bonbon donuts,,,,,,other,no,,30.0,Non Biodegradable,non_food,bonbon donuts,non_food
8901764061189.0,Coca Cola,,,"['en:palm-oil-content-unknown', 'en:vegan-status-unknown', 'en:vegetarian-status-unknown']",,,beverage,no,,40.0,Moderately Biodegradable,beverage,coca cola,beverage
8901042954714.0,MTR sambar powder,,,"['en:palm-oil-content-unknown', 'en:vegan-status-unknown', 'en:vegetarian-status-unknown']",,,other,no,,40.0,Moderately Biodegradable,confectionery,mtr sambar powder,confectionery
8901155107212.0,Khaman dhokla,,,"['en:palm-oil-free', 'en:vegan-status-unknown', 'en:vegetarian-status-unknown']",,,other,no,,40.0,Moderately Biodegradable,non_food,khaman dhokla,non_food
8992741905732.0,Mega Pizza,,,,,,other,no,,30.0,Non Biodegradable,non_food,mega pizza,non_food
8928707126170.0,Frutas tropicales,,,,,,other,no,,30.0,Non Biodegradable,non_food,frutas tropicales,non_food
8901030005046.0,Pears,,,,,,other,no,,30.0,Non Biodegradable,non_food,pears,non_food
8934563805159.0,Mi goreng,,,,,,other,no,,30.0,Non Biodegradable,non_food,mi goreng,non_food
8901764062704.0,Diet Coke Mobile Pack,,,"['en:palm-oil-free', 'en:vegan', 'en:vegetarian']",,,other,no,,40.0,Moderately Biodegradable,non_food,diet coke mobile pack,non_food
8901262150989.0,Amul Gold,,,"['en:palm-oil-free', 'en:non-vegan', 'en:vegetarian']",,,other,no,,40.0,Moderately Biodegradable,non_food,amul gold,non_food
8901648097983.0,Mother Dairy Ultimate Dahi,,,['en:vegetarian'],,,other,no,,35.0,Non Biodegradable,non_food,mother dairy ultimate dahi,non_food
8902710100150.0,White Oats,,,"['en:palm-oil-free', 'en:vegan', 'en:vegetarian']",,,other,no,,40.0,Moderately Biodegradable,cereal,white oats,cereal
8906020460683.0,Harvest Gold 100% Whole Wheat Bread,,,"['en:palm-oil', 'en:vegan-status-unknown', 'en:vegetarian-status-unknown']",,,other,no,,40.0,Moderately Biodegradable,grain,harvest gold 100% whole wheat bread,grain
8904124108098.0,Paneer,,,"['en:palm-oil-free', 'en:non-vegan', 'en:vegetarian']",,,dairy,no,,40.0,Moderately Biodegradable,dairy,paneer,dairy
8908000407008.0,Goat Cheese,,,"['en:palm-oil-content-unknown', 'en:non-vegan', 'en:vegetarian-status-unknown']",,,dairy,no,,40.0,Moderately Biodegradable,dairy,goat cheese,dairy
8904061030346.0,Black Seed Oil,,,,,,other,no,,30.0,Non Biodegradable,non_food,black seed oil,non_food
8938506537114.0,Dried banana,,"Plastic, Bag","['en:palm-oil-free', 'en:vegan', 'en:vegetarian']",,,other,no,,30.0,Non Biodegradable,non_food,dried banana,non_food
8934842000381.0,Nuoc mam chay,,,,,,other,no,,30.0,Non Biodegradable,non_food,nuoc mam chay,non_food
8901777759127.0,Vadilal Gourmet Nutty Belgian Dark chocolate Super Premium Ice Cream,,,"['en:palm-oil-free', 'en:non-vegan', 'en:non-vegetarian']",,,beverage,no,,40.0,Moderately Biodegradable,beverage,vadilal gourmet nutty belgian dark chocolate super premium ice cream,confectionery
8972717123551.0,Café Catunambu molido natural,,,,,,other,no,,30.0,Non Biodegradable,non_food,café catunambu molido natural,non_food
8901542001765.0,Glucon-D,,,,,,other,no,,30.0,Non Biodegradable,non_food,glucon-d,non_food
8996001350584.0,Calcheese Cheese,,,,,,dairy,no,,30.0,Non Biodegradable,dairy,calcheese cheese,dairy
8935001723707.0,Sugarfee gums,,,,,,other,no,,30.0,Non Biodegradable,non_food,sugarfee gums,non_food
8906005451088.0,KPL SHUDHI COCONUT OIL,,Bottle,"['en:palm-oil-free', 'en:vegan', 'en:vegetarian']",,,other,no,,50.0,Moderately Biodegradable,non_food,kpl shudhi coconut oil,non_food
8901786411009.0,Everest Kashmiri Lal / Red Mirch Powder,,,"['en:palm-oil-content-unknown', 'en:vegan-status-unknown', 'en:vegetarian-status-unknown']",,,other,no,,40.0,Moderately Biodegradable,spices,everest kashmiri lal / red mirch powder,other
8936007662977.0,Black Pepper Grinder - Tiêu Den Phú Quôc,,,,,,other,no,,30.0,Non Biodegradable,spices,black pepper grinder - tiêu den phú quôc,spice
8901542017667.0,Glucon d orange 125g,,,,,,other,no,,30.0,Non Biodegradable,non_food,glucon d orange 125g,non_food
8901719111006.0,krack Jack,,,,,,other,no,,30.0,Non Biodegradable,non_food,krack jack,non_food
8906008848106.0,Mon café,,,,,,other,no,,30.0,Non Biodegradable,non_food,mon café,non_food
8906089380304.0,Soklet,,Paper,"['en:palm-oil-free', 'en:non-vegan', 'en:vegetarian']",,,other,yes,,100.0,Highly Biodegradable,non_food,soklet,non_food
8901719110740.0,bhujiya,,Plastic,"['en:palm-oil-free', 'en:vegan-status-unknown', 'en:vegetarian']",,,other,no,,30.0,Non Biodegradable,non_food,bhujiya,non_food
8906089380328.0,45% toasted milk chocolate pistachio-safran,,,,,,dairy,no,,30.0,Non Biodegradable,beverage,45% toasted milk chocolate pistachio-safran,dairy
8992727002837.0,biore pore pack,,,,,,other,no,,30.0,Non Biodegradable,non_food,biore pore pack,non_food
8901044200284.0,mapro mixed fruit jam,,Plastic,"['en:palm-oil-content-unknown', 'en:vegan-status-unknown', 'en:vegetarian-status-unknown']",,,other,no,,30.0,Non Biodegradable,non_food,mapro mixed fruit jam,non_food
8901792003342.0,Suryaa Curry Powder Roasted Hot (900G),,,,,,other,no,,30.0,Non Biodegradable,spices,suryaa curry powder roasted hot (900g),other
8901063092334.0,BRITANNIA,,,,,,other,no,,30.0,Non Biodegradable,non_food,britannia,non_food
8934684026792.0,Instant Nudeln Schweinegeschmack,,,,,,other,no,,30.0,Non Biodegradable,non_food,instant nudeln schweinegeschmack,non_food
8901262071277.0,Amul,,,"['en:palm-oil-free', 'en:non-vegan', 'en:vegetarian-status-unknown']",,,other,no,,40.0,Moderately Biodegradable,non_food,amul,non_food
8906057884285.0,krazy 700f,,,,,,other,no,,30.0,Non Biodegradable,non_food,krazy 700f,non_food
8906057881055.0,chères Mango. 800f,,,,,,other,no,,30.0,Non Biodegradable,non_food,chères mango. 800f,non_food
8906021927697.0,Pure Honey Ani3ma,,Verre,"['en:palm-oil-content-unknown', 'en:vegan-status-unknown', 'en:vegetarian-status-unknown']",,,other,no,,50.0,Moderately Biodegradable,non_food,pure honey ani3ma,non_food
8901888005922.0,real guava juice,,,"['en:palm-oil-free', 'en:vegan', 'en:vegetarian']",,,beverage,no,,40.0,Moderately Biodegradable,beverage,real guava juice,beverage
8935001230014.0,Nuoc chanh dây,,,,,,other,no,,30.0,Non Biodegradable,non_food,nuoc chanh dây,non_food
89453643.0,Granola aux fruits,,,,,,other,no,,30.0,Non Biodegradable,non_food,granola aux fruits,non_food
8934663900372.0,Instant Reisnudelsuppe mit Hähnchenfleischgeschmack,,"Metall, Kunststoff, Wiederverwertbare Metalle, Aluminium","['en:palm-oil-content-unknown', 'en:vegan-status-unknown', 'en:vegetarian-status-unknown']",,,other,no,,60.0,Moderately Biodegradable,non_food,instant reisnudelsuppe mit hähnchenfleischgeschmack,non_food
8906059639494.0,epigamia spreads,,Plastic,"['en:may-contain-palm-oil', 'en:non-vegan', 'en:vegetarian-status-unknown']",,,other,no,,30.0,Non Biodegradable,non_food,epigamia spreads,non_food
8901414010451.0,Bikano Aloobhujia,,,"['en:palm-oil-content-unknown', 'en:non-vegan', 'en:vegetarian']",,,other,no,,40.0,Moderately Biodegradable,non_food,bikano aloobhujia,non_food
8991002101630.0,ABC kopi susu,,,"['en:palm-oil-content-unknown', 'en:vegan-status-unknown', 'en:vegetarian-status-unknown']",,,other,no,,40.0,Moderately Biodegradable,non_food,abc kopi susu,non_food
8901571001996.0,Horlicks,,,,,,other,no,,30.0,Non Biodegradable,non_food,horlicks,non_food
8901030519017.0,Bru Instant Coffee,,,"['en:palm-oil-free', 'en:vegan', 'en:vegetarian']",,,beverage,no,,40.0,Moderately Biodegradable,beverage,bru instant coffee,beverage
8901088000345.0,Coconut oil,,,"['en:palm-oil-free', 'en:vegan', 'en:vegetarian']",,,other,no,,40.0,Moderately Biodegradable,non_food,coconut oil,non_food
8936146201396.0,Coconut water,,,"['en:palm-oil-content-unknown', 'en:vegan-status-unknown', 'en:vegetarian-status-unknown']",,,other,no,,40.0,Moderately Biodegradable,non_food,coconut water,non_food
8901888040350.0,Real fruit power mixed fruit 1ktr tpk,,,,,,other,no,,30.0,Non Biodegradable,non_food,real fruit power mixed fruit 1ktr tpk,non_food
8936044400051.0,Rice paper triagle,,,,,,other,no,,30.0,Non Biodegradable,grain,rice paper triagle,grain
8964002528073.0,Sooper,,,,,,other,no,,30.0,Non Biodegradable,non_food,sooper,non_food
8901063017252.0,50-50,,Plastic,"['en:palm-oil-content-unknown', 'en:non-vegan', 'en:vegetarian-status-unknown']",,,other,no,,30.0,Non Biodegradable,non_food,50-50,non_food
8935001705420.0,Chewing gum,,,,,,other,no,,30.0,Non Biodegradable,non_food,chewing gum,non_food
8901058869002.0,Munch,,Plastic,,,,other,no,,20.0,Non Biodegradable,non_food,munch,non_food
8906002131198.0,UDHAIYAM Pois D'angle Decortique Casse,,,,,,other,no,,30.0,Non Biodegradable,non_food,udhaiyam pois d'angle decortique casse,non_food
8996001304013.0,Slai O'lai,,,,,,other,no,,30.0,Non Biodegradable,non_food,slai o'lai,non_food
8934804025766.0,Milo,,,"['en:may-contain-palm-oil', 'en:non-vegan', 'en:vegetarian-status-unknown']",,,other,no,,40.0,Moderately Biodegradable,non_food,milo,non_food
8906002661374.0,Huile de coco,,,,,,other,no,,30.0,Non Biodegradable,non_food,huile de coco,non_food
8932020555050.0,Marlin cube,,,,,,other,no,,30.0,Non Biodegradable,non_food,marlin cube,non_food
8960109114027.0,Cacao negro soluble,,,,,,other,no,,30.0,Non Biodegradable,confectionery,cacao negro soluble,confectionery
8993366101417.0,Sidola Kayu Putih,,,,,,other,no,,30.0,Non Biodegradable,non_food,sidola kayu putih,non_food
8901063023949.0,Marie GOLD,,,"['en:palm-oil-free', 'en:vegan', 'en:vegetarian']",,,other,no,,40.0,Moderately Biodegradable,non_food,marie gold,non_food
8992628508155.0,Baking butter,,,"['en:may-contain-palm-oil', 'en:vegan-status-unknown', 'en:vegetarian-status-unknown']",,,dairy,no,,40.0,Moderately Biodegradable,dairy,baking butter,dairy
8904086403026.0,candisten,,Plastique,,,,other,no,,40.0,Moderately Biodegradable,non_food,candisten,non_food
8901491702188.0,Oats,,,,,,other,no,,30.0,Non Biodegradable,cereal,oats,cereal
8901088093668.0,Productos alimentarios,,,,,,other,no,,30.0,Non Biodegradable,non_food,productos alimentarios,non_food
8935001724063.0,Mentos,,,,,,other,no,,30.0,Non Biodegradable,non_food,mentos,non_food
8901552001434.0,Madras curry paste,,,,,,other,no,,30.0,Non Biodegradable,non_food,madras curry paste,non_food
8936146200832.0,Glace durian,,,,,,other,no,,30.0,Non Biodegradable,non_food,glace durian,non_food
8901786030507.0,Everest Pani Puri Masala,,,"['en:palm-oil-free', 'en:vegan-status-unknown', 'en:vegetarian']",,,other,no,,40.0,Moderately Biodegradable,spices,everest pani puri masala,spices
8901888000682.0,Chyawanprash,,,,,,other,no,,30.0,Non Biodegradable,non_food,chyawanprash,non_food
8904063256249.0,Paneer (Cottage cheese),,,"['en:palm-oil-free', 'en:non-vegan', 'en:vegetarian']",,,dairy,no,,40.0,Moderately Biodegradable,dairy,paneer (cottage cheese),dairy
8901747001096.0,Wagh Bakri Tea Leaf,,,,,,beverage,no,,30.0,Non Biodegradable,beverage,wagh bakri tea leaf,beverage
8901499008169.0,Chocos,,,,,,other,no,,30.0,Non Biodegradable,non_food,chocos,non_food
8906011145049.0,B protein,,Plastic,"['en:palm-oil-content-unknown', 'en:non-vegan', 'en:vegetarian-status-unknown']",,,other,no,,30.0,Non Biodegradable,non_food,b protein,non_food
8904063209740.0,Vegetable pulao,,,"['en:vegan', 'en:vegetarian']",,,other,no,,40.0,Moderately Biodegradable,non_food,vegetable pulao,non_food
8938507849032.0,Coco,,,,,,other,no,,30.0,Non Biodegradable,non_food,coco,non_food
8908003254098.0,malpani's bake-lite khari,,,"['en:palm-oil-content-unknown', 'en:vegan-status-unknown', 'en:vegetarian-status-unknown']",,,other,no,,40.0,Moderately Biodegradable,non_food,malpani's bake-lite khari,non_food
8901725150112.0,Whole wheat flour,,,,,,other,no,,30.0,Non Biodegradable,grain,whole wheat flour,grain
8901764011023.0,200ml Coca-Cola Original Taste,,,,,,beverage,no,,30.0,Non Biodegradable,beverage,200ml coca-cola original taste,beverage
8936017366933.0,Chin-su Chili sauce,,,,,,other,no,,30.0,Non Biodegradable,condiment,chin-su chili sauce,sauce_condiment
8905035001935.0,Malabar Black Pepper,,,,,,other,no,,30.0,Non Biodegradable,confectionery,malabar black pepper,confectionery
8905035001881.0,GITAGGED Byadgi Chili,,,['en:vegetarian'],,,other,no,,35.0,Non Biodegradable,non_food,gitagged byadgi chili,non_food
8905035001898.0,GITAGGED Waigaon Turmeric,,,['en:vegetarian'],,,other,no,,35.0,Non Biodegradable,non_food,gitagged waigaon turmeric,non_food
8905035001904.0,GITAGGED Guntur Chili,,,,,,other,no,,30.0,Non Biodegradable,non_food,gitagged guntur chili,non_food
8964002216000.0,Riz Basmati,,,,,,other,no,,30.0,Non Biodegradable,non_food,riz basmati,non_food
8996001350881.0,ซุปเปอร์สตาร์ ทวิน,,,"['en:palm-oil-content-unknown', 'en:vegan-status-unknown', 'en:vegetarian-status-unknown']",,,other,no,,40.0,Moderately Biodegradable,non_food,ซุปเปอร์สตาร์ ทวิน,non_food
8906001385783.0,Glucose,,24,['en:vegetarian'],,,other,no,,45.0,Moderately Biodegradable,non_food,glucose,non_food
8934775011041.0,VEGETARIAN CHILLI SAUCE,,,"['en:palm-oil-content-unknown', 'en:vegan-status-unknown', 'en:vegetarian-status-unknown']",,,other,no,,40.0,Moderately Biodegradable,condiment,vegetarian chilli sauce,sauce_condiment
8997214310044.0,Matchamu Hojicha Latte,,,,,,other,no,,30.0,Non Biodegradable,non_food,matchamu hojicha latte,non_food
8901152011932.0,Pois verts Indien,,,,,,other,no,,30.0,Non Biodegradable,non_food,pois verts indien,non_food
8901207032127.0,Real fruit pomegranate 180ml tpk,,Plastic,,,,other,no,,20.0,Non Biodegradable,non_food,real fruit pomegranate 180ml tpk,non_food
8934746053315.0,Beignets de crevettes 4 saisons,,,,,,other,no,,30.0,Non Biodegradable,non_food,beignets de crevettes 4 saisons,non_food
8906048501436.0,protinex,,,,,,other,no,,30.0,Non Biodegradable,non_food,protinex,non_food
8992741906401.0,Yummy donuts,,,,,,other,no,,30.0,Non Biodegradable,non_food,yummy donuts,non_food
8993175540384.0,Nabati Cheese Wafer,,,,,,dairy,no,,30.0,Non Biodegradable,dairy,nabati cheese wafer,dairy
8936046152965.0,Sauce au gingembre,,,,,,other,no,,30.0,Non Biodegradable,condiment,sauce au gingembre,sauce_condiment
8936144480335.0,Matcha & Marshmallow Chocolate Pie,,,"['en:palm-oil-content-unknown', 'en:non-vegan', 'en:non-vegetarian']",,,beverage,no,,40.0,Moderately Biodegradable,beverage,matcha & marshmallow chocolate pie,confectionery
8938507039242.0,ช็อกโกแลต พาย,,en:Box,,,,other,no,,40.0,Moderately Biodegradable,non_food,ช็อกโกแลต พาย,non_food
8901047040023.0,Basmati Rice,,,,,,other,no,,30.0,Non Biodegradable,grain,basmati rice,grain
8934585012443.0,Sesame prawn toast,,,"['en:may-contain-palm-oil', 'en:non-vegan', 'en:non-vegetarian']",,,other,no,,40.0,Moderately Biodegradable,non_food,sesame prawn toast,non_food
8902850000020.0,coconut cream,,,"['en:palm-oil-content-unknown', 'en:vegan-status-unknown', 'en:vegetarian-status-unknown']",,,cosmetic,no,,40.0,Moderately Biodegradable,cosmetic,coconut cream,non_food
8906021123129.0,Aachi Turmeric Powder,,,,,,other,no,,30.0,Non Biodegradable,spices,aachi turmeric powder,spice
8964000733653.0,Costus root powder,,,,,,other,no,,30.0,Non Biodegradable,spices,costus root powder,other
8992741942188.0,Gummy fast food mix,,,,,,other,no,,30.0,Non Biodegradable,other_food,gummy fast food mix,confectionery
8901144601004.0,Brown basmati rice,,Plastique,"['en:palm-oil-content-unknown', 'en:vegan-status-unknown', 'en:vegetarian-status-unknown']",,,other,no,,50.0,Moderately Biodegradable,grain,brown basmati rice,grain
89000670.0,Tamato katch up,,,,,,other,no,,30.0,Non Biodegradable,non_food,tamato katch up,non_food
8936046155980.0,Nouille Instantanées,,,,,,other,no,,30.0,Non Biodegradable,non_food,nouille instantanées,non_food
8904083517221.0,Moong Dal,,,,,,other,no,,30.0,Non Biodegradable,grain,moong dal,grain
8941189406455.0,Biscuits,,,,,,snack,no,,30.0,Non Biodegradable,snack,biscuits,confectionery
8961111668676.0,creamer,,,"['en:may-contain-palm-oil', 'en:vegan-status-unknown', 'en:vegetarian-status-unknown']",,,cosmetic,no,,40.0,Moderately Biodegradable,cosmetic,creamer,non_food
8961014018134.0,m,,,"['en:palm-oil', 'en:vegan-status-unknown', 'en:vegetarian-status-unknown']",,,other,no,,40.0,Moderately Biodegradable,non_food,m,non_food
8904063204349.0,Haldiram's Aloo Bhujia,,,,,,other,no,,30.0,Non Biodegradable,non_food,haldiram's aloo bhujia,non_food
8906112840058.0,Peanut Butter,,,,,,dairy,no,,30.0,Non Biodegradable,dairy,peanut butter,dairy
8997225280060.0,Fytomaxx,,,,,,other,no,,30.0,Non Biodegradable,non_food,fytomaxx,non_food
8961003040115.0,Prince,,,,,,other,no,,30.0,Non Biodegradable,non_food,prince,non_food
8906069402668.0,Veeba,,,"['en:vegan', 'en:vegetarian']",,,other,no,,40.0,Moderately Biodegradable,non_food,veeba,non_food
8964001506959.0,GRAINE DE CHIA,,,,,,other,no,,30.0,Non Biodegradable,non_food,graine de chia,non_food
8906002081226.0,Lemon rice powder,,,['en:vegetarian'],,,other,no,,35.0,Non Biodegradable,grain,lemon rice powder,grain
8901595863280.0,Schezwan Chutney,,,"['en:palm-oil-free', 'en:vegan-status-unknown', 'en:vegetarian']",,,other,no,,40.0,Moderately Biodegradable,condiment,schezwan chutney,sauce_condiment
8906001050032.0,Andhra Avakaya Pickle,,,,,,other,no,,30.0,Non Biodegradable,non_food,andhra avakaya pickle,non_food
8906071510016.0,glucose D,,Plastic,,,,other,no,,20.0,Non Biodegradable,non_food,glucose d,non_food
8941152012393.0,Mango fruit drink,,,,,,beverage,no,,30.0,Non Biodegradable,beverage,mango fruit drink,beverage
8901200100045.0,parachute coco oil,,en:Plastic,"['en:palm-oil-content-unknown', 'en:vegan-status-unknown', 'en:vegetarian-status-unknown']",,,other,no,,30.0,Non Biodegradable,non_food,parachute coco oil,non_food
8901248121071.0,Navratna cool talc,,,,,,other,no,,30.0,Non Biodegradable,non_food,navratna cool talc,non_food
8901063161429.0,BRITANNIA CHOCOLUSH Pure,,,,,,other,no,,30.0,Non Biodegradable,non_food,britannia chocolush pure,non_food
8934684029373.0,A one Mi Ly Instantnudeln Curry,,,,,,other,no,,30.0,Non Biodegradable,non_food,a one mi ly instantnudeln curry,non_food
8908004399002.0,Safran,,,,,,other,no,,30.0,Non Biodegradable,non_food,safran,non_food
8901764032912.0,Sprite,,"India,Transparent","['en:palm-oil-content-unknown', 'en:vegan-status-unknown', 'en:vegetarian-status-unknown']",,,other,no,,50.0,Moderately Biodegradable,non_food,sprite,non_food
8901725196462.0,Curry aux haricots rouges,,,,,,other,no,,30.0,Non Biodegradable,non_food,curry aux haricots rouges,non_food
8994116101176.0,Orange,,,,,,other,no,,30.0,Non Biodegradable,non_food,orange,non_food
8941152013406.0,Mila litchi,,,,,,other,no,,30.0,Non Biodegradable,non_food,mila litchi,non_food
8901030671975.0,Knorr sweet corn veg soup,,,"['en:may-contain-palm-oil', 'en:vegan-status-unknown', 'en:vegetarian-status-unknown']",,,other,no,,40.0,Moderately Biodegradable,confectionery,knorr sweet corn veg soup,confectionery
8906021120272.0,Aachi Biryani Masala,,,"['en:palm-oil-free', 'en:vegan-status-unknown', 'en:vegetarian']",,,other,no,,40.0,Moderately Biodegradable,spices,aachi biryani masala,spices
8992741906043.0,Méga pizza,,,,,,other,no,,30.0,Non Biodegradable,non_food,méga pizza,non_food
8998866202343.0,Mie Sedaap Goreng Korean Spicy Chicken,,Plastic,"['en:palm-oil-content-unknown', 'en:vegan-status-unknown', 'en:vegetarian-status-unknown']",,,other,no,,30.0,Non Biodegradable,non_food,mie sedaap goreng korean spicy chicken,non_food
8901207001635.0,Chyawanprakash Sugar free,,Plastic,"['en:may-contain-palm-oil', 'en:vegan-status-unknown', 'en:vegetarian-status-unknown']",,,other,no,,30.0,Non Biodegradable,non_food,chyawanprakash sugar free,non_food
8998866803809.0,Mi sedaap. Mi segara. Jelas terasa sedapnya. Mi goreng ayam krispi,,fr:aluminium sachet,"['en:may-contain-palm-oil', 'en:vegan-status-unknown', 'en:vegetarian-status-unknown']",,,other,no,,60.0,Moderately Biodegradable,non_food,mi sedaap. mi segara. jelas terasa sedapnya. mi goreng ayam krispi,non_food
8998866801812.0,Mi sedaap. Mi segara. Jelas terasa sedapnya. Perisa kari,,fr:aluminium sachet,"['en:may-contain-palm-oil', 'en:vegan-status-unknown', 'en:vegetarian-status-unknown']",,,other,no,,60.0,Moderately Biodegradable,non_food,mi sedaap. mi segara. jelas terasa sedapnya. perisa kari,non_food
8938532522009.0,Sage Mask,,,,,,other,no,,30.0,Non Biodegradable,non_food,sage mask,non_food
8935058920302.0,to be deleted,,,,,,other,no,,30.0,Non Biodegradable,non_food,to be deleted,non_food
8996001370131.0,choki choki,,Plastic,,,,other,no,,20.0,Non Biodegradable,non_food,choki choki,non_food
8995899980095.0,Wonton noodles,,,"['en:palm-oil-free', 'en:vegan', 'en:vegetarian']",,,other,no,,40.0,Moderately Biodegradable,non_food,wonton noodles,non_food
8935270800253.0,Coconut,,,,,,other,no,,30.0,Non Biodegradable,non_food,coconut,non_food
8997004830271.0,chef mate,,Plastic,,,,other,no,,20.0,Non Biodegradable,non_food,chef mate,non_food
8901058866698.0,Masala veg atta noodles,,,,,,other,no,,30.0,Non Biodegradable,grain,masala veg atta noodles,spices
8907592001779.0,Arroz telangana sona,,,,,,other,no,,30.0,Non Biodegradable,non_food,arroz telangana sona,non_food
8993175547536.0,Nabati,,,,,,other,no,,30.0,Non Biodegradable,non_food,nabati,non_food
8901262178068.0,Choco Almond N' Kesar Badam Double Sundae,,Plastic,"['en:may-contain-palm-oil', 'en:non-vegan', 'en:vegetarian-status-unknown']",,,other,no,,30.0,Non Biodegradable,non_food,choco almond n' kesar badam double sundae,non_food
8904073705027.0,Kings Roasted Curry Powder,,,,,,other,no,,30.0,Non Biodegradable,spices,kings roasted curry powder,other
8906068350076.0,Achar pachanga,,,,,,other,no,,30.0,Non Biodegradable,non_food,achar pachanga,non_food
8901725181260.0,Yippee,,,"['en:palm-oil-free', 'en:maybe-vegan', 'en:maybe-vegetarian']",,,other,no,,40.0,Moderately Biodegradable,non_food,yippee,non_food
8901207014642.0,Tomato Puree,,Recyclable paper,"['en:palm-oil-free', 'en:vegan', 'en:vegetarian']",,,other,yes,,100.0,Highly Biodegradable,non_food,tomato puree,non_food
8964000390658.0,Rose oil,,,,,,other,no,,30.0,Non Biodegradable,non_food,rose oil,non_food
8901030733994.0,Bru Instant,,,"['en:palm-oil-content-unknown', 'en:vegan-status-unknown', 'en:vegetarian']",,,other,no,,40.0,Moderately Biodegradable,non_food,bru instant,non_food
8934804021317.0,Maggi,,,"['en:may-contain-palm-oil', 'en:vegan-status-unknown', 'en:vegetarian-status-unknown']",,,other,no,,40.0,Moderately Biodegradable,non_food,maggi,non_food
8901725123123.0,iodized salt,,,"['en:palm-oil-free', 'en:vegan', 'en:vegetarian']",,,other,no,,40.0,Moderately Biodegradable,spices,iodized salt,other
8936017368111.0,Omachi,,,"['en:may-contain-palm-oil', 'en:non-vegan', 'en:vegetarian-status-unknown']",,,other,no,,40.0,Moderately Biodegradable,non_food,omachi,non_food
8935001706908.0,chupa chups,,Plastic,"['en:palm-oil-content-unknown', 'en:non-vegan', 'en:vegetarian-status-unknown']",,,other,no,,30.0,Non Biodegradable,non_food,chupa chups,non_food
8992741904070.0,Big Doggie,,,,,,other,no,,30.0,Non Biodegradable,non_food,big doggie,non_food
89085578.0,Calamar patagónico,,,,,,other,no,,30.0,Non Biodegradable,non_food,calamar patagónico,non_food
8903662010047.0,LEGACY Traditional Basmati Rice,,,,,,other,no,,30.0,Non Biodegradable,grain,legacy traditional basmati rice,grain
8998009080500.0,Kraft Cheddar 160g,,"en:Box, en:Container","['en:palm-oil-content-unknown', 'en:vegan-status-unknown', 'en:vegetarian-status-unknown']",,,other,no,,50.0,Moderately Biodegradable,non_food,kraft cheddar 160g,non_food
8904004414493.0,Gol Kachauri,,,,,,other,no,,30.0,Non Biodegradable,non_food,gol kachauri,non_food
8901972059725.0,Saltine Salted Tops Crackers,,,"['en:palm-oil-content-unknown', 'en:vegan-status-unknown', 'en:vegetarian-status-unknown']",,,other,no,,40.0,Moderately Biodegradable,snack,saltine salted tops crackers,snack
8936121110750.0,Sour Soup,,,,,,other,no,,30.0,Non Biodegradable,non_food,sour soup,non_food
8906031882016.0,Rajam Badam drink mix,,,"['en:palm-oil-content-unknown', 'en:vegan-status-unknown', 'en:vegetarian-status-unknown']",,,beverage,no,,40.0,Moderately Biodegradable,beverage,rajam badam drink mix,beverage
8901030757501.0,Knorr,,Plastic,"['en:may-contain-palm-oil', 'en:vegan-status-unknown', 'en:vegetarian-status-unknown']",,,other,no,,30.0,Non Biodegradable,non_food,knorr,non_food
8906050850300.0,Banana wafer,,Plastic pack,"['en:palm-oil', 'en:vegan', 'en:vegetarian']",,,other,no,,30.0,Non Biodegradable,non_food,banana wafer,non_food
8936046158660.0,Vermicelles de riz,,,,,,other,no,,30.0,Non Biodegradable,non_food,vermicelles de riz,non_food
8936146200283.0,Green Coconut,,,,,,other,no,,30.0,Non Biodegradable,non_food,green coconut,non_food
8901262180016.0,Malai Paneer,,Plastic,"['en:palm-oil-free', 'en:non-vegan', 'en:maybe-vegetarian']",,,dairy,no,,30.0,Non Biodegradable,dairy,malai paneer,dairy
8992741941013.0,Yupi Burger Bag,,,,,,other,no,,30.0,Non Biodegradable,non_food,yupi burger bag,non_food
8906009504131.0,Ghee,,,,,,other,no,,30.0,Non Biodegradable,dairy,ghee,dairy
8935005305145.0,Confiserie au sesame et a l'arachide,,,,,,other,no,,30.0,Non Biodegradable,non_food,confiserie au sesame et a l'arachide,non_food
8961008210537.0,Nestle Cerelac 6 month large,,,,,,other,no,,30.0,Non Biodegradable,non_food,nestle cerelac 6 month large,non_food
8901262220552.0,Chocolate Cookies,,,"['en:palm-oil-content-unknown', 'en:non-vegan', 'en:vegetarian-status-unknown']",,,snack,no,,40.0,Moderately Biodegradable,beverage,chocolate cookies,confectionery
8961003030215.0,Salted biscuits,,Pakistan,,,,snack,no,,40.0,Moderately Biodegradable,snack,salted biscuits,confectionery
8907931000401.0,Garden Veggie Straws Sea salt,,,['en:vegetarian'],,,other,no,,35.0,Non Biodegradable,spices,garden veggie straws sea salt,other
8987000140481.0,Yogurt de oveja,,,,,,dairy,no,,30.0,Non Biodegradable,dairy,yogurt de oveja,dairy
8908003113791.0,Pesnut Butter,,,,,,dairy,no,,30.0,Non Biodegradable,dairy,pesnut butter,dairy
8904150502808.0,Oat et chocolat biscuit,,,,,,snack,no,,30.0,Non Biodegradable,beverage,oat et chocolat biscuit,confectionery
8902335010100.0,Cream Rich,,"Plastique, Papier","['en:palm-oil-content-unknown', 'en:vegan-status-unknown', 'en:vegetarian-status-unknown']",,,cosmetic,no,,50.0,Moderately Biodegradable,cosmetic,cream rich,non_food
8902335010117.0,Cream Rich Orange,,"Plastique, Papier","['en:palm-oil-content-unknown', 'en:vegan-status-unknown', 'en:vegetarian-status-unknown']",,,cosmetic,no,,50.0,Moderately Biodegradable,cosmetic,cream rich orange,non_food
8908011038048.0,Drupe mango drink,,,,,,beverage,no,,30.0,Non Biodegradable,beverage,drupe mango drink,beverage
8901725196493.0,Dahl Bukhara,,,,,,other,no,,30.0,Non Biodegradable,non_food,dahl bukhara,non_food
8901063139213.0,Brit bourbon 150g (sys),,,"['en:palm-oil-content-unknown', 'en:vegan-status-unknown', 'en:vegetarian-status-unknown']",,,other,no,,40.0,Moderately Biodegradable,non_food,brit bourbon 150g (sys),non_food
8901063093409.0,good day cashew cookies,,Plastic,"['en:palm-oil', 'en:non-vegan', 'en:vegetarian-status-unknown']",,,snack,no,,30.0,Non Biodegradable,snack,good day cashew cookies,confectionery
8964000685761.0,Nan Khatai,,,,,,other,no,,30.0,Non Biodegradable,non_food,nan khatai,non_food
8903754313018.0,Tata,,,,,,other,no,,30.0,Non Biodegradable,non_food,tata,non_food
8992745326229.0,Stella Home,,,,,,other,no,,30.0,Non Biodegradable,non_food,stella home,non_food
8908005382003.0,Oil,,,"['en:palm-oil-content-unknown', 'en:vegan-status-unknown', 'en:vegetarian-status-unknown']",,,other,no,,40.0,Moderately Biodegradable,non_food,oil,non_food
8993175538541.0,Nextar nanas,,,,,,other,no,,30.0,Non Biodegradable,non_food,nextar nanas,non_food
8964000061107.0,young's Mayonnaise,,,,,,other,no,,30.0,Non Biodegradable,condiment,young's mayonnaise,other
8934680033473.0,โอรีโอ สตรอเบอร์รี่ เวเฟอร์โรล,,en:Box,,,,other,no,,40.0,Moderately Biodegradable,non_food,โอรีโอ สตรอเบอร์รี่ เวเฟอร์โรล,non_food
8901719100369.0,Parle Bis Hide &seek,,,"['en:may-contain-palm-oil', 'en:vegan-status-unknown', 'en:vegetarian']",,,other,no,,40.0,Moderately Biodegradable,non_food,parle bis hide &seek,non_food
8901262152167.0,Amul masti spiced butter milk,,,,,,dairy,no,,30.0,Non Biodegradable,dairy,amul masti spiced butter milk,dairy
8961003011733.0,Coconut cookies,,,,,,snack,no,,30.0,Non Biodegradable,snack,coconut cookies,confectionery
8904004442007.0,Punjabi Choley,,,"['en:palm-oil-free', 'en:non-vegan', 'en:vegetarian']",,,other,no,,40.0,Moderately Biodegradable,non_food,punjabi choley,non_food
8908007370190.0,Milk,,,,,,dairy,no,,30.0,Non Biodegradable,dairy,milk,dairy
8901063092280.0,Good Day butter cookies,,Plastic,"['en:palm-oil', 'en:non-vegan', 'en:vegetarian-status-unknown']",,,dairy,no,,30.0,Non Biodegradable,snack,good day butter cookies,dairy
8904063281203.0,Minute Khana Lachcha Paratha,,,,,,other,no,,30.0,Non Biodegradable,non_food,minute khana lachcha paratha,non_food
8992628680158.0,beurre évita,,Plastique,,,,other,no,,40.0,Moderately Biodegradable,non_food,beurre évita,non_food
8934561273219.0,Dried Rice Pancake,,,,,,other,no,,30.0,Non Biodegradable,grain,dried rice pancake,grain
8904004401967.0,Corn flaxes mixture,,,,,,other,no,,30.0,Non Biodegradable,non_food,corn flaxes mixture,non_food
8.935490400001006e+23,Bizcocho azucar mofeno nuez,,,,,,other,no,,30.0,Non Biodegradable,non_food,bizcocho azucar mofeno nuez,non_food
8936183450528.0,Chips de crevettes à frire,,,,,,snack,no,,30.0,Non Biodegradable,snack,chips de crevettes à frire,snack
8906007831239.0,Sliced Jalapenos,,Glass har,"['en:palm-oil-free', 'en:vegan', 'en:vegetarian']",,,other,no,,60.0,Moderately Biodegradable,non_food,sliced jalapenos,non_food
8901595862962.0,Ching's Schezwan Chutney,,Glass,"['en:palm-oil-free', 'en:vegan-status-unknown', 'en:vegetarian-status-unknown']",,,other,no,,60.0,Moderately Biodegradable,condiment,ching's schezwan chutney,sauce_condiment
8906002004331.0,Funfoods Pasta and Pizza Sauce,,Plastic,"['en:palm-oil-free', 'en:vegan-status-unknown', 'en:vegetarian-status-unknown']",,,other,no,,30.0,Non Biodegradable,condiment,funfoods pasta and pizza sauce,sauce_condiment
8901700003020.0,Bredif,,,,,,other,no,,30.0,Non Biodegradable,non_food,bredif,non_food
8993545702541.0,Maxi cassava crackers,,,,,,other,no,,30.0,Non Biodegradable,snack,maxi cassava crackers,snack
8904063210968.0,Tandoori garlic nan,,,"['en:vegan', 'en:vegetarian']",,,other,no,,40.0,Moderately Biodegradable,non_food,tandoori garlic nan,non_food
8901088172301.0,Loading…,,,,,,other,no,,30.0,Non Biodegradable,non_food,loading…,non_food
8901571001064.0,Eno,,,,,,other,no,,30.0,Non Biodegradable,non_food,eno,non_food
8908012289135.0,Nutramore,,,,,,other,no,,30.0,Non Biodegradable,non_food,nutramore,non_food
8906005340184.0,banana chips,,Plastic,,,,snack,no,,20.0,Non Biodegradable,snack,banana chips,snack
8906074530011.0,blam,,,,,,other,no,,30.0,Non Biodegradable,non_food,blam,non_food
8904089911177.0,Heritage Butter,,,"['en:palm-oil-free', 'en:non-vegan', 'en:vegetarian']",,,dairy,no,,40.0,Moderately Biodegradable,dairy,heritage butter,dairy
8936147330194.0,Sauce pour nems,,,,,,other,no,,30.0,Non Biodegradable,condiment,sauce pour nems,sauce_condiment
8934563619138.0,Loading...,,,,,,other,no,,30.0,Non Biodegradable,non_food,loading...,non_food
8961003010217.0,Lu Tuc Cookies 84 GM,,,,,,snack,no,,30.0,Non Biodegradable,snack,lu tuc cookies 84 gm,confectionery
8941189600112.0,Clemon,,,,,,other,no,,30.0,Non Biodegradable,non_food,clemon,non_food
8994963002251.0,Nouilles au curry,,,,,,other,no,,30.0,Non Biodegradable,non_food,nouilles au curry,non_food
8961100500383.0,جاري التحميل…olive oil,,,,,,other,no,,30.0,Non Biodegradable,non_food,جاري التحميل…olive oil,non_food
8904109405501.0,Elaichi Soan papdi,,,,,,other,no,,30.0,Non Biodegradable,non_food,elaichi soan papdi,non_food
8992718853752.0,gekikara ramen extra pedas,,,,,,other,no,,30.0,Non Biodegradable,non_food,gekikara ramen extra pedas,non_food
8984002008634.0,Brotes de soja Coquet,,,,,,other,no,,30.0,Non Biodegradable,non_food,brotes de soja coquet,non_food
8908002544107.0,Beer,,,"['en:palm-oil-content-unknown', 'en:vegan-status-unknown', 'en:vegetarian-status-unknown']",,,other,no,,40.0,Moderately Biodegradable,non_food,beer,non_food
8906008990010.0,Essence vanille,,,,,,other,no,,30.0,Non Biodegradable,non_food,essence vanille,non_food
8901808004943.0,Hot peri peri sauce,,,,,,other,no,,30.0,Non Biodegradable,condiment,hot peri peri sauce,sauce_condiment
8906043521255.0,Sainda namak,,,"['en:palm-oil-content-unknown', 'en:vegan-status-unknown', 'en:vegetarian-status-unknown']",,,other,no,,40.0,Moderately Biodegradable,non_food,sainda namak,non_food
8938510335362.0,Matsha and marshmallow chocolate pie,,,,,,beverage,no,,30.0,Non Biodegradable,beverage,matsha and marshmallow chocolate pie,confectionery
8964001071020.0,Cocomo,,,"['en:palm-oil-content-unknown', 'en:vegan-status-unknown', 'en:vegetarian-status-unknown']",,,other,no,,40.0,Moderately Biodegradable,non_food,cocomo,non_food
8901233013091.0,Cadbury Oreo Small Pack,,Plastic,,,,other,no,,20.0,Non Biodegradable,non_food,cadbury oreo small pack,non_food
8935149551002.0,Ngu hat,,,,,,other,no,,30.0,Non Biodegradable,non_food,ngu hat,non_food
8908000296039.0,Chaal bhaja,,,,,,other,no,,30.0,Non Biodegradable,non_food,chaal bhaja,non_food
8936147650483.0,Yomee,,,,,,other,no,,30.0,Non Biodegradable,non_food,yomee,non_food
8992761002008.0,Fanta rasa coco pandan,,,,,,other,no,,30.0,Non Biodegradable,non_food,fanta rasa coco pandan,non_food
8935054882918.0,Bún bò huê’ (Rice noodle),,,,,,other,no,,30.0,Non Biodegradable,grain,bún bò huê’ (rice noodle),grain
8901047912757.0,Chana Cracker,,,,,,other,no,,30.0,Non Biodegradable,snack,chana cracker,snack
8901207028014.0,Alphonso Mango,,,,,,other,no,,30.0,Non Biodegradable,non_food,alphonso mango,non_food
8901207028571.0,Jamun Fruit Nectar Blend,,,,,,other,no,,30.0,Non Biodegradable,non_food,jamun fruit nectar blend,non_food
8998866202114.0,Mi Sedap Goreng 5x,,,"['en:palm-oil-content-unknown', 'en:vegan-status-unknown', 'en:vegetarian-status-unknown']",,,other,no,,40.0,Moderately Biodegradable,non_food,mi sedap goreng 5x,non_food
8998866202312.0,Mie Sedap Tasty Grng Aym,,,"['en:palm-oil-content-unknown', 'en:vegan-status-unknown', 'en:vegetarian-status-unknown']",,,other,no,,40.0,Moderately Biodegradable,non_food,mie sedap tasty grng aym,non_food
8906039951516.0,Tamilly,,,,,,other,no,,30.0,Non Biodegradable,non_food,tamilly,non_food
8936147330040.0,Broad noodle,,,,,,other,no,,30.0,Non Biodegradable,non_food,broad noodle,non_food
8904198805169.0,Euro Namkeen Kachori,,,,,,snack,no,,30.0,Non Biodegradable,snack,euro namkeen kachori,snack
8936630025484.0,Xlim express coffe,,,,,,other,no,,30.0,Non Biodegradable,non_food,xlim express coffe,non_food
8904063204578.0,Gluten Free Chapati,,,,,,other,no,,30.0,Non Biodegradable,non_food,gluten free chapati,non_food
8908001137102.0,DevBhumi Honey,,,"['en:palm-oil-free', 'en:non-vegan', 'en:vegetarian']",,,other,no,,40.0,Moderately Biodegradable,non_food,devbhumi honey,non_food
8934874114650.0,Sauce Poisson Phu Quoc Hung Thanh 25 &deg; 650ML Vietnam,,,,,,other,no,,30.0,Non Biodegradable,condiment,sauce poisson phu quoc hung thanh 25 &deg; 650ml vietnam,sauce_condiment
8901537071018.0,Daawat Biryani Basmati Rice 1kg,,,,,,other,no,,30.0,Non Biodegradable,grain,daawat biryani basmati rice 1kg,grain
8996001375235.0,โชกี้ ช๊อกโกแลด,,,,,,other,no,,30.0,Non Biodegradable,non_food,โชกี้ ช๊อกโกแลด,non_food
8935001721277.0,Alpenliebe,,,,,,other,no,,30.0,Non Biodegradable,non_food,alpenliebe,non_food
8964001305293.0,Moringa,,,,,,other,no,,30.0,Non Biodegradable,non_food,moringa,non_food
8992741941327.0,Yupi strawberry,,,"['en:palm-oil-content-unknown', 'en:vegan-status-unknown', 'en:vegetarian-status-unknown']",,,other,no,,40.0,Moderately Biodegradable,non_food,yupi strawberry,non_food
8960076601629.0,Crunchy canadien maple syrup,,,,,,other,no,,30.0,Non Biodegradable,beverage,crunchy canadien maple syrup,beverage_syrup
8994963002336.0,Special Chicken Instant Noodles,,,,,,other,no,,30.0,Non Biodegradable,non_food,special chicken instant noodles,non_food
8934803043815.0,Bánh Phồng Mực Indonêxia,,,,,,other,no,,30.0,Non Biodegradable,non_food,bánh phồng mực indonêxia,non_food
8906113470148.0,Anaikotti,,,,,,other,no,,30.0,Non Biodegradable,non_food,anaikotti,non_food
8997033001857.0,Native cashews turmeric and black pepper,,,"['en:vegan', 'en:vegetarian']",,,other,no,,40.0,Moderately Biodegradable,spices,native cashews turmeric and black pepper,spice
8903662010344.0,Elonga Extra Long Basmati Rice,,,,,,other,no,,30.0,Non Biodegradable,grain,elonga extra long basmati rice,grain
8902188874058.0,Biryani/Pulav Masala,,,,,,other,no,,30.0,Non Biodegradable,spices,biryani/pulav masala,spices
8994763091035.0,Gega,,,,,,other,no,,30.0,Non Biodegradable,non_food,gega,non_food
8992628604154.0,Amanda multi purpose margarine,,Plastic,,,,other,no,,20.0,Non Biodegradable,non_food,amanda multi purpose margarine,non_food
8904022906031.0,Bonn Bread Atta Whole Wheat Bread,,,,,,other,no,,30.0,Non Biodegradable,grain,bonn bread atta whole wheat bread,grain
8901491366229.0,Kurkure Solid Masti Masala Twisteez Crisps,,,"['en:palm-oil', 'en:non-vegan', 'en:vegetarian-status-unknown']",,,other,no,,40.0,Moderately Biodegradable,snack,kurkure solid masti masala twisteez crisps,snack
8999999035051.0,Oreo cookies & cream,,,"['en:may-contain-palm-oil', 'en:non-vegan', 'en:vegetarian-status-unknown']",,,snack,no,,40.0,Moderately Biodegradable,snack,oreo cookies & cream,confectionery
8901030743030.0,Kissan,,,,,,other,no,,30.0,Non Biodegradable,non_food,kissan,non_food
8991002103825.0,Good Day Chococinno,,,,,,other,no,,30.0,Non Biodegradable,non_food,good day chococinno,non_food
8904304759522.0,HARITAKI POWDER,,,"['en:palm-oil-content-unknown', 'en:vegan-status-unknown', 'en:vegetarian-status-unknown']",,,other,no,,40.0,Moderately Biodegradable,spices,haritaki powder,other
8998008000028.0,Galettes pour les nems,,,,,,other,no,,30.0,Non Biodegradable,non_food,galettes pour les nems,non_food
8934804035130.0,Dolce Gusto,,,,,,other,no,,30.0,Non Biodegradable,non_food,dolce gusto,non_food
8901047610561.0,Indian curry sauce,,,,,,other,no,,30.0,Non Biodegradable,condiment,indian curry sauce,sauce_condiment
8906042151651.0,Fresh atta,,,"['en:palm-oil-content-unknown', 'en:vegan-status-unknown', 'en:vegetarian-status-unknown']",,,other,no,,40.0,Moderately Biodegradable,grain,fresh atta,grain
8901138170714.0,Septilin 100 Tabs,,,"['en:palm-oil-content-unknown', 'en:vegan-status-unknown', 'en:vegetarian-status-unknown']",,,other,no,,40.0,Moderately Biodegradable,non_food,septilin 100 tabs,non_food
8901063325357.0,Toastea Rusk,,,,,,beverage,no,,30.0,Non Biodegradable,beverage,toastea rusk,beverage
8904063210623.0,Methi Paratha,,,,,,other,no,,30.0,Non Biodegradable,non_food,methi paratha,non_food
8906021122245.0,Aachi Mixed Veg.pickle,,,,,,other,no,,30.0,Non Biodegradable,non_food,aachi mixed veg.pickle,non_food
8901047039034.0,Basmati,,"Plastic, en:unknown-bag",,,,other,no,,20.0,Non Biodegradable,non_food,basmati,non_food
8992988130355.0,Rangginan,,,,,,other,no,,30.0,Non Biodegradable,non_food,rangginan,non_food
8901777403129.0,Vadila methi paratha,,,,,,other,no,,30.0,Non Biodegradable,non_food,vadila methi paratha,non_food
8906046143546.0,Cardamom chai latte,,,,,,other,no,,30.0,Non Biodegradable,non_food,cardamom chai latte,non_food
8908003439044.0,Kuthu vilakku,,,"['en:may-contain-palm-oil', 'en:vegan-status-unknown', 'en:vegetarian-status-unknown']",,,other,no,,40.0,Moderately Biodegradable,non_food,kuthu vilakku,non_food
89948125.0,Gummi fries,,,,,,other,no,,30.0,Non Biodegradable,non_food,gummi fries,non_food
8964000845035.0,"Froo-it Mango Nectar 2,1 litre",,,,,,other,no,,30.0,Non Biodegradable,non_food,"froo-it mango nectar 2,1 litre",non_food
8904063203311.0,Chana Dal,,,,,,other,no,,30.0,Non Biodegradable,grain,chana dal,grain
8944596459243.0,Femented Kimchi,,Glass,"['en:palm-oil-free', 'en:vegan', 'en:vegetarian']",,,other,no,,60.0,Moderately Biodegradable,non_food,femented kimchi,non_food
8906040400027.0,oregano,,August 2019,,,,other,no,,40.0,Moderately Biodegradable,non_food,oregano,non_food
8995899562093.0,Black Sesame Noodles,,Kunststoff,"['en:palm-oil-free', 'en:vegan-status-unknown', 'en:vegetarian-status-unknown']",,,other,no,,50.0,Moderately Biodegradable,non_food,black sesame noodles,non_food
8934561020035.0,Pho Bo Beef Flavour,,,"['en:palm-oil', 'en:vegan-status-unknown', 'en:vegetarian-status-unknown']",,,other,no,,40.0,Moderately Biodegradable,non_food,pho bo beef flavour,non_food
8934684010258.0,Soupe sour flavor,,,,,,other,no,,30.0,Non Biodegradable,non_food,soupe sour flavor,non_food
8901725121747.0,Superior MP Atta,,ᴩʟᴀꜱᴛɪᴄ,"['en:palm-oil-free', 'en:vegan', 'en:vegetarian']",,,other,no,,50.0,Moderately Biodegradable,grain,superior mp atta,grain
8934678020065.0,Nouilles &oelig;ufs Fine Safoco 500G Vietnam,,,,,,other,no,,30.0,Non Biodegradable,non_food,nouilles &oelig;ufs fine safoco 500g vietnam,non_food
8901888006370.0,Real Orange Fruit juice 180ml tpk,,,,,,beverage,no,,30.0,Non Biodegradable,beverage,real orange fruit juice 180ml tpk,beverage
8904258702278.0,Raw Mango,,,"['en:palm-oil-free', 'en:vegan-status-unknown', 'en:vegetarian']",,,other,no,,40.0,Moderately Biodegradable,non_food,raw mango,non_food
8993492101800.0,perfetto,,,,,,other,no,,30.0,Non Biodegradable,non_food,perfetto,non_food
8934673119191.0,ديالاك رقم 1,,في بغداد,,,,other,no,,40.0,Moderately Biodegradable,non_food,ديالاك رقم 1,non_food
8906033530014.0,snap in basil,,,"['en:palm-oil-free', 'en:vegan', 'en:vegetarian']",,,other,no,,40.0,Moderately Biodegradable,non_food,snap in basil,non_food
8906005504036.0,Bombay mix,,,"['en:palm-oil', 'en:non-vegan', 'en:vegetarian-status-unknown']",,,other,no,,40.0,Moderately Biodegradable,non_food,bombay mix,non_food
8904063253194.0,Kashmiri Mixture,,,,,,other,no,,30.0,Non Biodegradable,non_food,kashmiri mixture,non_food
8901888095367.0,honey,,,,,,other,no,,30.0,Non Biodegradable,non_food,honey,non_food
8904071700956.0,Indian snack,,,"['en:palm-oil-content-unknown', 'en:vegan-status-unknown', 'en:vegetarian-status-unknown']",,,snack,no,,40.0,Moderately Biodegradable,snack,indian snack,snack
8993200666935.0,Cimory Squeeze Original,,Plastic,"['en:palm-oil-content-unknown', 'en:non-vegan', 'en:vegetarian-status-unknown']",,,other,no,,30.0,Non Biodegradable,non_food,cimory squeeze original,non_food
8901826332226.0,Verka Toned Milk Dahi,,,,,,dairy,no,,30.0,Non Biodegradable,dairy,verka toned milk dahi,dairy
8996001414033.0,Capuccino no added sugar,,,,,,other,no,,30.0,Non Biodegradable,non_food,capuccino no added sugar,non_food
8906021121538.0,Gunger pickle,,,,,,other,no,,30.0,Non Biodegradable,non_food,gunger pickle,non_food
8901719106781.0,Namkeen - Moong dal,,,,,,snack,no,,30.0,Non Biodegradable,snack,namkeen - moong dal,grain
8901063325104.0,Toastea Suji Rusk,,,"['en:palm-oil-content-unknown', 'en:non-vegan', 'en:vegetarian-status-unknown']",,,beverage,no,,40.0,Moderately Biodegradable,beverage,toastea suji rusk,beverage
8934637514253.0,Chili sauce,,Glass,"['en:palm-oil-free', 'en:vegan-status-unknown', 'en:vegetarian-status-unknown']",,,other,no,,60.0,Moderately Biodegradable,condiment,chili sauce,sauce_condiment
8997212730349.0,Bali chili,,,,,,other,no,,30.0,Non Biodegradable,non_food,bali chili,non_food
8901670813360.0,Sesame cikki,,,,,,other,no,,30.0,Non Biodegradable,non_food,sesame cikki,non_food
8904004404227.0,Mini Samosa,,,,,,other,no,,30.0,Non Biodegradable,non_food,mini samosa,non_food
89228081.0,Biscuits coco,,Carton,,,,snack,no,,40.0,Moderately Biodegradable,snack,biscuits coco,confectionery
8904022907335.0,Milk short cake biscuits,,,,,,dairy,no,,30.0,Non Biodegradable,snack,milk short cake biscuits,dairy
8934673100069.0,Lait,,,,,,other,no,,30.0,Non Biodegradable,non_food,lait,non_food
8901719101625.0,Rusk biscuits,,,,,,snack,no,,30.0,Non Biodegradable,snack,rusk biscuits,confectionery
8904063240224.0,Namkeen,,,"['en:palm-oil-content-unknown', 'en:vegan-status-unknown', 'en:vegetarian-status-unknown']",,,snack,no,,40.0,Moderately Biodegradable,snack,namkeen,snack
8997032221102.0,Coco Aminos,,,"['en:palm-oil-content-unknown', 'en:vegan', 'en:vegetarian']",,,other,no,,40.0,Moderately Biodegradable,non_food,coco aminos,non_food
89004845.0,Vaseline,,,,,,other,no,,30.0,Non Biodegradable,non_food,vaseline,non_food
8929370310613.0,Cola Cao Mocca,,Plástico,"['en:palm-oil-free', 'en:vegan-status-unknown', 'en:vegetarian-status-unknown']",,,beverage,no,,50.0,Moderately Biodegradable,beverage,cola cao mocca,beverage
8904063256645.0,Aloo Tikki,,,,,,other,no,,30.0,Non Biodegradable,non_food,aloo tikki,non_food
8906021122054.0,Aachi Mango Avakkai 300Gm,,,,,,other,no,,30.0,Non Biodegradable,non_food,aachi mango avakkai 300gm,non_food
8904008416851.0,feroglobin b12,,,,,,other,no,,30.0,Non Biodegradable,non_food,feroglobin b12,non_food
8904011506549.0,Garlic Pickle,,,,,,other,no,,30.0,Non Biodegradable,non_food,garlic pickle,non_food
8980123002063.0,pastel de kabratxo,,,,,,other,no,,30.0,Non Biodegradable,non_food,pastel de kabratxo,non_food
8902167000515.0,Tandoori chicken masala,,,,,,other,no,,30.0,Non Biodegradable,spices,tandoori chicken masala,spices
8908004076200.0,Milk Rusk,,,,,,dairy,no,,30.0,Non Biodegradable,dairy,milk rusk,dairy
89346370125668.0,spring roll paper,,,"['en:palm-oil-content-unknown', 'en:vegan-status-unknown', 'en:vegetarian-status-unknown']",,,other,no,,40.0,Moderately Biodegradable,non_food,spring roll paper,non_food
8995029700289.0,Chips de manioc,,,,,,snack,no,,30.0,Non Biodegradable,snack,chips de manioc,snack
8906067028846.0,Healthkart Nouriza Dark chocolate peanut butter,,,['en:vegetarian'],,,dairy,no,,35.0,Non Biodegradable,beverage,healthkart nouriza dark chocolate peanut butter,dairy
8906000421970.0,calciquick-k2,,Plastic,,,,other,no,,20.0,Non Biodegradable,non_food,calciquick-k2,non_food
8995899481912.0,Zouglite Egg Noodles,,,,,,other,no,,30.0,Non Biodegradable,non_food,zouglite egg noodles,non_food
8904258700465.0,Raw Pressery Valencia Orange,,Bottle,"['en:palm-oil-content-unknown', 'en:vegan-status-unknown', 'en:vegetarian-status-unknown']",,,other,no,,50.0,Moderately Biodegradable,non_food,raw pressery valencia orange,non_food
8936121118442.0,Basil seed passion fruit,,,,,,other,no,,30.0,Non Biodegradable,non_food,basil seed passion fruit,non_food
8904109490545.0,Patanjali COW'S GHEE,,,"['en:palm-oil-content-unknown', 'en:vegan-status-unknown', 'en:vegetarian']",,,other,no,,40.0,Moderately Biodegradable,dairy,patanjali cow's ghee,dairy
8907931000166.0,Sweet potato bbq,,,,,,other,no,,30.0,Non Biodegradable,confectionery,sweet potato bbq,confectionery
8907931000081.0,Sweet ptato spiced,,,,,,other,no,,30.0,Non Biodegradable,confectionery,sweet ptato spiced,spices
8907931000562.0,Garden veggie,,,['en:vegetarian'],,,other,no,,35.0,Non Biodegradable,non_food,garden veggie,non_food
8907931000609.0,Veggie strwws,,,,,,other,no,,30.0,Non Biodegradable,non_food,veggie strwws,non_food
8901047816178.0,tarka dal,,,"['en:palm-oil-free', 'en:vegan-status-unknown', 'en:vegetarian-status-unknown']",,,other,no,,40.0,Moderately Biodegradable,grain,tarka dal,grain
8936114080084.0,double mint gum,,Bottle,"['en:palm-oil-content-unknown', 'en:vegan-status-unknown', 'en:vegetarian-status-unknown']",,,other,no,,50.0,Moderately Biodegradable,non_food,double mint gum,non_food
8936046075059.0,Panie,,"Can,Drink can","['en:palm-oil-free', 'en:vegan-status-unknown', 'en:vegetarian-status-unknown']",,,other,no,,50.0,Moderately Biodegradable,non_food,panie,non_food
8934588672026.0,pespsi,,,,,,other,no,,30.0,Non Biodegradable,non_food,pespsi,non_food
8934673606820.0,Sữa chua ăn vnm có đường,,,,,,other,no,,30.0,Non Biodegradable,non_food,sữa chua ăn vnm có đường,non_food
8906001850861.0,Aceite de coco virgen orgánico DXN,,,,,,other,no,,30.0,Non Biodegradable,non_food,aceite de coco virgen orgánico dxn,non_food
8906021925693.0,Miel,,,,,,other,no,,30.0,Non Biodegradable,non_food,miel,non_food
8992696426528.0,Carnation,,,"['en:palm-oil-content-unknown', 'en:vegan-status-unknown', 'en:vegetarian-status-unknown']",,,other,no,,40.0,Moderately Biodegradable,non_food,carnation,non_food
8901808004950.0,Aweet chili,,,,,,other,no,,30.0,Non Biodegradable,non_food,aweet chili,non_food
8901302097557.0,Supixime,,,"['en:palm-oil-content-unknown', 'en:vegan-status-unknown', 'en:vegetarian-status-unknown']",,,other,no,,40.0,Moderately Biodegradable,non_food,supixime,non_food
8998866181082.0,Ciptadent pasta,,,"['en:palm-oil-content-unknown', 'en:vegan-status-unknown', 'en:vegetarian-status-unknown']",,,other,no,,40.0,Moderately Biodegradable,non_food,ciptadent pasta,non_food
8908010900131.0,Unsweetened peanut butter,,,,,,dairy,no,,30.0,Non Biodegradable,dairy,unsweetened peanut butter,dairy
8904084100460.0,Jus Neem et aloe,,,,,,other,no,,30.0,Non Biodegradable,non_food,jus neem et aloe,non_food
8904018611215.0,Chandan 5 In,,,,,,other,no,,30.0,Non Biodegradable,non_food,chandan 5 in,non_food
8901262152242.0,Amul Kool Badam Flv 180ml,,26aug 2020,,,,other,no,,40.0,Moderately Biodegradable,non_food,amul kool badam flv 180ml,non_food
8901030807138.0,Horlicks Classic Malt,,,['en:vegetarian'],,,other,no,,35.0,Non Biodegradable,dairy,horlicks classic malt,dairy
8935270805586.0,I pineapple juice,,,,,,beverage,no,,30.0,Non Biodegradable,beverage,i pineapple juice,beverage
8993175540629.0,Chocolate Cream Wafer,,Plastic,"['en:palm-oil', 'en:non-vegan', 'en:vegetarian-status-unknown']",,,beverage,no,,30.0,Non Biodegradable,beverage,chocolate cream wafer,confectionery
8971872686338.0,Handi Snacks Oreo- Cookie Sticks 'N Creme Dip,,,"['en:palm-oil', 'en:vegan-status-unknown', 'en:vegetarian-status-unknown']",,,snack,no,,40.0,Moderately Biodegradable,snack,handi snacks oreo- cookie sticks 'n creme dip,confectionery
8901000121158.0,Chocolate extrafino Negro,,,,,,beverage,no,,30.0,Non Biodegradable,beverage,chocolate extrafino negro,confectionery
8965250002537.0,Ma sauce béchamel,,,,,,other,no,,30.0,Non Biodegradable,condiment,ma sauce béchamel,sauce_condiment
8901414000278.0,Khatta Meetha Кисло-сладкая смесь,,,"['en:palm-oil-content-unknown', 'en:vegan-status-unknown', 'en:vegetarian-status-unknown']",,,other,no,,40.0,Moderately Biodegradable,grain,khatta meetha кисло-сладкая смесь,grain
8904188603713.0,Natural yogurt,,Plastic tub,"['en:palm-oil-free', 'en:non-vegan', 'en:vegetarian']",,,dairy,no,,30.0,Non Biodegradable,dairy,natural yogurt,dairy
8936121115779.0,Boisson à base de jus et pulpe d'aloes,,,,,,other,no,,30.0,Non Biodegradable,non_food,boisson à base de jus et pulpe d'aloes,non_food
8992590048710.0,Misura Fibrextra,,,,,,other,no,,30.0,Non Biodegradable,non_food,misura fibrextra,non_food
89000717.0,Maggi rich tomato sauce,,,"['en:palm-oil-free', 'en:vegan', 'en:vegetarian']",,,other,no,,40.0,Moderately Biodegradable,condiment,maggi rich tomato sauce,sauce_condiment
8906076272254.0,Riso,,,,,,other,no,,30.0,Non Biodegradable,non_food,riso,non_food
8939998813984.0,KitchenFeast MEAT MASALA,,Box,"['en:palm-oil-content-unknown', 'en:vegan-status-unknown', 'en:vegetarian-status-unknown']",,,other,no,,50.0,Moderately Biodegradable,spices,kitchenfeast meat masala,spices
8939997630902.0,KitchenFeast GARAM MASALA,,Box,"['en:palm-oil-content-unknown', 'en:vegan-status-unknown', 'en:vegetarian']",,,other,no,,50.0,Moderately Biodegradable,spices,kitchenfeast garam masala,spices
8901058875324.0,Maggi - Desi Cheesy,,Plastic,"['en:palm-oil-content-unknown', 'en:vegan-status-unknown', 'en:vegetarian-status-unknown']",,,other,no,,30.0,Non Biodegradable,non_food,maggi - desi cheesy,non_food
8964000090619.0,Lays(French Cheese),,,,,,dairy,no,,30.0,Non Biodegradable,dairy,lays(french cheese),snack
8904258702100.0,Raw Pressery Mixed Fruit Juice imp,,Plastic,,,,beverage,no,,20.0,Non Biodegradable,beverage,raw pressery mixed fruit juice imp,beverage
8901262150088.0,Amul Taaza 200ml,,Tetra Pak,"['en:palm-oil-free', 'en:non-vegan', 'en:vegetarian']",,,other,no,,50.0,Moderately Biodegradable,non_food,amul taaza 200ml,non_food
8901262201124.0,Amul Masti Dahi,,Plastic,"['en:palm-oil-free', 'en:non-vegan', 'en:vegetarian']",,,other,no,,30.0,Non Biodegradable,non_food,amul masti dahi,non_food
8902080285020.0,Pepsi Cola Zero Sugar 250ml Can,,,"['en:palm-oil-content-unknown', 'en:vegan-status-unknown', 'en:vegetarian-status-unknown']",,,beverage,no,,40.0,Moderately Biodegradable,beverage,pepsi cola zero sugar 250ml can,beverage
8939997630766.0,CORIANDER POWDER KitchenFeast,,Pack,"['en:palm-oil-free', 'en:vegan', 'en:vegetarian']",,,other,no,,50.0,Moderately Biodegradable,spices,coriander powder kitchenfeast,other
8992741905589.0,BIG BURGUER,,,"['en:palm-oil-content-unknown', 'en:vegan-status-unknown', 'en:vegetarian-status-unknown']",,,other,no,,40.0,Moderately Biodegradable,non_food,big burguer,non_food
8961100053063.0,Ginger paste,,,,,,other,no,,30.0,Non Biodegradable,non_food,ginger paste,non_food
8935025525776.0,Ancas de rana,,,,,,other,no,,30.0,Non Biodegradable,non_food,ancas de rana,non_food
8902351999014.0,sobisco desire butter,,hajipur,,,,dairy,no,,40.0,Moderately Biodegradable,dairy,sobisco desire butter,dairy
8906015270020.0,Durga ghee,,,,,,other,no,,30.0,Non Biodegradable,dairy,durga ghee,dairy
8938505644233.0,Bun tuoi,,,,,,other,no,,30.0,Non Biodegradable,non_food,bun tuoi,non_food
8934930002341.0,Ming Yu Jinlong Green Mung Bean Sweet Pastry,,,,,,other,no,,30.0,Non Biodegradable,confectionery,ming yu jinlong green mung bean sweet pastry,confectionery
8938506445877.0,Bona matcha,,,,,,other,no,,30.0,Non Biodegradable,non_food,bona matcha,non_food
8901161105066.0,President golden sella,,,,,,other,no,,30.0,Non Biodegradable,non_food,president golden sella,non_food
8921111012558.0,Banana Chips Bio,,,,,,snack,no,,30.0,Non Biodegradable,snack,banana chips bio,snack
8901552025126.0,madras Currypaste,,,"['en:palm-oil-content-unknown', 'en:vegan-status-unknown', 'en:vegetarian-status-unknown']",,,other,no,,40.0,Moderately Biodegradable,non_food,madras currypaste,non_food
8938501097705.0,Canned lychee,,,,,,other,no,,30.0,Non Biodegradable,non_food,canned lychee,non_food
8936007821275.0,Spring Rool,,,,,,other,no,,30.0,Non Biodegradable,non_food,spring rool,non_food
8934561262213.0,Lian Pho 越南牛肉粉,,,,,,other,no,,30.0,Non Biodegradable,non_food,lian pho 越南牛肉粉,non_food
8936046160038.0,Sauce nem,,,,,,other,no,,30.0,Non Biodegradable,condiment,sauce nem,sauce_condiment
8901972062947.0,Creme 4 Fun,,"Plastic, Paper","['en:palm-oil', 'en:vegan-status-unknown', 'en:vegetarian-status-unknown']",,,other,yes,,100.0,Highly Biodegradable,non_food,creme 4 fun,non_food
8994907444444.0,Extra hot chili sauce,,,,,,other,no,,30.0,Non Biodegradable,condiment,extra hot chili sauce,sauce_condiment
8906113261692.0,immunity booster capsule,,jul2020,,,,other,no,,40.0,Moderately Biodegradable,non_food,immunity booster capsule,non_food
8936007660416.0,Shrimp Paste,,,,,,other,no,,30.0,Non Biodegradable,non_food,shrimp paste,non_food
8906024070291.0,Amla Indian Gooseberry Juice,,,,,,beverage,no,,30.0,Non Biodegradable,beverage,amla indian gooseberry juice,beverage
8901017008770.0,Chicken Masala,,Box,"['en:palm-oil-content-unknown', 'en:vegan-status-unknown', 'en:vegetarian-status-unknown']",,,other,no,,50.0,Moderately Biodegradable,spices,chicken masala,spices
8901030532832.0,Fresh Tomato Ketchup,,,,,,other,no,,30.0,Non Biodegradable,condiment,fresh tomato ketchup,sauce_condiment
8936079280796.0,Lemon pepper salt,,,,,,other,no,,30.0,Non Biodegradable,spices,lemon pepper salt,spice
8986048494617.0,Marbú centeno,,,,,,other,no,,30.0,Non Biodegradable,non_food,marbú centeno,non_food
8904064627512.0,Curcuma,,,,,,other,no,,30.0,Non Biodegradable,non_food,curcuma,non_food
8992761145118.0,Soda water drink,,,"['en:palm-oil-content-unknown', 'en:vegan-status-unknown', 'en:vegetarian-status-unknown']",,,beverage,no,,40.0,Moderately Biodegradable,beverage,soda water drink,beverage
8906002000494.0,Dr Oetker Funfoods Veg Mayonnaise,,,"['en:palm-oil-free', 'en:non-vegan', 'en:vegetarian']",,,other,no,,40.0,Moderately Biodegradable,condiment,dr oetker funfoods veg mayonnaise,other
8906010500016.0,Simply Salted Potato Wafers,,Plastic,"['en:palm-oil', 'en:vegan-status-unknown', 'en:vegetarian']",,,other,no,,30.0,Non Biodegradable,snack,simply salted potato wafers,snack
8904004401172.0,Khatta Meetha,,is OTHER 57 KEEP YOUR CITY CLEAN,"['en:palm-oil', 'en:vegan-status-unknown', 'en:vegetarian']",,,other,no,,50.0,Moderately Biodegradable,grain,khatta meetha,grain
8935001233039.0,Tamarind Drink,,,,,,beverage,no,,30.0,Non Biodegradable,beverage,tamarind drink,beverage
8940356250808.0,Mangoo pickle,,,,,,other,no,,30.0,Non Biodegradable,non_food,mangoo pickle,non_food
8901719105555.0,parle rusk,,,,,,other,no,,30.0,Non Biodegradable,non_food,parle rusk,non_food
8938511005141.0,Galette de riz 18 cm,,,,,,other,no,,30.0,Non Biodegradable,non_food,galette de riz 18 cm,non_food
8904064613027.0,Parotta,,,,,,other,no,,30.0,Non Biodegradable,non_food,parotta,non_food
8901035053752.0,Thé noir fraise de jardin,,22 PAP,,,,other,no,,40.0,Moderately Biodegradable,non_food,thé noir fraise de jardin,non_food
8901063162242.0,Britannia Marie Gold,,aplastic,"['en:palm-oil', 'en:non-vegan', 'en:vegetarian-status-unknown']",,,other,no,,30.0,Non Biodegradable,non_food,britannia marie gold,non_food
8901764011252.0,Coca cola Original Taste 300ml can,,,"['en:palm-oil-content-unknown', 'en:vegan-status-unknown', 'en:vegetarian-status-unknown']",,,beverage,no,,40.0,Moderately Biodegradable,beverage,coca cola original taste 300ml can,beverage
8934707012122.0,Naim Huong,,,,,,other,no,,30.0,Non Biodegradable,non_food,naim huong,non_food
8998898101409.0,Tolak Angin Sidomuncul,,,"['en:palm-oil-content-unknown', 'en:vegan-status-unknown', 'en:vegetarian-status-unknown']",,,other,no,,40.0,Moderately Biodegradable,non_food,tolak angin sidomuncul,non_food
8901719906145.0,Kreams Gold Pineapple,,,,,,other,no,,30.0,Non Biodegradable,non_food,kreams gold pineapple,non_food
8901262070546.0,Chocominis,,Plastic,"['en:palm-oil-content-unknown', 'en:non-vegan', 'en:vegetarian']",,,other,no,,30.0,Non Biodegradable,non_food,chocominis,non_food
8999999543150.0,Teh Tarik,,,,,,other,no,,30.0,Non Biodegradable,non_food,teh tarik,non_food
8904063259257.0,Hara Bhara Kebab,,,,,,other,no,,30.0,Non Biodegradable,non_food,hara bhara kebab,non_food
8997212731544.0,Chocolate cashew spread,,,"['en:vegan', 'en:vegetarian']",,,beverage,no,,40.0,Moderately Biodegradable,beverage,chocolate cashew spread,confectionery
8938500888069.0,Vermicelle De Maranta Gio Xuan 250G Vietnam,,,,,,other,no,,30.0,Non Biodegradable,non_food,vermicelle de maranta gio xuan 250g vietnam,non_food
8906044991453.0,Aloe vera,,,,,,other,no,,30.0,Non Biodegradable,non_food,aloe vera,non_food
8901786531004.0,Everest Shahi Paneer Masala 100GM,,,,,,dairy,no,,30.0,Non Biodegradable,dairy,everest shahi paneer masala 100gm,dairy
8901040300032.0,Fleming,,,,,,other,no,,30.0,Non Biodegradable,non_food,fleming,non_food
8908003113814.0,Fresh Garden peanut butter,,Plastic,"['en:palm-oil-content-unknown', 'en:vegan-status-unknown', 'en:vegetarian-status-unknown']",,,dairy,no,,30.0,Non Biodegradable,dairy,fresh garden peanut butter,dairy
8992388134021.0,Nouilles,,,,,,other,no,,30.0,Non Biodegradable,non_food,nouilles,non_food
8906103580178.0,Grizzly pro gold edition,,,,,,other,no,,30.0,Non Biodegradable,non_food,grizzly pro gold edition,non_food
8906013030831.0,Nouilles Quick Gout Pizza au poulet,,,,,,other,no,,30.0,Non Biodegradable,non_food,nouilles quick gout pizza au poulet,non_food
8901786161003.0,Chicken masala Spice Mix,,,,,,other,no,,30.0,Non Biodegradable,spices,chicken masala spice mix,spices
8999999521660.0,Thé noir Lipton Yellow label,,,,,,other,no,,30.0,Non Biodegradable,non_food,thé noir lipton yellow label,non_food
8901063139190.0,Bourbon,,1,,,,other,no,,40.0,Moderately Biodegradable,non_food,bourbon,non_food
8908008669712.0,Raw Whey Protein,,Pack,,,,other,no,,40.0,Moderately Biodegradable,non_food,raw whey protein,non_food
8901670813759.0,Methi Barja Puri,,,,,,other,no,,30.0,Non Biodegradable,confectionery,methi barja puri,confectionery
8901670813735.0,Diet Chakoli,,,,,,other,no,,30.0,Non Biodegradable,non_food,diet chakoli,non_food
8906003161613.0,doctor,,,"['en:palm-oil-content-unknown', 'en:vegan-status-unknown', 'en:vegetarian-status-unknown']",,,other,no,,40.0,Moderately Biodegradable,non_food,doctor,non_food
8901058839456.0,sunrise,,,,,,other,no,,30.0,Non Biodegradable,non_food,sunrise,non_food
8941102311453.0,Lifebuoy Hand Sanitizer,,Plastic,,,,other,no,,20.0,Non Biodegradable,non_food,lifebuoy hand sanitizer,non_food
8906031310014.0,Vestige Noni Capsules,,,,,,other,no,,30.0,Non Biodegradable,non_food,vestige noni capsules,non_food
8901107030599.0,softovac.sf,,,,,,other,no,,30.0,Non Biodegradable,non_food,softovac.sf,non_food
8941159000584.0,aarong dairy yogurt,,,,,,dairy,no,,30.0,Non Biodegradable,dairy,aarong dairy yogurt,dairy
8935006330153.0,ChocoPN,,,,,,other,no,,30.0,Non Biodegradable,non_food,chocopn,non_food
8901030726910.0,lifebouy,,,,,,other,no,,30.0,Non Biodegradable,non_food,lifebouy,non_food
8938507849438.0,Coconut milk,,,,,,dairy,no,,30.0,Non Biodegradable,dairy,coconut milk,dairy
8906016410753.0,Godrej Jersey Ghee,,,['en:vegetarian'],,,other,no,,35.0,Non Biodegradable,dairy,godrej jersey ghee,dairy
8964000733738.0,Graines De Nigelle En Poudre,,,,,,other,no,,30.0,Non Biodegradable,non_food,graines de nigelle en poudre,non_food
8901063151567.0,Toastea,,,,,,beverage,no,,30.0,Non Biodegradable,beverage,toastea,beverage
8901233033549.0,Cadbury Dairy Milk Silk oreo,,,,,,dairy,no,,30.0,Non Biodegradable,dairy,cadbury dairy milk silk oreo,dairy
8927234887905.0,Bananen Chips,,,,,,snack,no,,30.0,Non Biodegradable,snack,bananen chips,snack
8901047912795.0,Kenyan Style Chevdo,,,"['en:palm-oil-free', 'en:vegan-status-unknown', 'en:vegetarian-status-unknown']",,,other,no,,40.0,Moderately Biodegradable,non_food,kenyan style chevdo,non_food
8964000684177.0,Peanut Pista,,,"['en:palm-oil', 'en:non-vegan', 'en:vegetarian-status-unknown']",,,other,no,,40.0,Moderately Biodegradable,non_food,peanut pista,non_food
8998866602969.0,Nuvo,,,"['en:palm-oil-content-unknown', 'en:vegan-status-unknown', 'en:vegetarian-status-unknown']",,,other,no,,40.0,Moderately Biodegradable,non_food,nuvo,non_food
8992931005068.0,Tessa,,,,,,other,no,,30.0,Non Biodegradable,non_food,tessa,non_food
8904063258434.0,Classic salted,,,"['en:palm-oil-content-unknown', 'en:vegan-status-unknown', 'en:vegetarian-status-unknown']",,,other,no,,40.0,Moderately Biodegradable,dairy,classic salted,dairy
8906001055129.0,Thokku pickle,,,,,,other,no,,30.0,Non Biodegradable,non_food,thokku pickle,non_food
8999908318303.0,my baby,,Pt Rudy soetadi,,,,baby_care,no,,40.0,Moderately Biodegradable,baby_care,my baby,non_food
8961005062139.0,Peri Peri Sauce Medium,,Glass,"['en:may-contain-palm-oil', 'en:vegan-status-unknown', 'en:vegetarian-status-unknown']",,,other,no,,60.0,Moderately Biodegradable,condiment,peri peri sauce medium,sauce_condiment
8967239130316.0,Ole guacamole,,,,,,other,no,,30.0,Non Biodegradable,non_food,ole guacamole,non_food
8901552015530.0,Madras Plain Poppadums,,,"['en:palm-oil-free', 'en:vegan-status-unknown', 'en:vegetarian-status-unknown']",,,other,no,,40.0,Moderately Biodegradable,non_food,madras plain poppadums,non_food
8936044400013.0,Reispapier Rund 16CM,,,,,,other,no,,30.0,Non Biodegradable,non_food,reispapier rund 16cm,non_food
8998667000094.0,Herbadrink Kunyit Asam,,,,,,beverage,no,,30.0,Non Biodegradable,beverage,herbadrink kunyit asam,beverage
8904030852306.0,Chargement…,,,,,,other,no,,30.0,Non Biodegradable,non_food,chargement…,non_food
8964000101704.0,Sting Berry Blast,,plastic,"['en:palm-oil-free', 'en:vegan-status-unknown', 'en:vegetarian-status-unknown']",,,other,no,,30.0,Non Biodegradable,non_food,sting berry blast,non_food
8900090240220.0,Food coloring,,,,,,other,no,,30.0,Non Biodegradable,other_food,food coloring,other
8902850000013.0,Cocunut milk,,,,,,dairy,no,,30.0,Non Biodegradable,dairy,cocunut milk,dairy
8906001016595.0,Mother's Recipe Madras Curry Powder,,,,,,other,no,,30.0,Non Biodegradable,spices,mother's recipe madras curry powder,other
8993534102529.0,Wafer Chocolate,,Kaleng,,,,beverage,no,,40.0,Moderately Biodegradable,beverage,wafer chocolate,confectionery
8904064660458.0,Ribbon pakora,,,,,,other,no,,30.0,Non Biodegradable,non_food,ribbon pakora,non_food
8935093704219.0,Filetti di pangasio surgelati,,,,,,other,no,,30.0,Non Biodegradable,non_food,filetti di pangasio surgelati,non_food
8992770154033.0,Capcay,,,,,,other,no,,30.0,Non Biodegradable,non_food,capcay,non_food
8901063165694.0,Nutri choice,,,,,,other,no,,30.0,Non Biodegradable,non_food,nutri choice,non_food
8906078720005.0,Mugdal namkin,,,,,,other,no,,30.0,Non Biodegradable,grain,mugdal namkin,grain
8901111010846.0,ADERAN 8,,,"['en:palm-oil-content-unknown', 'en:vegan-status-unknown', 'en:vegetarian-status-unknown']",,,other,no,,40.0,Moderately Biodegradable,non_food,aderan 8,non_food
8997225200259.0,BINTANG lemon,,,"['en:palm-oil-content-unknown', 'en:vegan-status-unknown', 'en:vegetarian-status-unknown']",,,other,no,,40.0,Moderately Biodegradable,non_food,bintang lemon,non_food
8935239904145.0,Prawn hargow,,,,,,other,no,,30.0,Non Biodegradable,non_food,prawn hargow,non_food
8902080013272.0,Tropicana Litchi Delight Juice 1Ltr (Pckt),,1,"['en:palm-oil-content-unknown', 'en:vegan-status-unknown', 'en:vegetarian']",,,beverage,no,,50.0,Moderately Biodegradable,beverage,tropicana litchi delight juice 1ltr (pckt),beverage
8993412653013.0,SMbal Naknan,,,,,,other,no,,30.0,Non Biodegradable,non_food,smbal naknan,non_food
8995182600099.0,stormkin,,,,,,other,no,,30.0,Non Biodegradable,non_food,stormkin,non_food
8992821101689.0,hadalabo,,,"['en:palm-oil-content-unknown', 'en:vegan-status-unknown', 'en:vegetarian-status-unknown']",,,other,no,,40.0,Moderately Biodegradable,grain,hadalabo,grain
8901719103032.0,Krackjack the original,,,,,,other,no,,30.0,Non Biodegradable,non_food,krackjack the original,non_food
8935311140003.0,Vietnamese Style Instant Rice Noodles,,,,,,other,no,,30.0,Non Biodegradable,grain,vietnamese style instant rice noodles,grain
8901393017816.0,chuppa chub bites,,,,,,other,no,,30.0,Non Biodegradable,non_food,chuppa chub bites,non_food
8997032221133.0,Coco Aminos Wüzsauce Gluten/Histamin/Soja frei,,,"['en:palm-oil-content-unknown', 'en:vegan', 'en:vegetarian']",,,other,no,,40.0,Moderately Biodegradable,condiment,coco aminos wüzsauce gluten/histamin/soja frei,sauce_condiment
8906009991405.0,Dreams Choco Cup Cake,,,,,,other,no,,30.0,Non Biodegradable,non_food,dreams choco cup cake,non_food
8906010500030.0,Malasa Masti,,,"['en:palm-oil', 'en:vegan', 'en:vegetarian']",,,other,no,,40.0,Moderately Biodegradable,non_food,malasa masti,non_food
8996001301142.0,Roma bisc kelapa 300G,,en:Plastic,,,,other,no,,20.0,Non Biodegradable,non_food,roma bisc kelapa 300g,non_food
8993296210005.0,Tepung segitiga biru,,,,,,other,no,,30.0,Non Biodegradable,non_food,tepung segitiga biru,non_food
8901035056357.0,Massana,,,,,,other,no,,30.0,Non Biodegradable,non_food,massana,non_food
8901262260107.0,Amul Gold Milky Milk,,,"['en:palm-oil-free', 'en:non-vegan', 'en:vegetarian']",,,dairy,no,,40.0,Moderately Biodegradable,dairy,amul gold milky milk,dairy
8908010673097.0,Makaber porotta,,lackpapier,"['en:palm-oil-content-unknown', 'en:vegan-status-unknown', 'en:vegetarian-status-unknown']",,,other,no,,50.0,Moderately Biodegradable,non_food,makaber porotta,non_food
8934741112451.0,Five Spice Powder,,Plastic,"['en:palm-oil-free', 'en:vegan-status-unknown', 'en:vegetarian-status-unknown']",,,other,no,,30.0,Non Biodegradable,spices,five spice powder,spices
8904150501665.0,Cake mix,,,,,,other,no,,30.0,Non Biodegradable,non_food,cake mix,non_food
8964791009104.0,Café molido,,,,,,other,no,,30.0,Non Biodegradable,non_food,café molido,non_food
8906126950002.0,tgb Bakery,,,,,,other,no,,30.0,Non Biodegradable,non_food,tgb bakery,non_food
8935013110755.0,Trà Gùng,,,,,,other,no,,30.0,Non Biodegradable,non_food,trà gùng,non_food
8901491000192.0,Doritod cheese flavor,,,,,,dairy,no,,30.0,Non Biodegradable,dairy,doritod cheese flavor,dairy
89289891.0,Кыст аль хинди,,,,,,other,no,,30.0,Non Biodegradable,non_food,кыст аль хинди,non_food
8964002488391.0,Conpound cooking chocolate,,,,,,beverage,no,,30.0,Non Biodegradable,beverage,conpound cooking chocolate,confectionery
8906005500755.0,khatta meetha tana-bana,,,,,,other,no,,30.0,Non Biodegradable,grain,khatta meetha tana-bana,grain
8906005500854.0,Bhikaji sub kuch,,,,,,other,no,,30.0,Non Biodegradable,non_food,bhikaji sub kuch,non_food
8901670814374.0,Methi gathiya,,,,,,other,no,,30.0,Non Biodegradable,non_food,methi gathiya,non_food
8908005215493.0,Kappalandi Mittai,,,,,,other,no,,30.0,Non Biodegradable,non_food,kappalandi mittai,non_food
8904004401929.0,CHANA NUTS,,,,,,other,no,,30.0,Non Biodegradable,non_food,chana nuts,non_food
8901393018134.0,Chupa Chups Bites Multi Colour,,,"['en:may-contain-palm-oil', 'en:vegan-status-unknown', 'en:vegetarian-status-unknown']",,,other,no,,40.0,Moderately Biodegradable,non_food,chupa chups bites multi colour,non_food
8901764042270.0,Thumbs Up 750ml,,,"['en:palm-oil-content-unknown', 'en:vegan-status-unknown', 'en:vegetarian-status-unknown']",,,other,no,,40.0,Moderately Biodegradable,non_food,thumbs up 750ml,non_food
8994963002244.0,Fried Noodles,,,,,,other,no,,30.0,Non Biodegradable,non_food,fried noodles,non_food
8901393016369.0,Chupa chups lollipop,,,,,,other,no,,30.0,Non Biodegradable,non_food,chupa chups lollipop,non_food
8994755040041.0,เวเฟอร์ชนิดแท่งรสวานิลลา,,en:Box,,,,other,no,,40.0,Moderately Biodegradable,non_food,เวเฟอร์ชนิดแท่งรสวานิลลา,non_food
8936047442515.0,เดลี่ ชีสเค้ก,,en:Box,"['en:may-contain-palm-oil', 'en:vegan-status-unknown', 'en:vegetarian-status-unknown']",,,other,no,,50.0,Moderately Biodegradable,non_food,เดลี่ ชีสเค้ก,non_food
8991001501752.0,ช็อกโกแลตแอสซอทเม้นต์,,"Plastic,Box","['en:palm-oil-content-unknown', 'en:vegan-status-unknown', 'en:vegetarian-status-unknown']",,,other,no,,30.0,Non Biodegradable,non_food,ช็อกโกแลตแอสซอทเม้นต์,non_food
8991001503466.0,แวนฮูเต็น แอสซอทเม้นต์,,,"['en:palm-oil', 'en:non-vegan', 'en:non-vegetarian']",,,other,no,,40.0,Moderately Biodegradable,non_food,แวนฮูเต็น แอสซอทเม้นต์,non_food
8991001503442.0,แวน ฮูเต็นอัลมอนด์,,Box,"['en:palm-oil-content-unknown', 'en:vegan-status-unknown', 'en:vegetarian-status-unknown']",,,other,no,,50.0,Moderately Biodegradable,non_food,แวน ฮูเต็นอัลมอนด์,non_food
8902080365029.0,Mountain dew 250ml,,"Can,Food can","['en:palm-oil-content-unknown', 'en:vegan-status-unknown', 'en:vegetarian-status-unknown']",,,other,no,,50.0,Moderately Biodegradable,non_food,mountain dew 250ml,non_food
8901262030663.0,amul cow ghee,,Plastic,"['en:palm-oil-free', 'en:non-vegan', 'en:vegetarian']",,,other,no,,30.0,Non Biodegradable,dairy,amul cow ghee,dairy
8906016790015.0,rajini,,en:Plastic,,,,other,no,,20.0,Non Biodegradable,non_food,rajini,non_food
8908002288339.0,P Sooji,,,,,,other,no,,30.0,Non Biodegradable,non_food,p sooji,non_food
8941170030652.0,Boisson à la mangue,,,,,,other,no,,30.0,Non Biodegradable,non_food,boisson à la mangue,non_food
8901175003006.0,Co-amoxiclav Film Coated Tablets,,en:card-box,"['en:palm-oil-content-unknown', 'en:vegan-status-unknown', 'en:vegetarian-status-unknown']",,,other,no,,50.0,Moderately Biodegradable,non_food,co-amoxiclav film coated tablets,non_food
8938506580127.0,Dien Bao sweet potato vermiceilli,,,,,,other,no,,30.0,Non Biodegradable,confectionery,dien bao sweet potato vermiceilli,confectionery
8904137478546.0,Garam masala,,,,,,other,no,,30.0,Non Biodegradable,spices,garam masala,spices
8994208001520.0,Bichique,,,,,,other,no,,30.0,Non Biodegradable,non_food,bichique,non_food
8901741003027.0,Quick Chicken Pizza Instant Noodles,,Plastic,"['en:palm-oil', 'en:non-vegan', 'en:non-vegetarian']",,,other,no,,30.0,Non Biodegradable,non_food,quick chicken pizza instant noodles,non_food
8901747000730.0,premium black tea,,Plastic bottle,,,,beverage,no,,20.0,Non Biodegradable,beverage,premium black tea,beverage
8901764042508.0,Coke Brand Thumbs up 2ltr,,Plastic,,,,other,no,,20.0,Non Biodegradable,non_food,coke brand thumbs up 2ltr,non_food
8906059936081.0,Origo Fresh Indian Raisins,,,,,,other,no,,30.0,Non Biodegradable,non_food,origo fresh indian raisins,non_food
8936121112969.0,Mango juice,,,,,,beverage,no,,30.0,Non Biodegradable,beverage,mango juice,beverage
8996001410257.0,coffee,,Plastic,,,,beverage,no,,20.0,Non Biodegradable,beverage,coffee,beverage
8904084100415.0,Amla juice,,,,,,beverage,no,,30.0,Non Biodegradable,beverage,amla juice,beverage
8998866200844.0,sedaap cup kari spesial,,81g,"['en:palm-oil-content-unknown', 'en:vegan-status-unknown', 'en:vegetarian-status-unknown']",,,other,no,,50.0,Moderately Biodegradable,non_food,sedaap cup kari spesial,non_food
8936022263418.0,Galette de riz pour nems,,,,,,other,no,,30.0,Non Biodegradable,non_food,galette de riz pour nems,non_food
8904083511427.0,Brown rice,,,,,,other,no,,30.0,Non Biodegradable,grain,brown rice,grain
8901792002949.0,Suryaa,,,,,,other,no,,30.0,Non Biodegradable,non_food,suryaa,non_food
8936044401058.0,rice paper,,en:Plastic,"['en:palm-oil-free', 'en:vegan-status-unknown', 'en:vegetarian-status-unknown']",,,other,no,,30.0,Non Biodegradable,grain,rice paper,grain
8902188541400.0,Coriander chutney,,,,,,other,no,,30.0,Non Biodegradable,condiment,coriander chutney,sauce_condiment
8936147330170.0,Sauce pour nems et rouleax de pritemps,,,,,,other,no,,30.0,Non Biodegradable,condiment,sauce pour nems et rouleax de pritemps,sauce_condiment
8992775305102.0,Gery Salut coconut,,,"['en:palm-oil-content-unknown', 'en:vegan-status-unknown', 'en:vegetarian-status-unknown']",,,other,no,,40.0,Moderately Biodegradable,non_food,gery salut coconut,non_food
8904004400953.0,Haldirams Mixture,,,,,,other,no,,30.0,Non Biodegradable,non_food,haldirams mixture,non_food
8906021120470.0,Aachi chicken masala,,,"['en:palm-oil-content-unknown', 'en:vegan-status-unknown', 'en:vegetarian']",,,other,no,,40.0,Moderately Biodegradable,spices,aachi chicken masala,spices
8934684011552.0,Instant Noodles Entengeschmack,,,"['en:palm-oil', 'en:vegan-status-unknown', 'en:vegetarian-status-unknown']",,,other,no,,40.0,Moderately Biodegradable,non_food,instant noodles entengeschmack,non_food
8992726953604.0,Nata De Coco,,,,,,other,no,,30.0,Non Biodegradable,non_food,nata de coco,non_food
8936079121761.0,Wavy texas tenderloin steak favor,,,"['en:palm-oil-content-unknown', 'en:vegan-status-unknown', 'en:vegetarian-status-unknown']",,,beverage,no,,40.0,Moderately Biodegradable,beverage,wavy texas tenderloin steak favor,beverage
8901047816239.0,Sag Aloo,,,,,,other,no,,30.0,Non Biodegradable,non_food,sag aloo,non_food
8992933654219.0,Pasta,,,,,,other,no,,30.0,Non Biodegradable,non_food,pasta,non_food
8992741904155.0,Yopi iced cola,,,,,,beverage,no,,30.0,Non Biodegradable,beverage,yopi iced cola,beverage
8901063362857.0,Britannia cake,,cake,,,,other,no,,40.0,Moderately Biodegradable,non_food,britannia cake,non_food
8936079120092.0,Lay vàng,,,,,,other,no,,30.0,Non Biodegradable,non_food,lay vàng,non_food
8992858590210.0,Wood Children,,,,,,other,no,,30.0,Non Biodegradable,non_food,wood children,non_food
8934680113922.0,LA COLLECTION FRANCAISE,,,"['en:palm-oil', 'en:vegan-status-unknown', 'en:vegetarian-status-unknown']",,,other,no,,40.0,Moderately Biodegradable,non_food,la collection francaise,non_food
8904063200631.0,Chakoli,,,['en:vegetarian'],,,other,no,,35.0,Non Biodegradable,non_food,chakoli,non_food
8901063151352.0,Good Day-Cashew Cookies,,,,,,snack,no,,30.0,Non Biodegradable,snack,good day-cashew cookies,confectionery
8934680033374.0,Flutes chocolat,,,"['en:palm-oil', 'en:non-vegan', 'en:vegetarian-status-unknown']",,,beverage,no,,40.0,Moderately Biodegradable,beverage,flutes chocolat,beverage
8920689006129.0,Olivade d'olives noires,,,"['en:vegan', 'en:vegetarian']",,,other,no,,40.0,Moderately Biodegradable,non_food,olivade d'olives noires,non_food
8940356761052.0,potato crackers,,,,,,other,no,,30.0,Non Biodegradable,snack,potato crackers,snack
8901030050114.0,Pear’s Hand Wash,,"Pp-bottle, Pp-cap",,,,other,no,,40.0,Moderately Biodegradable,non_food,pear’s hand wash,non_food
8901552013352.0,Tandoori roti,,,,,,other,no,,30.0,Non Biodegradable,non_food,tandoori roti,non_food
8901786120505.0,Kitchen King Masala,,,"['en:palm-oil-content-unknown', 'en:vegan-status-unknown', 'en:vegetarian-status-unknown']",,,other,no,,40.0,Moderately Biodegradable,spices,kitchen king masala,spices
8904063214324.0,Haldiram navratan 440g,,,,,,other,no,,30.0,Non Biodegradable,non_food,haldiram navratan 440g,non_food
8997210790024.0,Chips de Salak,,,,,,snack,no,,30.0,Non Biodegradable,snack,chips de salak,snack
8908002373370.0,Aajhree,,,"['en:palm-oil-free', 'en:vegan', 'en:vegetarian']",,,other,no,,40.0,Moderately Biodegradable,non_food,aajhree,non_food
8904168500063.0,Himalayan Flora Honey,,,,,,other,no,,30.0,Non Biodegradable,non_food,himalayan flora honey,non_food
8901138030018.0,Cystone,,Plastic,,,,other,no,,20.0,Non Biodegradable,non_food,cystone,non_food
8934684025368.0,Ga quay chiken flavor,,,,,,other,no,,30.0,Non Biodegradable,non_food,ga quay chiken flavor,non_food
8934563236151.0,Phö noodles stir-fried,,,,,,other,no,,30.0,Non Biodegradable,non_food,phö noodles stir-fried,non_food
8907525000169.0,CocaCola,,,"['en:palm-oil-content-unknown', 'en:vegan-status-unknown', 'en:vegetarian-status-unknown']",,,beverage,no,,40.0,Moderately Biodegradable,beverage,cocacola,beverage
8906002085286.0,pickles,,Bottle,,,,other,no,,40.0,Moderately Biodegradable,non_food,pickles,non_food
8964001753667.0,Golden Pearl,,,,,,other,no,,30.0,Non Biodegradable,non_food,golden pearl,non_food
8936015311201.0,Mien lon vermicelli,,,,,,other,no,,30.0,Non Biodegradable,non_food,mien lon vermicelli,non_food
8992388144020.0,Vegetable flavour,,,,,,other,no,,30.0,Non Biodegradable,non_food,vegetable flavour,non_food
8904064628090.0,Pois chiche décortiqué cassé grillé,,,,,,other,no,,30.0,Non Biodegradable,non_food,pois chiche décortiqué cassé grillé,non_food
8901233034560.0,Tang orange,,,,,,other,no,,30.0,Non Biodegradable,non_food,tang orange,non_food
8901724500024.0,Juice,,,,,,beverage,no,,30.0,Non Biodegradable,beverage,juice,beverage
8935090911825.0,Pistachios Pistache,,,,,,other,no,,30.0,Non Biodegradable,non_food,pistachios pistache,non_food
8935048602874.0,Orange juice drink,,,,,,beverage,no,,30.0,Non Biodegradable,beverage,orange juice drink,beverage
8934741111454.0,Bot Cary,,,,,,other,no,,30.0,Non Biodegradable,non_food,bot cary,non_food
8935000900642.0,Brisure de mais séché,,,,,,other,no,,30.0,Non Biodegradable,non_food,brisure de mais séché,non_food
8936068850917.0,"Bun Cha Ha Nai, Reisnudeln",,,"['en:palm-oil-free', 'en:maybe-vegan', 'en:maybe-vegetarian']",,,other,no,,40.0,Moderately Biodegradable,non_food,"bun cha ha nai, reisnudeln",non_food
8997212731193.0,Chocolatte hazelnut spread,,,"['en:vegan', 'en:vegetarian']",,,beverage,no,,40.0,Moderately Biodegradable,beverage,chocolatte hazelnut spread,beverage
8904004401615.0,Kashmiri dalmouth,,,,,,other,no,,30.0,Non Biodegradable,grain,kashmiri dalmouth,grain
8901058847482.0,Maggie Pazzta Chese Macaroni,,,,,,other,no,,30.0,Non Biodegradable,non_food,maggie pazzta chese macaroni,non_food
8997033000201.0,Granola cannelle,,,,,,other,no,,30.0,Non Biodegradable,non_food,granola cannelle,non_food
8906086330647.0,Ibuprofen,,,,,,other,no,,30.0,Non Biodegradable,non_food,ibuprofen,non_food
8999999502409.0,Royco Rasa Sapi,,,,,,other,no,,30.0,Non Biodegradable,non_food,royco rasa sapi,non_food
8993351121307.0,GreenFields Full Cream Milk,,"Multilayer-composite,Tetra Pak,Brick,Cardboard,Paperboard,Tetra Brik Aseptic","['en:palm-oil-content-unknown', 'en:vegan-status-unknown', 'en:vegetarian-status-unknown']",,,dairy,yes,,100.0,Highly Biodegradable,dairy,greenfields full cream milk,dairy
8936135431186.0,ดาร์กช็อกโกแลต 71%,,bar,,,,other,no,,40.0,Moderately Biodegradable,non_food,ดาร์กช็อกโกแลต 71%,non_food
8904124700100.0,visa,,Glass,"['en:palm-oil-content-unknown', 'en:vegan-status-unknown', 'en:vegetarian-status-unknown']",,,other,no,,60.0,Moderately Biodegradable,non_food,visa,non_food
8904124700230.0,sega,,Glass,,,,other,no,,50.0,Moderately Biodegradable,non_food,sega,non_food
8936000810467.0,Ginger lipton,,,,,,other,no,,30.0,Non Biodegradable,non_food,ginger lipton,non_food
8964000883501.0,Soan Papdi,,,,,,other,no,,30.0,Non Biodegradable,non_food,soan papdi,non_food
8906001210306.0,Spinach Puree,,,,,,other,no,,30.0,Non Biodegradable,non_food,spinach puree,non_food
8935080500046.0,Gombos,,,,,,other,no,,30.0,Non Biodegradable,non_food,gombos,non_food
8908001897310.0,American burger slices,,,,,,other,no,,30.0,Non Biodegradable,non_food,american burger slices,non_food
8901491000871.0,Doritos Masala Mayhem Flavour,,Plastic,"['en:palm-oil-content-unknown', 'en:vegan-status-unknown', 'en:vegetarian-status-unknown']",,,other,no,,30.0,Non Biodegradable,spices,doritos masala mayhem flavour,spices
8934767010069.0,KEO MÈ CUNG - SESAME CANDY,,,,,,other,no,,30.0,Non Biodegradable,confectionery,keo mè cung - sesame candy,confectionery
8944596459250.0,Kimchi with Tumeric and Black Pepper,,"Metal, Glass, Paper","['en:palm-oil-free', 'en:vegan', 'en:vegetarian']",,,other,yes,,100.0,Highly Biodegradable,spices,kimchi with tumeric and black pepper,spice
8906064230044.0,Chicken tikka masala mix,,,,,,other,no,,30.0,Non Biodegradable,spices,chicken tikka masala mix,spices
8991688890644.0,mi goreng hot & spicy,,Plastic,"['en:palm-oil-content-unknown', 'en:vegan-status-unknown', 'en:vegetarian-status-unknown']",,,other,no,,30.0,Non Biodegradable,non_food,mi goreng hot & spicy,non_food
8964002347414.0,Cheetos Flamin' Hot,,,,,,other,no,,30.0,Non Biodegradable,non_food,cheetos flamin' hot,snack
8904091113606.0,powoer,,,"['en:palm-oil-content-unknown', 'en:vegan-status-unknown', 'en:vegetarian-status-unknown']",,,other,no,,40.0,Moderately Biodegradable,non_food,powoer,non_food
8934868151593.0,comfort,,,,,,other,no,,30.0,Non Biodegradable,non_food,comfort,non_food
8935142910141.0,UniDry XL,,,,,,other,no,,30.0,Non Biodegradable,non_food,unidry xl,non_food
8938505658322.0,Merzy,,,,,,other,no,,30.0,Non Biodegradable,non_food,merzy,non_food
8934868126362.0,Sunlight,,,,,,other,no,,30.0,Non Biodegradable,non_food,sunlight,non_food
8992304000010.0,GARNIeR အဝါထုပ်,,,,,,other,no,,30.0,Non Biodegradable,non_food,garnier အဝါထုပ်,non_food
8999999007768.0,Fair & Lovely,,,,,,other,no,,30.0,Non Biodegradable,non_food,fair & lovely,non_food
8904091104109.0,FLUCORT - N,,,,,,other,no,,30.0,Non Biodegradable,non_food,flucort - n,non_food
8935270807702.0,Jus de litchi,,,,,,other,no,,30.0,Non Biodegradable,non_food,jus de litchi,non_food
8906054102481.0,Tender jack,,,,,,other,no,,30.0,Non Biodegradable,non_food,tender jack,non_food
8935049501596.0,Schweppes soda water,,,,,,beverage,no,,30.0,Non Biodegradable,beverage,schweppes soda water,beverage
8901552025041.0,Punjabi Mango & Chili Pickle,,,,,,other,no,,30.0,Non Biodegradable,non_food,punjabi mango & chili pickle,non_food
8904004400045.0,Bhujia sev,,,"['en:palm-oil-content-unknown', 'en:vegan-status-unknown', 'en:vegetarian-status-unknown']",,,other,no,,40.0,Moderately Biodegradable,non_food,bhujia sev,non_food
8936037364575.0,SPaline,,,,,,other,no,,30.0,Non Biodegradable,non_food,spaline,non_food
8936195060067.0,Smartises,,,,,,other,no,,30.0,Non Biodegradable,non_food,smartises,non_food
8901107001520.0,Sertraline,,en:paper-box,,,,other,yes,,90.0,Highly Biodegradable,non_food,sertraline,non_food
8934684011514.0,A-One Instant Noodles Schwein,,,,,,other,no,,30.0,Non Biodegradable,non_food,a-one instant noodles schwein,non_food
8904150501627.0,Pancake Mix,,,,,,other,no,,30.0,Non Biodegradable,non_food,pancake mix,non_food
8901719117978.0,parle,,vvb,,,,other,no,,40.0,Moderately Biodegradable,non_food,parle,non_food
8934684011477.0,A-one instant noodles mi ga Huhngeschmack,,,"['en:palm-oil', 'en:vegan-status-unknown', 'en:vegetarian-status-unknown']",,,other,no,,40.0,Moderately Biodegradable,non_food,a-one instant noodles mi ga huhngeschmack,non_food
8935005391308.0,Dâu Phông Xôp,,fr:Sachet en plastique,,,,other,no,,40.0,Moderately Biodegradable,non_food,dâu phông xôp,non_food
8902041022497.0,Creamy Wafer Biscuits,,,,,,snack,no,,30.0,Non Biodegradable,snack,creamy wafer biscuits,confectionery
8938505214672.0,Chocolat au café,,,,,,beverage,no,,30.0,Non Biodegradable,beverage,chocolat au café,beverage
8902672038096.0,Alphabet,,,"['en:palm-oil-free', 'en:vegan-status-unknown', 'en:vegetarian-status-unknown']",,,other,no,,40.0,Moderately Biodegradable,non_food,alphabet,non_food
8901063165847.0,Treat,,,,,,other,no,,30.0,Non Biodegradable,other_food,treat,other
8901491103442.0,Kurkure Naughty Tomato,,,"['en:palm-oil', 'en:vegan-status-unknown', 'en:vegetarian-status-unknown']",,,other,no,,40.0,Moderately Biodegradable,snack,kurkure naughty tomato,snack
8906013030695.0,wai wai maggi,,2 Nov 2020,,,,other,no,,40.0,Moderately Biodegradable,non_food,wai wai maggi,non_food
8903361339630.0,safari,,,"['en:palm-oil', 'en:non-vegan', 'en:vegetarian-status-unknown']",,,other,no,,40.0,Moderately Biodegradable,non_food,safari,non_food
8906121810028.0,Sing Bhujia,,,,,,other,no,,30.0,Non Biodegradable,non_food,sing bhujia,non_food
8997032221058.0,Noix de cajou au chocolat,,,"['en:vegan', 'en:vegetarian']",,,beverage,no,,40.0,Moderately Biodegradable,beverage,noix de cajou au chocolat,beverage
8936048120702.0,Rice paper Bành Trang Goi Cuon,,Plastique,,,,other,no,,40.0,Moderately Biodegradable,grain,rice paper bành trang goi cuon,grain
8901063362871.0,cake nut & raisin,,Plastic,"['en:may-contain-palm-oil', 'en:non-vegan', 'en:non-vegetarian']",,,other,no,,30.0,Non Biodegradable,non_food,cake nut & raisin,non_food
8935000901397.0,"GESCHÄLTE ERDNÜSSE, GEBRATEN, GESALZEN",,Kunststoff,,,,other,no,,40.0,Moderately Biodegradable,non_food,"geschälte erdnüsse, gebraten, gesalzen",non_food
8901042964294.0,MTR Garam Masala,,,,,,other,no,,30.0,Non Biodegradable,spices,mtr garam masala,spices
8906001055501.0,Mothers Punjabi Pachranga Pickle,,,,,,other,no,,30.0,Non Biodegradable,non_food,mothers punjabi pachranga pickle,non_food
8901595963362.0,Noodlws,,,"['en:palm-oil', 'en:vegan-status-unknown', 'en:vegetarian-status-unknown']",,,other,no,,40.0,Moderately Biodegradable,non_food,noodlws,non_food
8908002984200.0,Soulfull Ragi Bites,,,['en:vegetarian'],,,other,no,,35.0,Non Biodegradable,non_food,soulfull ragi bites,non_food
8936079560553.0,Vietcoco Organic,,,,,,other,no,,30.0,Non Biodegradable,non_food,vietcoco organic,non_food
8901030743146.0,sweet corn veg soup,,Plastic,"['en:palm-oil', 'en:vegan-status-unknown', 'en:vegetarian-status-unknown']",,,other,no,,30.0,Non Biodegradable,confectionery,sweet corn veg soup,confectionery
8934563308117.0,Good Minced Pork Flavour,,,"['en:palm-oil', 'en:vegan-status-unknown', 'en:vegetarian-status-unknown']",,,other,no,,40.0,Moderately Biodegradable,non_food,good minced pork flavour,non_food
8934684011484.0,Mì Tôm Garnelengeschmack,,,"['en:palm-oil', 'en:non-vegan', 'en:non-vegetarian']",,,other,no,,40.0,Moderately Biodegradable,non_food,mì tôm garnelengeschmack,non_food
8904120903055.0,Spice Drops,,"Bottle cap, Card-box, Glass-bottle, Pp-cap",,,,other,no,,50.0,Moderately Biodegradable,spices,spice drops,spices
8901777798126.0,Roti chapati,,,,,,other,no,,30.0,Non Biodegradable,non_food,roti chapati,non_food
8901138825614.0,Himalaya herbals,,,"['en:palm-oil-content-unknown', 'en:vegan-status-unknown', 'en:vegetarian-status-unknown']",,,other,no,,40.0,Moderately Biodegradable,non_food,himalaya herbals,non_food
8962682114210.0,gorgonzola dop bio,,,,,,other,no,,30.0,Non Biodegradable,non_food,gorgonzola dop bio,non_food
8992775220092.0,Coated peanuts garlic,,,,,,other,no,,30.0,Non Biodegradable,non_food,coated peanuts garlic,non_food
8936020040615.0,Aloevera,,,,,,other,no,,30.0,Non Biodegradable,non_food,aloevera,non_food
8901233022536.0,Bournvita biscuit,,,,,,snack,no,,30.0,Non Biodegradable,snack,bournvita biscuit,confectionery
8906049972433.0,Sudha Shakti Milk,,Plastic,"['en:palm-oil-free', 'en:non-vegan', 'en:vegetarian']",,,dairy,no,,30.0,Non Biodegradable,dairy,sudha shakti milk,dairy
8904226500523.0,Dried Cranberries,,Pastic,"['en:palm-oil-content-unknown', 'en:vegan-status-unknown', 'en:vegetarian-status-unknown']",,,other,no,,50.0,Moderately Biodegradable,non_food,dried cranberries,non_food
8901030681530.0,Tea bags,,Paper,,,,beverage,yes,,90.0,Highly Biodegradable,beverage,tea bags,beverage
8902433000416.0,Snickers Almond,,Plastic,"['en:palm-oil', 'en:non-vegan', 'en:vegetarian-status-unknown']",,,other,no,,30.0,Non Biodegradable,non_food,snickers almond,non_food
8901595971251.0,ching-s mix veg,,,"['en:palm-oil-free', 'en:non-vegan', 'en:vegetarian-status-unknown']",,,other,no,,40.0,Moderately Biodegradable,non_food,ching-s mix veg,non_food
8992735210095.0,Bumbu Nasi Goreng Indonesiia,,,"['en:may-contain-palm-oil', 'en:vegan', 'en:vegetarian']",,,other,no,,40.0,Moderately Biodegradable,non_food,bumbu nasi goreng indonesiia,non_food
8964000101513.0,mountain dew,,,,,,other,no,,30.0,Non Biodegradable,non_food,mountain dew,non_food
8934746054206.0,Bun Gao Lut,,,,,,other,no,,30.0,Non Biodegradable,non_food,bun gao lut,non_food
8904209302779.0,Chicken Tikka Massala,,,,,,other,no,,30.0,Non Biodegradable,non_food,chicken tikka massala,non_food
8938507849452.0,Organic Coconut Milk,,,"['en:vegan', 'en:vegetarian']",,,dairy,no,,40.0,Moderately Biodegradable,dairy,organic coconut milk,dairy
8997015535134.0,say chocolate,,,"['en:may-contain-palm-oil', 'en:non-vegan', 'en:vegetarian-status-unknown']",,,beverage,no,,40.0,Moderately Biodegradable,beverage,say chocolate,confectionery
8904004405521.0,Orange Soan Treat,,,,,,other,no,,30.0,Non Biodegradable,other_food,orange soan treat,other
8904037000397.0,pankajakasthuri breathe easy,,,,,,other,no,,30.0,Non Biodegradable,other_food,pankajakasthuri breathe easy,other
8936044400136.0,Tapiokanudeln,,,,,,other,no,,30.0,Non Biodegradable,non_food,tapiokanudeln,non_food
8934680011204.0,Potato crisps barbecue flavor,,,,,,other,no,,30.0,Non Biodegradable,confectionery,potato crisps barbecue flavor,snack
8908006315451.0,Moringa powder,,,,,,other,no,,30.0,Non Biodegradable,spices,moringa powder,other
8908010775760.0,pastiano,,30/09/20,,,,other,no,,40.0,Moderately Biodegradable,non_food,pastiano,non_food
8904084100538.0,Gingelli oil,,,,,,other,no,,30.0,Non Biodegradable,non_food,gingelli oil,non_food
8901560600223.0,Soya chunks,,,"['en:palm-oil-free', 'en:vegan', 'en:vegetarian']",,,other,no,,40.0,Moderately Biodegradable,non_food,soya chunks,grain
8904063259240.0,Sabudana tikki,,,,,,other,no,,30.0,Non Biodegradable,non_food,sabudana tikki,non_food
8904063259226.0,Spinach pakora,,,"['en:palm-oil-content-unknown', 'en:vegan-status-unknown', 'en:vegetarian-status-unknown']",,,other,no,,40.0,Moderately Biodegradable,non_food,spinach pakora,non_food
8935311140171.0,NAM VANG,,,"['en:palm-oil', 'en:vegan-status-unknown', 'en:vegetarian-status-unknown']",,,other,no,,40.0,Moderately Biodegradable,non_food,nam vang,non_food
8906001055341.0,Pickle de citron épicé,,,,,,other,no,,30.0,Non Biodegradable,non_food,pickle de citron épicé,non_food
8902550005363.0,Long murukku spicy,,,,,,other,no,,30.0,Non Biodegradable,non_food,long murukku spicy,non_food
8901725100568.0,Atta with multigrains,,,,,,other,no,,30.0,Non Biodegradable,grain,atta with multigrains,grain
8995154802032.0,Kartika Toast Bagelen Cheese,,,,,,dairy,no,,30.0,Non Biodegradable,dairy,kartika toast bagelen cheese,dairy
8904156711518.0,1 minute rasam,,,,,,other,no,,30.0,Non Biodegradable,non_food,1 minute rasam,non_food
8901088135061.0,Pongal,,,,,,other,no,,30.0,Non Biodegradable,non_food,pongal,non_food
8904156701984.0,Puliyogare,,,,,,other,no,,30.0,Non Biodegradable,non_food,puliyogare,non_food
8901552020237.0,Tamarind chutney,,,,,,other,no,,30.0,Non Biodegradable,condiment,tamarind chutney,sauce_condiment
8904314500022.0,Jus coco,,,,,,other,no,,30.0,Non Biodegradable,non_food,jus coco,non_food
8936083241615.0,fish finger,,Plastic,,,,other,no,,20.0,Non Biodegradable,non_food,fish finger,non_food
8901030656026.0,Taj Mahal,,,,,,other,no,,30.0,Non Biodegradable,non_food,taj mahal,non_food
8901144101054.0,Pure Original Basmati,,,"['en:palm-oil-content-unknown', 'en:vegan-status-unknown', 'en:vegetarian']",,,other,no,,40.0,Moderately Biodegradable,non_food,pure original basmati,non_food
8904304338154.0,Feuilles de moringa sechées,,,,,,other,no,,30.0,Non Biodegradable,non_food,feuilles de moringa sechées,non_food
8935005391285.0,Peanut cookies,,,,,,snack,no,,30.0,Non Biodegradable,snack,peanut cookies,confectionery
8901719255168.0,parle G,,,,,,other,no,,30.0,Non Biodegradable,non_food,parle g,non_food
8936036020120.0,Custas,,,,,,other,no,,30.0,Non Biodegradable,non_food,custas,non_food
8908010213095.0,8908010213095,,,"['en:palm-oil', 'en:vegan-status-unknown', 'en:vegetarian']",,,other,no,,40.0,Moderately Biodegradable,non_food,8908010213095,non_food
8997014630076.0,Riz Javanais VOLCANO BIO & EQUITABLE - sachet,,,,,,other,no,,30.0,Non Biodegradable,non_food,riz javanais volcano bio & equitable - sachet,non_food
8906017630006.0,Raisins noirs,,,,,,other,no,,30.0,Non Biodegradable,non_food,raisins noirs,non_food
8901058101577.0,Tomato Ketchup,,,,,,other,no,,30.0,Non Biodegradable,condiment,tomato ketchup,sauce_condiment
8935048603307.0,Aloe vera drink with pulp,,,,,,beverage,no,,30.0,Non Biodegradable,beverage,aloe vera drink with pulp,beverage
8904304337669.0,POWDER DE MORINGA,,,"['en:vegan', 'en:vegetarian']",,,other,no,,40.0,Moderately Biodegradable,spices,powder de moringa,other
8901552015547.0,Madras spicy poppadums,,"Pappe, 21 PAP","['en:palm-oil-free', 'en:vegan-status-unknown', 'en:vegetarian-status-unknown']",,,other,no,,50.0,Moderately Biodegradable,non_food,madras spicy poppadums,non_food
8904150126264.0,Cow's Pure Ghee,,"Vidrio,71 GL,Tarro","['en:palm-oil-free', 'en:non-vegan', 'en:vegetarian']",,,other,no,,50.0,Moderately Biodegradable,dairy,cow's pure ghee,dairy
8934579100415.0,Bon Tôm,,,,,,other,no,,30.0,Non Biodegradable,non_food,bon tôm,non_food
8934663900747.0,Vietnamese pho,,,,,,other,no,,30.0,Non Biodegradable,non_food,vietnamese pho,non_food
8934746052028.0,Sa Giang Hu Tieu Tapioka Reisnudeln,,,,,,other,no,,30.0,Non Biodegradable,non_food,sa giang hu tieu tapioka reisnudeln,non_food
89414735.0,Brioches Vapeur Porc & Légumes,,,,,,other,no,,30.0,Non Biodegradable,non_food,brioches vapeur porc & légumes,non_food
8904063208279.0,Aloo Achari Paratha,,,"['en:may-contain-palm-oil', 'en:vegan-status-unknown', 'en:vegetarian']",,,other,no,,40.0,Moderately Biodegradable,non_food,aloo achari paratha,non_food
8904004411003.0,Rusky,,,['en:vegetarian'],,,other,no,,35.0,Non Biodegradable,non_food,rusky,non_food
8935270803063.0,Rita watermelon juice,,,,,,beverage,no,,30.0,Non Biodegradable,beverage,rita watermelon juice,beverage
8995899250310.0,Bon Cabe Level 10,,,,,,other,no,,30.0,Non Biodegradable,non_food,bon cabe level 10,non_food
8935039514100.0,Aji-Quick Pho Bo,,,,,,other,no,,30.0,Non Biodegradable,non_food,aji-quick pho bo,non_food
8904063230010.0,Haldiram Bhujia400g,,Plastic,,,,other,no,,20.0,Non Biodegradable,non_food,haldiram bhujia400g,non_food
8935024142042.0,Trung Nguyen Coffee creative 3,,,,,,beverage,no,,30.0,Non Biodegradable,beverage,trung nguyen coffee creative 3,beverage
8935239904053.0,Ginger prawn dumpling,,,,,,other,no,,30.0,Non Biodegradable,non_food,ginger prawn dumpling,non_food
8901491983143.0,lays potato chips,,Plastic,"['en:palm-oil', 'en:non-vegan', 'en:vegetarian-status-unknown']",,,snack,no,,30.0,Non Biodegradable,snack,lays potato chips,snack
8908003115818.0,Osmania biscuits,,,,,,snack,no,,30.0,Non Biodegradable,snack,osmania biscuits,confectionery
8906002482481.0,Snickers,,,"['en:palm-oil', 'en:non-vegan', 'en:vegetarian']",,,other,no,,40.0,Moderately Biodegradable,non_food,snickers,non_food
8902433003165.0,orbit,,,,,,other,no,,30.0,Non Biodegradable,non_food,orbit,non_food
8936037050201.0,Green Rice (grüner Reis) 200G Com Xanh,,,,,,other,no,,30.0,Non Biodegradable,grain,green rice (grüner reis) 200g com xanh,grain
8997033001802.0,Native cashew nuts,,,,,,other,no,,30.0,Non Biodegradable,non_food,native cashew nuts,non_food
8901719656811.0,Fab Vanilla,,,"['en:palm-oil', 'en:vegan-status-unknown', 'en:vegetarian-status-unknown']",,,other,no,,40.0,Moderately Biodegradable,non_food,fab vanilla,non_food
8938507759096.0,Nuoc Mam Thuong Hang Fish Sauce,,,,,,other,no,,30.0,Non Biodegradable,condiment,nuoc mam thuong hang fish sauce,sauce_condiment
8961005060456.0,Hari Chutney,,,,,,other,no,,30.0,Non Biodegradable,condiment,hari chutney,sauce_condiment
8997016810896.0,Chocolate Monggo Dark Chocolate 77%,,,,,,beverage,no,,30.0,Non Biodegradable,beverage,chocolate monggo dark chocolate 77%,confectionery
8901155106321.0,Gits Khatta Dhokla Mix,,,,,,other,no,,30.0,Non Biodegradable,grain,gits khatta dhokla mix,grain
8901058101614.0,Hot and sweet,,,,,,other,no,,30.0,Non Biodegradable,confectionery,hot and sweet,confectionery
8904304500001.0,Swad kesar Mango Pulp,,,,,,other,no,,30.0,Non Biodegradable,non_food,swad kesar mango pulp,non_food
8906012906021.0,protein diskettes,,,,,,other,no,,30.0,Non Biodegradable,non_food,protein diskettes,non_food
8964000876084.0,Mango nectar,,,,,,other,no,,30.0,Non Biodegradable,non_food,mango nectar,non_food
8906032016991.0,Soya Granules,,,,,,other,no,,30.0,Non Biodegradable,non_food,soya granules,grain
8993175532457.0,Bánh Nabati,,Plastic,"['en:palm-oil-content-unknown', 'en:non-vegan', 'en:vegetarian-status-unknown']",,,other,no,,30.0,Non Biodegradable,non_food,bánh nabati,non_food
8935016801049.0,Jasmínový zelený čaj,,en:Plastic,,,,other,no,,20.0,Non Biodegradable,non_food,jasmínový zelený čaj,non_food
8908014985141.0,Granny's magic mixed pickle,,Plastic,"['en:palm-oil-free', 'en:vegan-status-unknown', 'en:vegetarian']",,,other,no,,30.0,Non Biodegradable,non_food,granny's magic mixed pickle,non_food
8904209302137.0,aachi,,mc,"['en:palm-oil-content-unknown', 'en:vegan-status-unknown', 'en:vegetarian-status-unknown']",,,other,no,,50.0,Moderately Biodegradable,non_food,aachi,non_food
8904304538622.0,Joy appalam,,,,,,other,no,,30.0,Non Biodegradable,non_food,joy appalam,non_food
8936093330149.0,Vegan pork chops,,,"['en:vegan', 'en:vegetarian']",,,other,no,,40.0,Moderately Biodegradable,non_food,vegan pork chops,non_food
8935115715117.0,Noni tea trà trài nhàu,,,,,,beverage,no,,30.0,Non Biodegradable,beverage,noni tea trà trài nhàu,beverage
8935063610908.0,Eggplant in chilli sauce,,,,,,other,no,,30.0,Non Biodegradable,condiment,eggplant in chilli sauce,sauce_condiment
8998777144138.0,Fitkom Tab Hisap Anggur,,,"['en:palm-oil-content-unknown', 'en:vegan-status-unknown', 'en:vegetarian-status-unknown']",,,other,no,,40.0,Moderately Biodegradable,non_food,fitkom tab hisap anggur,non_food
8999999516208.0,Royco Ayam 230gr,,,"['en:palm-oil-content-unknown', 'en:vegan-status-unknown', 'en:vegetarian-status-unknown']",,,other,no,,40.0,Moderately Biodegradable,non_food,royco ayam 230gr,non_food
8999999557058.0,Royco Kaldu Rasa Jamur 40g,,,"['en:palm-oil-content-unknown', 'en:vegan-status-unknown', 'en:vegetarian-status-unknown']",,,other,no,,40.0,Moderately Biodegradable,non_food,royco kaldu rasa jamur 40g,non_food
8999999540265.0,Bango Tongseng Solo,,,"['en:palm-oil-content-unknown', 'en:vegan-status-unknown', 'en:vegetarian-status-unknown']",,,other,no,,40.0,Moderately Biodegradable,non_food,bango tongseng solo,non_food
8994016003570.0,Alfamart Lada Putih 50g,,,"['en:palm-oil-content-unknown', 'en:vegan-status-unknown', 'en:vegetarian-status-unknown']",,,other,no,,40.0,Moderately Biodegradable,non_food,alfamart lada putih 50g,non_food
8998008170011.0,Mama Suka mayonais 300g,,,"['en:palm-oil-content-unknown', 'en:vegan-status-unknown', 'en:vegetarian-status-unknown']",,,other,no,,40.0,Moderately Biodegradable,non_food,mama suka mayonais 300g,non_food
8994907001395.0,Abc Sbl Bawang Pedas,,,"['en:palm-oil-content-unknown', 'en:vegan-status-unknown', 'en:vegetarian-status-unknown']",,,other,no,,40.0,Moderately Biodegradable,non_food,abc sbl bawang pedas,non_food
8992696418370.0,Abc Sbl Bawang Peda,,,"['en:palm-oil-content-unknown', 'en:vegan-status-unknown', 'en:vegetarian-status-unknown']",,,other,no,,40.0,Moderately Biodegradable,non_food,abc sbl bawang peda,non_food
8994171101784.0,Abc Sambal Extra Pedas,,,"['en:palm-oil-content-unknown', 'en:vegan-status-unknown', 'en:vegetarian-status-unknown']",,,other,no,,40.0,Moderately Biodegradable,non_food,abc sambal extra pedas,non_food
8993110000188.0,SO nice Sozzis Sapi,,,"['en:palm-oil-content-unknown', 'en:vegan-status-unknown', 'en:vegetarian-status-unknown']",,,other,no,,40.0,Moderately Biodegradable,non_food,so nice sozzis sapi,non_food
8996001355978.0,Beng-beng Share it,,,"['en:palm-oil-content-unknown', 'en:non-vegan', 'en:vegetarian-status-unknown']",,,other,no,,40.0,Moderately Biodegradable,non_food,beng-beng share it,non_food
8961014014433.0,chicken,,,,,,other,no,,30.0,Non Biodegradable,non_food,chicken,non_food
8935311140010.0,Pho gà,,,,,,other,no,,30.0,Non Biodegradable,non_food,pho gà,non_food
8901288230306.0,vicco turmeric cream,,,,,,cosmetic,no,,30.0,Non Biodegradable,cosmetic,vicco turmeric cream,spice
8936121118381.0,Jura basil seed,,,,,,other,no,,30.0,Non Biodegradable,non_food,jura basil seed,non_food
8901725133573.0,Biscute,,,"['en:palm-oil-free', 'en:non-vegan', 'en:vegetarian']",,,other,no,,40.0,Moderately Biodegradable,non_food,biscute,non_food
8901042970578.0,ots,,,,,,other,no,,30.0,Non Biodegradable,non_food,ots,non_food
8994963002671.0,Noodles Mi Goreng Barbeque Chicken Flavour,,"Metaal, Plastic, Recyclebaar metaal, Aluminium","['en:palm-oil', 'en:vegan-status-unknown', 'en:vegetarian-status-unknown']",,,other,no,,30.0,Non Biodegradable,confectionery,noodles mi goreng barbeque chicken flavour,confectionery
8901808003076.0,Weikfeild Jelly Orange,,,,,,other,no,,30.0,Non Biodegradable,non_food,weikfeild jelly orange,non_food
8908004827031.0,Filter tabbaq,,laziza,,,,other,no,,40.0,Moderately Biodegradable,non_food,filter tabbaq,non_food
8964000379196.0,Vanilla artificial flavor,,vanila,"['en:palm-oil-free', 'en:vegan-status-unknown', 'en:vegetarian-status-unknown']",,,other,no,,50.0,Moderately Biodegradable,non_food,vanilla artificial flavor,non_food
8906072793180.0,yo fun,,Plastic,,,,other,no,,20.0,Non Biodegradable,non_food,yo fun,non_food
8901042968193.0,3 minutes poha,,,,,,other,no,,30.0,Non Biodegradable,non_food,3 minutes poha,non_food
8964000702765.0,Refresh Mango,,,,,,other,no,,30.0,Non Biodegradable,non_food,refresh mango,non_food
8934781061023.0,Pho Bo,,,,,,other,no,,30.0,Non Biodegradable,non_food,pho bo,non_food
8934663900389.0,Instant Reisnudelsuppe mit Rindfleischgeschmack,,,,,,other,no,,30.0,Non Biodegradable,non_food,instant reisnudelsuppe mit rindfleischgeschmack,non_food
8901595862818.0,Dark Soy sauce,,,"['en:palm-oil-free', 'en:vegan-status-unknown', 'en:vegetarian-status-unknown']",,,other,no,,40.0,Moderately Biodegradable,condiment,dark soy sauce,sauce_condiment
8906021927680.0,Pure honey,,,,,,other,no,,30.0,Non Biodegradable,non_food,pure honey,non_food
8901884401308.0,Garmar in Brine,,,,,,other,no,,30.0,Non Biodegradable,non_food,garmar in brine,non_food
8941170005995.0,Choco loko,,,,,,other,no,,30.0,Non Biodegradable,non_food,choco loko,non_food
8936046156734.0,Vermicelles de rie,,,,,,other,no,,30.0,Non Biodegradable,non_food,vermicelles de rie,non_food
8936121110736.0,Tamarin,,fonds and berverage,"['en:palm-oil-content-unknown', 'en:vegan-status-unknown', 'en:vegetarian-status-unknown']",,,other,no,,50.0,Moderately Biodegradable,non_food,tamarin,non_food
8901030818660.0,Boost,,,"['en:palm-oil-content-unknown', 'en:non-vegan', 'en:vegetarian-status-unknown']",,,other,no,,40.0,Moderately Biodegradable,non_food,boost,non_food
8908013252046.0,mixed fruit granola,,,"['en:palm-oil', 'en:vegan-status-unknown', 'en:vegetarian-status-unknown']",,,other,no,,40.0,Moderately Biodegradable,non_food,mixed fruit granola,non_food
8901063136670.0,Marie Gold Biscuits,,gold,"['en:palm-oil', 'en:non-vegan', 'en:maybe-vegetarian']",,,snack,no,,50.0,Moderately Biodegradable,snack,marie gold biscuits,confectionery
8906054210032.0,Shanta G Khakhra,,,,,,other,no,,30.0,Non Biodegradable,non_food,shanta g khakhra,non_food
8906143312562.0,أرز بسمتي سيلا هندي / صابحه,,,,,,other,no,,30.0,Non Biodegradable,non_food,أرز بسمتي سيلا هندي / صابحه,non_food
8961100090181.0,Falak Premium Basmati Rice,,,,,,other,no,,30.0,Non Biodegradable,grain,falak premium basmati rice,grain
8901063151499.0,Good Day,,Paper,"['en:palm-oil', 'en:non-vegan', 'en:vegetarian-status-unknown']",,,other,yes,,100.0,Highly Biodegradable,non_food,good day,non_food
8904064627802.0,Nandhi,,,,,,other,no,,30.0,Non Biodegradable,non_food,nandhi,non_food
8902080011254.0,Mango delight,,Paper,"['en:palm-oil-content-unknown', 'en:vegan-status-unknown', 'en:vegetarian-status-unknown']",,,other,yes,,100.0,Highly Biodegradable,non_food,mango delight,non_food
8908005459163.0,Flaxseeds,,Plastic,"['en:vegan', 'en:vegetarian']",,,other,no,,30.0,Non Biodegradable,non_food,flaxseeds,non_food
8997014630014.0,Riz Javanais PANDAN BIO & EQUITABLE - sachet,,,,,,other,no,,30.0,Non Biodegradable,non_food,riz javanais pandan bio & equitable - sachet,non_food
8901058100600.0,Nestle Milkmaid Condensed Milk Tin,,,,,,dairy,no,,30.0,Non Biodegradable,dairy,nestle milkmaid condensed milk tin,dairy
8904256715478.0,GoodDiet Protein Bar Coconut,,Plastic wrapper,"['en:palm-oil-content-unknown', 'en:non-vegan', 'en:vegetarian']",,,other,no,,30.0,Non Biodegradable,confectionery,gooddiet protein bar coconut,confectionery
8990800016061.0,Mentos Papermint 35gr,,,"['en:palm-oil-content-unknown', 'en:vegan-status-unknown', 'en:vegetarian-status-unknown']",,,other,no,,40.0,Moderately Biodegradable,non_food,mentos papermint 35gr,non_food
8999999055738.0,Buavita,,,"['en:palm-oil-content-unknown', 'en:vegan-status-unknown', 'en:vegetarian-status-unknown']",,,other,no,,40.0,Moderately Biodegradable,non_food,buavita,non_food
8901552001069.0,Paste,,,,,,other,no,,30.0,Non Biodegradable,non_food,paste,non_food
8993172886836.0,Simba choco chips E-1B,,,"['en:palm-oil-content-unknown', 'en:vegan-status-unknown', 'en:vegetarian-status-unknown']",,,snack,no,,40.0,Moderately Biodegradable,snack,simba choco chips e-1b,snack
8901765124654.0,Sonic jel pen,,,,,,other,no,,30.0,Non Biodegradable,non_food,sonic jel pen,non_food
8904037219904.0,kachi ghani Cold pressed mustard oil,,Plastic,"['en:may-contain-palm-oil', 'en:vegan-status-unknown', 'en:vegetarian']",,,other,no,,30.0,Non Biodegradable,non_food,kachi ghani cold pressed mustard oil,non_food
8904037212721.0,Cow Ghee,,Plastic,"['en:palm-oil-content-unknown', 'en:vegan-status-unknown', 'en:vegetarian-status-unknown']",,,other,no,,30.0,Non Biodegradable,dairy,cow ghee,dairy
8906001055488.0,Punjabi mango pickle,,,,,,other,no,,30.0,Non Biodegradable,non_food,punjabi mango pickle,non_food
8938527759038.0,Vermicelles de riz frais,,,,,,other,no,,30.0,Non Biodegradable,non_food,vermicelles de riz frais,non_food
8995179100090.0,Minyak Kayu Putih,,botol,,,,other,no,,40.0,Moderately Biodegradable,non_food,minyak kayu putih,non_food
8993004786853.0,Mister Potato Crisps Roasted Beef,,,"['en:palm-oil-content-unknown', 'en:vegan-status-unknown', 'en:vegetarian-status-unknown']",,,other,no,,40.0,Moderately Biodegradable,non_food,mister potato crisps roasted beef,snack
8906000610336.0,Mc Cain Aloo Tikki,,,"['en:palm-oil-content-unknown', 'en:vegan-status-unknown', 'en:vegetarian']",,,other,no,,40.0,Moderately Biodegradable,non_food,mc cain aloo tikki,non_food
8998888461384.0,Thousand island salad dressing,,,,,,other,no,,30.0,Non Biodegradable,non_food,thousand island salad dressing,non_food
8902167000416.0,Mdh Sabji Masala 100G,,,,,,other,no,,30.0,Non Biodegradable,spices,mdh sabji masala 100g,spices
8901939122011.0,Madras appalam unfrittierte linsenchips,,,,,,snack,no,,30.0,Non Biodegradable,snack,madras appalam unfrittierte linsenchips,snack
8993007000680.0,Indomilk UHT Full Cream Plain,,,"['en:palm-oil-free', 'en:non-vegan', 'en:vegetarian-status-unknown']",,,dairy,no,,40.0,Moderately Biodegradable,dairy,indomilk uht full cream plain,dairy
8992753700301.0,FF Uht Coconut 946 ml,,,"['en:palm-oil-content-unknown', 'en:vegan-status-unknown', 'en:vegetarian-status-unknown']",,,other,no,,40.0,Moderately Biodegradable,non_food,ff uht coconut 946 ml,non_food
8901719291135.0,LITE CRACKERS,,,,,,other,no,,30.0,Non Biodegradable,snack,lite crackers,snack
8941152000758.0,Hot Chanachur,,,,,,other,no,,30.0,Non Biodegradable,non_food,hot chanachur,non_food
8938506170151.0,Rice crackers,,,,,,other,no,,30.0,Non Biodegradable,snack,rice crackers,grain
8938506170816.0,Rice cracker,,,,,,other,no,,30.0,Non Biodegradable,snack,rice cracker,grain
8991102281430.0,MintZ Chewy doumint,,,"['en:palm-oil-content-unknown', 'en:vegan-status-unknown', 'en:vegetarian-status-unknown']",,,other,no,,40.0,Moderately Biodegradable,non_food,mintz chewy doumint,non_food
8996001600207.0,Pucuk harum 500ml,,Plastic bottle,"['en:palm-oil-content-unknown', 'en:vegan-status-unknown', 'en:vegetarian-status-unknown']",,,other,no,,30.0,Non Biodegradable,non_food,pucuk harum 500ml,non_food
8904084100576.0,Huile de sesame,,,,,,other,no,,30.0,Non Biodegradable,non_food,huile de sesame,non_food
8901786041008.0,Jaljira Powder,,,,,,other,no,,30.0,Non Biodegradable,spices,jaljira powder,other
8904028422467.0,Samosa chutney,,,,,,other,no,,30.0,Non Biodegradable,condiment,samosa chutney,sauce_condiment
8934966025956.0,Nuoc Man an lien,,,,,,other,no,,30.0,Non Biodegradable,non_food,nuoc man an lien,non_food
8901595873258.0,Ginger Garlic Paste,,,,,,other,no,,30.0,Non Biodegradable,non_food,ginger garlic paste,non_food
8995108509864.0,Rebo Kuaci Caramel 150Gr,,,"['en:palm-oil-content-unknown', 'en:vegan-status-unknown', 'en:vegetarian-status-unknown']",,,other,no,,40.0,Moderately Biodegradable,non_food,rebo kuaci caramel 150gr,non_food
8992775203422.0,GARUDA ROSTA KACANG PANGGANG 95G,,,"['en:palm-oil-content-unknown', 'en:vegan-status-unknown', 'en:vegetarian-status-unknown']",,,other,no,,40.0,Moderately Biodegradable,non_food,garuda rosta kacang panggang 95g,non_food
8938536339009.0,satuchin,,satuchin,,,,other,no,,40.0,Moderately Biodegradable,non_food,satuchin,non_food
8906046472417.0,Pepe,,Unité,"['en:palm-oil-free', 'en:maybe-vegan', 'en:maybe-vegetarian']",,,other,no,,50.0,Moderately Biodegradable,non_food,pepe,non_food
8964000090596.0,Lays(Classic),,,"['en:palm-oil', 'en:vegan', 'en:vegetarian']",,,other,no,,40.0,Moderately Biodegradable,dairy,lays(classic),snack
8934878082016.0,Fried Onion,,,,,,other,no,,30.0,Non Biodegradable,non_food,fried onion,non_food
8906010501822.0,GIPPI,,,"['en:palm-oil-content-unknown', 'en:vegan-status-unknown', 'en:vegetarian-status-unknown']",,,other,no,,40.0,Moderately Biodegradable,non_food,gippi,non_food
8901595963317.0,Ching's Secret Manchurian noodles,,,,,,other,no,,30.0,Non Biodegradable,non_food,ching's secret manchurian noodles,non_food
8906005501585.0,Mastkin,,,,,,other,no,,30.0,Non Biodegradable,non_food,mastkin,non_food
8992761111540.0,FANTA STRAWBERRY ORG 250ML,,,,,,other,no,,30.0,Non Biodegradable,non_food,fanta strawberry org 250ml,non_food
8992761139018.0,AIR MINERAL ADES ECO GREEN 600ML,,,,,,other,no,,30.0,Non Biodegradable,non_food,air mineral ades eco green 600ml,non_food
8992761164508.0,NUTRIBOOST COFFEE 240ML,,,,,,beverage,no,,30.0,Non Biodegradable,beverage,nutriboost coffee 240ml,beverage
8906016420257.0,Roasted Peanuts plain,,,,,,other,no,,30.0,Non Biodegradable,non_food,roasted peanuts plain,non_food
8904234407418.0,Incesnse,,en:card-box,,,,other,no,,40.0,Moderately Biodegradable,non_food,incesnse,non_food
8906099460898.0,himalaya,,,"['en:palm-oil-content-unknown', 'en:vegan-status-unknown', 'en:vegetarian-status-unknown']",,,other,no,,40.0,Moderately Biodegradable,non_food,himalaya,non_food
8902167001093.0,MDH Karahi Chicken,,,,,,other,no,,30.0,Non Biodegradable,spices,mdh karahi chicken,spices
8906033261079.0,Black tea with natural Masala,,,['en:vegetarian'],,,beverage,no,,35.0,Non Biodegradable,beverage,black tea with natural masala,spices
8906046141566.0,Indian Brown Basmati Rice,,,"['en:vegan', 'en:vegetarian']",,,other,no,,40.0,Moderately Biodegradable,grain,indian brown basmati rice,grain
8934678020201.0,Pâtes végétariennes,,,,,,other,no,,30.0,Non Biodegradable,non_food,pâtes végétariennes,non_food
8941100513224.0,রুচি ঝাল চানাচুর,,পলিথিন,"['en:palm-oil-content-unknown', 'en:vegan-status-unknown', 'en:vegetarian-status-unknown']",,,other,no,,50.0,Moderately Biodegradable,non_food,রুচি ঝাল চানাচুর,non_food
8901491000161.0,Doritos,,,,,,other,no,,30.0,Non Biodegradable,non_food,doritos,non_food
8904064628588.0,Flacons de riz rouge,,,,,,other,no,,30.0,Non Biodegradable,non_food,flacons de riz rouge,non_food
8935270805753.0,Coconut water with watermelon juice imp,,,,,,beverage,no,,30.0,Non Biodegradable,beverage,coconut water with watermelon juice imp,beverage
8904063281197.0,Homestyle Paratha,,,,,,other,no,,30.0,Non Biodegradable,non_food,homestyle paratha,non_food
8938507849315.0,Coconut milk coffee,,,,,,dairy,no,,30.0,Non Biodegradable,beverage,coconut milk coffee,dairy
8934680033398.0,Flûtes,,,,,,other,no,,30.0,Non Biodegradable,non_food,flûtes,non_food
8904063230133.0,Cornflakes Mixture,,,,,,other,no,,30.0,Non Biodegradable,non_food,cornflakes mixture,non_food
8901552006293.0,Methi thepla,,,,,,other,no,,30.0,Non Biodegradable,non_food,methi thepla,non_food
8908008374562.0,Green to Green NEEM,,,['en:vegetarian'],,,other,no,,35.0,Non Biodegradable,non_food,green to green neem,non_food
8906091311167.0,asparagus,,pepar,"['en:palm-oil-content-unknown', 'en:vegan-status-unknown', 'en:vegetarian-status-unknown']",,,other,no,,50.0,Moderately Biodegradable,non_food,asparagus,non_food
8936143036601.0,Aloe vera juice,,,,,,beverage,no,,30.0,Non Biodegradable,beverage,aloe vera juice,beverage
8934684011507.0,Instant Noodles Mi Chay Vegetarisch,,Kunststoff,"['en:palm-oil', 'en:vegan-status-unknown', 'en:vegetarian-status-unknown']",,,other,no,,50.0,Moderately Biodegradable,non_food,instant noodles mi chay vegetarisch,non_food
8976809504341.0,Pan Bauletto Integrale,,,,,,other,no,,30.0,Non Biodegradable,non_food,pan bauletto integrale,non_food
8907392004703.0,Assortiment d’infusions au moringa,,,"['en:vegan', 'en:vegetarian']",,,other,no,,40.0,Moderately Biodegradable,non_food,assortiment d’infusions au moringa,non_food
8935270800314.0,Basil Seed Watermelon flavour,,,,,,other,no,,30.0,Non Biodegradable,non_food,basil seed watermelon flavour,non_food
8917331045063.0,Tisana sollievo stomaco,,,,,,other,no,,30.0,Non Biodegradable,non_food,tisana sollievo stomaco,non_food
8935048602577.0,Aloe vera drink,,,,,,beverage,no,,30.0,Non Biodegradable,beverage,aloe vera drink,beverage
8964000012253.0,Zaffron X Basmati Rice,,Fabric,,,,other,no,,40.0,Moderately Biodegradable,grain,zaffron x basmati rice,grain
8992696430266.0,PT Nestle Indonesia,,,,,,other,no,,30.0,Non Biodegradable,non_food,pt nestle indonesia,non_food
8906082570153.0,Nacho crips Spinach,,,,,,other,no,,30.0,Non Biodegradable,non_food,nacho crips spinach,non_food
8904063209672.0,chanachur,,,,,,other,no,,30.0,Non Biodegradable,non_food,chanachur,non_food
8900079003006.0,Tarallini caserecci,,,,,,other,no,,30.0,Non Biodegradable,non_food,tarallini caserecci,non_food
8961100093861.0,Kala namak,,,,,,other,no,,30.0,Non Biodegradable,non_food,kala namak,non_food
8935270801175.0,Latte di cocco,,,,,,other,no,,30.0,Non Biodegradable,non_food,latte di cocco,non_food
8901052010523.0,Tata tea premium,,,,,,beverage,no,,30.0,Non Biodegradable,beverage,tata tea premium,beverage
8934684026747.0,Instant noodles sojabohnengeschmack,,,,,,other,no,,30.0,Non Biodegradable,non_food,instant noodles sojabohnengeschmack,non_food
8934684026822.0,Instant noodles kim chi shrimpgeschmack,,,,,,other,no,,30.0,Non Biodegradable,non_food,instant noodles kim chi shrimpgeschmack,non_food
8992718853875.0,Gekikara ramen carbon pedas,,,"['en:palm-oil-content-unknown', 'en:vegan-status-unknown', 'en:vegetarian-status-unknown']",,,other,no,,40.0,Moderately Biodegradable,non_food,gekikara ramen carbon pedas,non_food
8906013032644.0,wai wai,,,,,,other,no,,30.0,Non Biodegradable,non_food,wai wai,non_food
8964000114506.0,Senna,,,,,,other,no,,30.0,Non Biodegradable,non_food,senna,non_food
8941100514740.0,Olive Pickle,,,,,,other,no,,30.0,Non Biodegradable,non_food,olive pickle,non_food
8934684011521.0,Instant Noodles Mì Bò Rindgeschmack,,,"['en:palm-oil', 'en:vegan-status-unknown', 'en:vegetarian-status-unknown']",,,other,no,,40.0,Moderately Biodegradable,non_food,instant noodles mì bò rindgeschmack,non_food
8904064662988.0,Huile de sésame,,,,,,other,no,,30.0,Non Biodegradable,non_food,huile de sésame,non_food
8936014317921.0,Bang Pia,,,,,,other,no,,30.0,Non Biodegradable,non_food,bang pia,non_food
8904063209948.0,Haldiram roti,,,,,,other,no,,30.0,Non Biodegradable,non_food,haldiram roti,non_food
8904067702568.0,Hing Jeera Peanuts,,,,,,other,no,,30.0,Non Biodegradable,non_food,hing jeera peanuts,non_food
8904063257932.0,Fatafat Bhel,,,,,,other,no,,30.0,Non Biodegradable,non_food,fatafat bhel,non_food
8935270801168.0,Coco’s water,,,,,,other,no,,30.0,Non Biodegradable,non_food,coco’s water,non_food
8958934320348.0,Crema spalmabile al pistacchio,,,,,,other,no,,30.0,Non Biodegradable,non_food,crema spalmabile al pistacchio,non_food
89235607.0,Datte,,,,,,other,no,,30.0,Non Biodegradable,non_food,datte,non_food
8903300150135.0,Lime pickle,,,,,,other,no,,30.0,Non Biodegradable,non_food,lime pickle,non_food
8992716109561.0,Biskuat,,,,,,other,no,,30.0,Non Biodegradable,non_food,biskuat,non_food
8902268008496.0,marco,,,"['en:palm-oil-content-unknown', 'en:vegan-status-unknown', 'en:vegetarian-status-unknown']",,,other,no,,40.0,Moderately Biodegradable,non_food,marco,non_food
8902268008557.0,marco bisc,,,"['en:palm-oil-content-unknown', 'en:vegan-status-unknown', 'en:vegetarian-status-unknown']",,,other,no,,40.0,Moderately Biodegradable,non_food,marco bisc,non_food
8901095000482.0,society Sweet spicy mango pickle,,Pouch flask,"['en:palm-oil-free', 'en:vegan-status-unknown', 'en:vegetarian-status-unknown']",,,other,no,,50.0,Moderately Biodegradable,confectionery,society sweet spicy mango pickle,confectionery
8989499101387.0,Formaggio,,,,,,other,no,,30.0,Non Biodegradable,non_food,formaggio,non_food
8934684027515.0,Fried Noodles - Mixed Food Flavor,,,,,,other,no,,30.0,Non Biodegradable,other_food,fried noodles - mixed food flavor,other
8906102540098.0,Assam tea,,,"['en:palm-oil-content-unknown', 'en:vegan-status-unknown', 'en:vegetarian-status-unknown']",,,beverage,no,,40.0,Moderately Biodegradable,beverage,assam tea,beverage
8906005618726.0,Pineapple Cake,,,"['en:palm-oil', 'en:non-vegan', 'en:non-vegetarian']",,,other,no,,40.0,Moderately Biodegradable,non_food,pineapple cake,non_food
8906013030947.0,X-press Instant Noodles Vegetable Flavour 70g,,,"['en:palm-oil', 'en:vegan-status-unknown', 'en:vegetarian']",,,other,no,,40.0,Moderately Biodegradable,non_food,x-press instant noodles vegetable flavour 70g,non_food
8934579100637.0,Pho' Chay,,,,,,other,no,,30.0,Non Biodegradable,non_food,pho' chay,non_food
89009451.0,Wudy,,,,,,other,no,,30.0,Non Biodegradable,non_food,wudy,non_food
8995077600814.0,Tic Tac Pedas 100G,,,,,,other,no,,30.0,Non Biodegradable,non_food,tic tac pedas 100g,non_food
8901161104496.0,Fried Onions,,,,,,other,no,,30.0,Non Biodegradable,non_food,fried onions,non_food
8935270806644.0,Basil Seed Drink with Lychee,,,,,,beverage,no,,30.0,Non Biodegradable,beverage,basil seed drink with lychee,beverage
8904063203830.0,Panipuri,,,,,,other,no,,30.0,Non Biodegradable,non_food,panipuri,non_food
8906036670205.0,Nandini Curd,,,"['en:palm-oil-content-unknown', 'en:vegan-status-unknown', 'en:vegetarian']",,,dairy,no,,40.0,Moderately Biodegradable,dairy,nandini curd,dairy
8995102708201.0,Bon nori,,,,,,other,no,,30.0,Non Biodegradable,non_food,bon nori,non_food
8902188482390.0,Ramdev Lemon Pickle,,,,,,other,no,,30.0,Non Biodegradable,non_food,ramdev lemon pickle,non_food
8980170621484.0,Bocconcini di pollo,,,,,,other,no,,30.0,Non Biodegradable,non_food,bocconcini di pollo,non_food
8936144482681.0,Riz jasmin brun,,,,,,other,no,,30.0,Non Biodegradable,non_food,riz jasmin brun,non_food
8992933854114.0,pop dringk,,Plastic,,,,other,no,,20.0,Non Biodegradable,non_food,pop dringk,non_food
8936014319666.0,Bánh Pia,,,,,,other,no,,30.0,Non Biodegradable,non_food,bánh pia,non_food
8906005500052.0,Bikaneri bhujia,,,,,,other,no,,30.0,Non Biodegradable,non_food,bikaneri bhujia,non_food
8934663800115.0,Hu tieu nhu,,,,,,other,no,,30.0,Non Biodegradable,non_food,hu tieu nhu,non_food
8994963000226.0,Süße Sojasoße /Sweet Soy Sauce,,,,,,other,no,,30.0,Non Biodegradable,confectionery,süße sojasoße /sweet soy sauce,confectionery
8901207004407.0,Real guava juice,,,,,,beverage,no,,30.0,Non Biodegradable,beverage,real guava juice,beverage
8936014160787.0,Arašídy,,,,,,other,no,,30.0,Non Biodegradable,non_food,arašídy,non_food
8994155110108.0,Krupuk Ikan Palambang,,Plastic,"['en:palm-oil-free', 'en:non-vegan', 'en:non-vegetarian']",,,other,no,,30.0,Non Biodegradable,non_food,krupuk ikan palambang,non_food
8908001105712.0,Black pepper,,,,,,other,no,,30.0,Non Biodegradable,spices,black pepper,spice
8901786140503.0,Everest sahi biryani Masala,,,,,,other,no,,30.0,Non Biodegradable,spices,everest sahi biryani masala,spices
8936020052571.0,Coco Naut,,,"['en:vegan', 'en:vegetarian']",,,other,no,,40.0,Moderately Biodegradable,non_food,coco naut,non_food
8904208600081.0,Palak Paneer,,,,,,dairy,no,,30.0,Non Biodegradable,dairy,palak paneer,dairy
8901414000216.0,Boondi,,,,,,other,no,,30.0,Non Biodegradable,non_food,boondi,non_food
8901233014081.0,Cadbury Zip Choc,,,,,,other,no,,30.0,Non Biodegradable,non_food,cadbury zip choc,non_food
8936143036861.0,Aloe Drink,,,,,,beverage,no,,30.0,Non Biodegradable,beverage,aloe drink,beverage
8940001275668.0,Ceevit™️forte,,,,,,other,no,,30.0,Non Biodegradable,non_food,ceevit™️forte,non_food
8935018172000.0,Filets de Panga surgelés,,,,,,other,no,,30.0,Non Biodegradable,non_food,filets de panga surgelés,non_food
8906001055389.0,Mango & chilli pickle,,,,,,other,no,,30.0,Non Biodegradable,non_food,mango & chilli pickle,non_food
8936020052298.0,Aloe vera Diet,,,"['en:palm-oil-content-unknown', 'en:vegan-status-unknown', 'en:vegetarian-status-unknown']",,,other,no,,40.0,Moderately Biodegradable,non_food,aloe vera diet,non_food
8904109440069.0,Olio di mandorle,,,,,,other,no,,30.0,Non Biodegradable,non_food,olio di mandorle,non_food
8991002103238.0,Good Day Mocacinno,,,"['en:palm-oil-content-unknown', 'en:vegan-status-unknown', 'en:vegetarian-status-unknown']",,,other,no,,40.0,Moderately Biodegradable,non_food,good day mocacinno,non_food
8901542016226.0,Glucon-D Regular,,paper,"['en:palm-oil-content-unknown', 'en:vegan-status-unknown', 'en:vegetarian-status-unknown']",,,other,yes,,100.0,Highly Biodegradable,non_food,glucon-d regular,non_food
8999999195649.0,Sari Wangi 100% Teh Asli,,"en:Box, en:Cardboard, da:20 PAP, en:pockets, Kotak kardus","['en:palm-oil-free', 'en:vegan', 'en:vegetarian']",,,other,yes,,100.0,Highly Biodegradable,non_food,sari wangi 100% teh asli,non_food
8907016009015.0,È un pennarello,,,,,,other,no,,30.0,Non Biodegradable,non_food,è un pennarello,non_food
8992858664706.0,Promag,,,"['en:palm-oil-content-unknown', 'en:vegan-status-unknown', 'en:vegetarian-status-unknown']",,,other,no,,40.0,Moderately Biodegradable,non_food,promag,non_food
8934585007340.0,Ha Cao,,,,,,other,no,,30.0,Non Biodegradable,non_food,ha cao,non_food
8999165000029.0,Sucre de fleur de coco,,,,,,other,no,,30.0,Non Biodegradable,non_food,sucre de fleur de coco,non_food
8901063203198.0,Britannia 50 Piece Little Hearts,,,"['en:palm-oil-content-unknown', 'en:vegan-status-unknown', 'en:vegetarian-status-unknown']",,,other,no,,40.0,Moderately Biodegradable,non_food,britannia 50 piece little hearts,non_food
8904064628632.0,Malabar Parotta,,,,,,other,no,,30.0,Non Biodegradable,confectionery,malabar parotta,confectionery
8901155411319.0,Gits Chana Masala Medium,,,,,,other,no,,30.0,Non Biodegradable,spices,gits chana masala medium,spices
8997232270016.0,Kecap asin sari ikan cap burung kiwi,,Glass bottle,"['en:palm-oil-content-unknown', 'en:vegan-status-unknown', 'en:vegetarian-status-unknown']",,,other,no,,60.0,Moderately Biodegradable,non_food,kecap asin sari ikan cap burung kiwi,non_food
8906080600647.0,Santra,,,"['en:palm-oil-free', 'en:vegan-status-unknown', 'en:vegetarian']",,,other,no,,40.0,Moderately Biodegradable,non_food,santra,non_food
8902080013036.0,Tropicana Apple Juice 100%,,,,,,beverage,no,,30.0,Non Biodegradable,beverage,tropicana apple juice 100%,beverage
8901764935206.0,Minute Maid Orange Juice,,,,,,beverage,no,,30.0,Non Biodegradable,beverage,minute maid orange juice,beverage
8906080600258.0,Paper Boat,,,,,,other,no,,30.0,Non Biodegradable,non_food,paper boat,non_food
8906015612370.0,Hangyo Belgian Choclate Icecream,,,,,,cosmetic,no,,30.0,Non Biodegradable,cosmetic,hangyo belgian choclate icecream,frozen_food
8901262040037.0,Amul Shrikand,,,,,,other,no,,30.0,Non Biodegradable,non_food,amul shrikand,non_food
8901233033563.0,Dairy Milk Silk minis,,,,,,dairy,no,,30.0,Non Biodegradable,dairy,dairy milk silk minis,dairy
8901393019964.0,Centerfresh Soft Chews,,,,,,other,no,,30.0,Non Biodegradable,non_food,centerfresh soft chews,non_food
8901764032271.0,Sprite 750ml,,Plastic,"['en:palm-oil-content-unknown', 'en:vegan-status-unknown', 'en:vegetarian-status-unknown']",,,other,no,,30.0,Non Biodegradable,non_food,sprite 750ml,non_food
8906048500699.0,FAREX,,,"['en:palm-oil-content-unknown', 'en:vegan-status-unknown', 'en:vegetarian-status-unknown']",,,other,no,,40.0,Moderately Biodegradable,non_food,farex,non_food
8901747002185.0,Wagh Bakri Masala Tea 250G,,,,,,beverage,no,,30.0,Non Biodegradable,beverage,wagh bakri masala tea 250g,spices
8938532005038.0,Drinkizz,,,,,,beverage,no,,30.0,Non Biodegradable,beverage,drinkizz,beverage
8906076271530.0,Premium Basmati Rice,,,,,,other,no,,30.0,Non Biodegradable,grain,premium basmati rice,grain
8904109490538.0,Cow’s ghee,,,,,,other,no,,30.0,Non Biodegradable,dairy,cow’s ghee,dairy
8906009182056.0,Pistachios,,,['en:vegetarian'],,,other,no,,35.0,Non Biodegradable,non_food,pistachios,non_food
8938538775027.0,Sữa Bắp Nếp Hương Việt,,Chai,"['en:palm-oil-content-unknown', 'en:vegan-status-unknown', 'en:vegetarian-status-unknown']",,,other,no,,50.0,Moderately Biodegradable,non_food,sữa bắp nếp hương việt,non_food
8936028041386.0,Vi xua Barona,,,,,,other,no,,30.0,Non Biodegradable,confectionery,vi xua barona,confectionery
8938538775034.0,Sữa bò tươi Hương Việt,,Chai,"['en:palm-oil-content-unknown', 'en:vegan-status-unknown', 'en:vegetarian-status-unknown']",,,other,no,,50.0,Moderately Biodegradable,non_food,sữa bò tươi hương việt,non_food
8938538775010.0,Sữa Hạt Sen Hương Việt,,Chai,"['en:palm-oil-content-unknown', 'en:vegan-status-unknown', 'en:vegetarian-status-unknown']",,,other,no,,50.0,Moderately Biodegradable,non_food,sữa hạt sen hương việt,non_food
8938538775003.0,Nước Hạt Sen Nha Đam Hương Việt,,Chai,"['en:palm-oil-content-unknown', 'en:vegan-status-unknown', 'en:vegetarian-status-unknown']",,,other,no,,50.0,Moderately Biodegradable,non_food,nước hạt sen nha đam hương việt,non_food
8936143033730.0,Jus de FOGO,,,,,,other,no,,30.0,Non Biodegradable,non_food,jus de fogo,non_food
8901440023463.0,Cumin Powder,,,,,,other,no,,30.0,Non Biodegradable,spices,cumin powder,spice
8936060390039.0,Long Grain Jasmine white rice,,,,,,other,no,,30.0,Non Biodegradable,grain,long grain jasmine white rice,grain
8936079561345.0,Vietcoco,,,,,,other,no,,30.0,Non Biodegradable,non_food,vietcoco,non_food
8910730083773.0,Tortellini,,,,,,other,no,,30.0,Non Biodegradable,non_food,tortellini,non_food
8938502623255.0,Roasted Peanuts (in shell),,,,,,other,no,,30.0,Non Biodegradable,non_food,roasted peanuts (in shell),non_food
8901682000048.0,Hot Lime Pickle,,en:glass-jar,,,,other,no,,50.0,Moderately Biodegradable,non_food,hot lime pickle,non_food
8906077361001.0,Dry Plain Bhakri,,,,,,other,no,,30.0,Non Biodegradable,non_food,dry plain bhakri,non_food
8907316005595.0,Carrot & chilli pickle,,,,,,other,no,,30.0,Non Biodegradable,non_food,carrot & chilli pickle,non_food
8901414000766.0,Tasty Арахис с пряностями,,,,,,other,no,,30.0,Non Biodegradable,non_food,tasty арахис с пряностями,non_food
8961101783532.0,Candeez,,,,,,other,no,,30.0,Non Biodegradable,non_food,candeez,non_food
8908005559078.0,Trauben mix kernlos,,Kunststoff,"['en:palm-oil-content-unknown', 'en:vegan-status-unknown', 'en:vegetarian-status-unknown']",,,other,no,,50.0,Moderately Biodegradable,non_food,trauben mix kernlos,non_food
8964002526000.0,Chocolate Sandwich,,,,,,beverage,no,,30.0,Non Biodegradable,beverage,chocolate sandwich,confectionery
8964002527311.0,Classic Chocolate Sooper,,,,,,beverage,no,,30.0,Non Biodegradable,beverage,classic chocolate sooper,dairy
8934684011545.0,MÌ KIMCHI TÔM,,,,,,other,no,,30.0,Non Biodegradable,non_food,mì kimchi tôm,non_food
8904004402056.0,All in one,,,,,,other,no,,30.0,Non Biodegradable,non_food,all in one,non_food
8900000002078.0,Raisin sans Pepin,,,,,,other,no,,30.0,Non Biodegradable,non_food,raisin sans pepin,non_food
8902330001332.0,Equilibrio fette croccanti mais,,,,,,other,no,,30.0,Non Biodegradable,non_food,equilibrio fette croccanti mais,non_food
8901719656613.0,Parle Hide&seek Fab Orange,,,,,,other,no,,30.0,Non Biodegradable,non_food,parle hide&seek fab orange,non_food
8904063256805.0,Idli,,"Cardboard, Frozen","['en:palm-oil-content-unknown', 'en:vegan', 'en:vegetarian']",,,other,yes,,100.0,Highly Biodegradable,non_food,idli,non_food
8906024450512.0,Green Tea Natural,,,,,,beverage,no,,30.0,Non Biodegradable,beverage,green tea natural,beverage
8906024451335.0,Green Tea - Lemon and Honey,,,,,,beverage,no,,30.0,Non Biodegradable,beverage,green tea - lemon and honey,beverage
8901030456381.0,Taaza tea,,Plastic,,,,beverage,no,,20.0,Non Biodegradable,beverage,taaza tea,beverage
8935134590054.0,Pitted black Olives,,,,,,other,no,,30.0,Non Biodegradable,non_food,pitted black olives,non_food
8901058841138.0,Nescafe CLASSIC,,,,,,other,no,,30.0,Non Biodegradable,dairy,nescafe classic,dairy
8997204570007.0,Krupuk bocah-tua,,Plastic,"['en:palm-oil-free', 'en:vegan', 'en:vegetarian']",,,other,no,,30.0,Non Biodegradable,non_food,krupuk bocah-tua,non_food
8965250001523.0,Chantilly,,,,,,other,no,,30.0,Non Biodegradable,non_food,chantilly,non_food
8936193070013.0,Lemon green tea mp,,,,,,beverage,no,,30.0,Non Biodegradable,beverage,lemon green tea mp,beverage
8936126164079.0,Jus grenade avec graines de basilic,,,"['en:palm-oil-free', 'en:vegan-status-unknown', 'en:vegetarian-status-unknown']",,,other,no,,40.0,Moderately Biodegradable,non_food,jus grenade avec graines de basilic,non_food
8964002347063.0,lays,,,,,,other,no,,30.0,Non Biodegradable,non_food,lays,snack
8904109474088.0,Unpolished Pulses (Mix Pulses),,Plastic,"['en:palm-oil-content-unknown', 'en:vegan-status-unknown', 'en:vegetarian-status-unknown']",,,other,no,,30.0,Non Biodegradable,non_food,unpolished pulses (mix pulses),non_food
8905002026015.0,Kingfisher ultra,,,,,,other,no,,30.0,Non Biodegradable,non_food,kingfisher ultra,non_food
8993200663835.0,Yogurt Drink,,,,,,dairy,no,,30.0,Non Biodegradable,beverage,yogurt drink,dairy
8976802577472.0,Cuor di pane integrale,,,,,,other,no,,30.0,Non Biodegradable,non_food,cuor di pane integrale,non_food
8901207027321.0,dabur red paste,,,,,,other,no,,30.0,Non Biodegradable,non_food,dabur red paste,non_food
8934966042793.0,Shrimp,,,,,,other,no,,30.0,Non Biodegradable,non_food,shrimp,non_food
8998009010637.0,Ultra Milk Low Fat,,,"['en:palm-oil-free', 'en:non-vegan', 'en:vegetarian-status-unknown']",,,dairy,no,,40.0,Moderately Biodegradable,dairy,ultra milk low fat,dairy
8992696521001.0,Nestum,,,,,,other,no,,30.0,Non Biodegradable,non_food,nestum,non_food
8997016379829.0,herborist,,,,,,other,no,,30.0,Non Biodegradable,non_food,herborist,non_food
8994016009084.0,Paroti Soes Chocolate 51Gr,,,"['en:palm-oil-content-unknown', 'en:vegan-status-unknown', 'en:vegetarian-status-unknown']",,,beverage,no,,40.0,Moderately Biodegradable,beverage,paroti soes chocolate 51gr,confectionery
8994016000920.0,Alfamart Mangkok Tahu,,,"['en:palm-oil-content-unknown', 'en:vegan-status-unknown', 'en:vegetarian-status-unknown']",,,other,no,,40.0,Moderately Biodegradable,non_food,alfamart mangkok tahu,non_food
8992775204009.0,Garuda Kcg Atom Jatim 130Gr,,,"['en:palm-oil-content-unknown', 'en:vegan-status-unknown', 'en:vegetarian-status-unknown']",,,other,no,,40.0,Moderately Biodegradable,non_food,garuda kcg atom jatim 130gr,non_food
8993110076183.0,Sozzis Fillo Hot 45Gr,,,"['en:palm-oil-content-unknown', 'en:vegan-status-unknown', 'en:vegetarian-status-unknown']",,,other,no,,40.0,Moderately Biodegradable,non_food,sozzis fillo hot 45gr,non_food
8993110076688.0,Sozzis Fillo Cheeze 45Gr,,,,,,other,no,,30.0,Non Biodegradable,non_food,sozzis fillo cheeze 45gr,non_food
8993110071218.0,Sozzis Boboi Boy Ayam 3x25Gr,,,"['en:palm-oil-content-unknown', 'en:vegan-status-unknown', 'en:vegetarian-status-unknown']",,,other,no,,40.0,Moderately Biodegradable,non_food,sozzis boboi boy ayam 3x25gr,non_food
8936126164000.0,Boisson kiwi avec graines de basilic,,,,,,other,no,,30.0,Non Biodegradable,non_food,boisson kiwi avec graines de basilic,non_food
8900000103683.0,Cruscoro,,,,,,other,no,,30.0,Non Biodegradable,non_food,cruscoro,non_food
8936121118411.0,Jus mango,,,,,,other,no,,30.0,Non Biodegradable,non_food,jus mango,non_food
8908010431079.0,tower,,,,,,other,no,,30.0,Non Biodegradable,non_food,tower,non_food
8901595862740.0,Red Chilli Sauce,,,"['en:palm-oil-free', 'en:non-vegan', 'en:vegetarian']",,,other,no,,40.0,Moderately Biodegradable,condiment,red chilli sauce,sauce_condiment
8935476803133.0,Gamberetti,,,,,,other,no,,30.0,Non Biodegradable,non_food,gamberetti,non_food
8904071702349.0,Mix Farsan,,,"['en:palm-oil', 'en:vegan-status-unknown', 'en:vegetarian-status-unknown']",,,other,no,,40.0,Moderately Biodegradable,non_food,mix farsan,non_food
8992741970549.0,Gummi Zone Burger,,"Plástico, Bolsa",,,,other,no,,40.0,Moderately Biodegradable,non_food,gummi zone burger,non_food
8901595972159.0,Hakka noodles masala,,,"['en:palm-oil-free', 'en:maybe-vegan', 'en:maybe-vegetarian']",,,other,no,,40.0,Moderately Biodegradable,spices,hakka noodles masala,spices
8932514138042.0,Rice vermicelli,,,,,,other,no,,30.0,Non Biodegradable,grain,rice vermicelli,grain
8938507849179.0,Cocoxim pure coconut water,,,,,,other,no,,30.0,Non Biodegradable,non_food,cocoxim pure coconut water,non_food
8936093330576.0,Vegan grilles steak,,,"['en:vegan', 'en:vegetarian']",,,beverage,no,,40.0,Moderately Biodegradable,beverage,vegan grilles steak,beverage
8941100514481.0,Tetul,,,,,,other,no,,30.0,Non Biodegradable,non_food,tetul,non_food
8961005330115.0,Chana daal,,,,,,other,no,,30.0,Non Biodegradable,non_food,chana daal,non_food
89002803.0,Biscotti regina,,,,,,other,no,,30.0,Non Biodegradable,non_food,biscotti regina,non_food
8936043260601.0,Mì Trung Khô,,Kunstatoff,"['en:palm-oil-content-unknown', 'en:vegan-status-unknown', 'en:vegetarian-status-unknown']",,,other,no,,50.0,Moderately Biodegradable,non_food,mì trung khô,non_food
8964002216505.0,Himalayan salt,,,,,,other,no,,30.0,Non Biodegradable,spices,himalayan salt,other
8901595972548.0,Chowmein hakka noodles masala,,,"['en:palm-oil-free', 'en:vegan-status-unknown', 'en:vegetarian']",,,other,no,,40.0,Moderately Biodegradable,spices,chowmein hakka noodles masala,spices
8906011410079.0,Jeera udad papad,,,['en:vegetarian'],,,other,no,,35.0,Non Biodegradable,non_food,jeera udad papad,non_food
8930000721020.0,Spring Roll Wrappers,,,,,,other,no,,30.0,Non Biodegradable,non_food,spring roll wrappers,non_food
8934563227159.0,Pho noodles stir fryed,,,,,,other,no,,30.0,Non Biodegradable,non_food,pho noodles stir fryed,non_food
8904173504872.0,Natura RAMSONS,,,"['en:palm-oil-content-unknown', 'en:vegan-status-unknown', 'en:vegetarian-status-unknown']",,,other,no,,40.0,Moderately Biodegradable,non_food,natura ramsons,non_food
8908001017220.0,Cornitos Nacho Crisps Barbeque,,,,,,other,no,,30.0,Non Biodegradable,confectionery,cornitos nacho crisps barbeque,snack
8906005183330.0,Jaggery Powder,,,,,,other,no,,30.0,Non Biodegradable,spices,jaggery powder,other
8904146967277.0,Traditional basmati rice,,,,,,other,no,,30.0,Non Biodegradable,grain,traditional basmati rice,grain
8936184240449.0,100% pure coconut water with pulp,,,,,,other,no,,30.0,Non Biodegradable,non_food,100% pure coconut water with pulp,non_food
8901552025164.0,Original Mango Chutney,,,"['en:palm-oil-free', 'en:vegan-status-unknown', 'en:vegetarian-status-unknown']",,,other,no,,40.0,Moderately Biodegradable,condiment,original mango chutney,sauce_condiment
8934680033305.0,Oreo Wafer Roll,,,,,,other,no,,30.0,Non Biodegradable,non_food,oreo wafer roll,non_food
8994963002800.0,Noodles,,Ⓡ Adormie Noodles 23. A14 SE Mi oreng St-Fry Noodles Nouilles Sautées Gebakken Noedels 80g e Each portion (80g) Energy 1589 KJ/ 380 kcal 3min. 19%* Typical Value Per 100 g. 1988/475 kcal *Of the Reference Intake of an average 11. 1 PL SERVING SUGGESTION SERVIEWORSCHLAG SERVEERSUGGESTIE/SUGGESTION DE PRESENTA,"['en:palm-oil', 'en:vegan-status-unknown', 'en:vegetarian-status-unknown']",,,other,no,,50.0,Moderately Biodegradable,non_food,noodles,non_food
8935000914069.0,Tige de taro surgelée,,"Plastique, Sachet, Surgelé","['en:palm-oil-content-unknown', 'en:vegan-status-unknown', 'en:vegetarian-status-unknown']",,,other,no,,50.0,Moderately Biodegradable,non_food,tige de taro surgelée,non_food
8904064627697.0,Nandhi applam,,,,,,other,no,,30.0,Non Biodegradable,non_food,nandhi applam,non_food
8908001017121.0,Cheese And Herbs,,,,,,dairy,no,,30.0,Non Biodegradable,dairy,cheese and herbs,dairy
8936007820070.0,Vietnamese rice paper,,,,,,other,no,,30.0,Non Biodegradable,grain,vietnamese rice paper,grain
8935118306114.0,Peanut Butter Creamy,,,,,,dairy,no,,30.0,Non Biodegradable,dairy,peanut butter creamy,dairy
8936014318874.0,Gao Luc,,,,,,other,no,,30.0,Non Biodegradable,non_food,gao luc,non_food
8901030674570.0,Brooke Bond Red Label Natural Care Flavoured Tea,,Paper Carton,['en:vegetarian'],,,beverage,yes,,95.0,Highly Biodegradable,beverage,brooke bond red label natural care flavoured tea,beverage
8901063155282.0,Tiger Krunch Chocochips,,fr:sachet plastique,"['en:palm-oil', 'en:vegan-status-unknown', 'en:vegetarian-status-unknown']",,,snack,no,,50.0,Moderately Biodegradable,snack,tiger krunch chocochips,snack
8936017360962.0,Chin-Su Chilikastike,,,,,,other,no,,30.0,Non Biodegradable,non_food,chin-su chilikastike,non_food
8904063281265.0,Pudina Paratha,,,,,,other,no,,30.0,Non Biodegradable,non_food,pudina paratha,non_food
8901155420311.0,Methi matar - gits ready meals,,,,,,other,no,,30.0,Non Biodegradable,non_food,methi matar - gits ready meals,non_food
8908002777239.0,Health mix drink powder,,Container,,,,beverage,no,,40.0,Moderately Biodegradable,beverage,health mix drink powder,beverage
8938522889426.0,Манго сушений,,,,,,other,no,,30.0,Non Biodegradable,non_food,манго сушений,non_food
8997032221010.0,Roh Kakao,,,"['en:palm-oil-content-unknown', 'en:vegan', 'en:vegetarian']",,,other,no,,40.0,Moderately Biodegradable,non_food,roh kakao,non_food
8980170620692.0,Hamburger di pollo,,,,,,other,no,,30.0,Non Biodegradable,non_food,hamburger di pollo,non_food
8936009600083.0,Bánh tráng rế cuốn chả Giò Reispapier,,,,,,other,no,,30.0,Non Biodegradable,non_food,bánh tráng rế cuốn chả giò reispapier,non_food
8934804027364.0,Nescafe Iced Black Coffee Bag 12 35,,,,,,beverage,no,,30.0,Non Biodegradable,beverage,nescafe iced black coffee bag 12 35,beverage
8961008213866.0,Nesfruta,,Box,"['en:may-contain-palm-oil', 'en:vegan-status-unknown', 'en:vegetarian-status-unknown']",,,other,no,,50.0,Moderately Biodegradable,non_food,nesfruta,non_food
8901939121953.0,Riz rouge,,,,,,other,no,,30.0,Non Biodegradable,non_food,riz rouge,non_food
8901595852352.0,DARK SAUCE,,,,,,other,no,,30.0,Non Biodegradable,condiment,dark sauce,sauce_condiment
8934680114288.0,Toasted chips,,,,,,snack,no,,30.0,Non Biodegradable,snack,toasted chips,snack
8996001354001.0,kalpa,,Plastic,"['en:palm-oil-content-unknown', 'en:vegan-status-unknown', 'en:vegetarian-status-unknown']",,,other,no,,30.0,Non Biodegradable,non_food,kalpa,non_food
8906069402644.0,Veeba eggless mayonnaise 250 g,,,,,,other,no,,30.0,Non Biodegradable,condiment,veeba eggless mayonnaise 250 g,other
8901063136441.0,Creme Biscuit with Chocolate,,,"['en:palm-oil', 'en:non-vegan', 'en:vegetarian']",,,snack,no,,40.0,Moderately Biodegradable,beverage,creme biscuit with chocolate,confectionery
8906068800038.0,кюпен юниор,,,,,,other,no,,30.0,Non Biodegradable,non_food,кюпен юниор,non_food
8963472151699.0,Hydro iso whey isobolic,,,,,,other,no,,30.0,Non Biodegradable,non_food,hydro iso whey isobolic,non_food
8936126164048.0,Graines de basilic avec pastèque,,,,,,other,no,,30.0,Non Biodegradable,non_food,graines de basilic avec pastèque,non_food
8992696520103.0,nestle,,10,,,,other,no,,40.0,Moderately Biodegradable,non_food,nestle,non_food
8906005505040.0,Soya sticks,,,"['en:palm-oil', 'en:vegan-status-unknown', 'en:vegetarian-status-unknown']",,,other,no,,40.0,Moderately Biodegradable,non_food,soya sticks,grain
8901552000857.0,Carrot pickle,,,,,,other,no,,30.0,Non Biodegradable,non_food,carrot pickle,non_food
8964000883532.0,pure ghee,,,,,,other,no,,30.0,Non Biodegradable,dairy,pure ghee,dairy
8901552016124.0,Jumbo Punjabi Samosa,,,"['en:vegan', 'en:vegetarian']",,,other,no,,40.0,Moderately Biodegradable,non_food,jumbo punjabi samosa,non_food
8936183450771.0,Chips crevette,,,"['en:palm-oil-free', 'en:non-vegan', 'en:non-vegetarian']",,,snack,no,,40.0,Moderately Biodegradable,snack,chips crevette,snack
8901522001648.0,Blenders Pride,,,,,,other,no,,30.0,Non Biodegradable,non_food,blenders pride,non_food
8936183450337.0,Sauce sucrée épicée,,,,,,other,no,,30.0,Non Biodegradable,condiment,sauce sucrée épicée,sauce_condiment
8986698356020.0,Arroz Basmati,,,,,,other,no,,30.0,Non Biodegradable,non_food,arroz basmati,non_food
8901262201780.0,Masala butter milk,,,,,,dairy,no,,30.0,Non Biodegradable,dairy,masala butter milk,dairy
8901542001642.0,Glucond orange 450g,,,,,,other,no,,30.0,Non Biodegradable,non_food,glucond orange 450g,non_food
8906076271592.0,Basmati creamy sella Rice,,,,,,cosmetic,no,,30.0,Non Biodegradable,grain,basmati creamy sella rice,grain
8908001017114.0,Tomato Mexicana,,,,,,other,no,,30.0,Non Biodegradable,non_food,tomato mexicana,non_food
8901063405011.0,Britannia Cow's ghee,,,,,,other,no,,30.0,Non Biodegradable,dairy,britannia cow's ghee,dairy
8936190131793.0,Boisson jus de tamarin,,,,,,other,no,,30.0,Non Biodegradable,non_food,boisson jus de tamarin,non_food
8901058855845.0,Lactogen 2,,,,,,other,no,,30.0,Non Biodegradable,non_food,lactogen 2,non_food
8901063342910.0,Brown bread,,Plastic,['en:vegetarian'],,,other,no,,25.0,Non Biodegradable,non_food,brown bread,non_food
8901063136694.0,5050,,,,,,other,no,,30.0,Non Biodegradable,non_food,5050,non_food
8901552025102.0,Punjabi Tandoori Paste,,,,,,other,no,,30.0,Non Biodegradable,non_food,punjabi tandoori paste,non_food
8997005700047.0,summer breeze,,Papier,,,,other,no,,40.0,Moderately Biodegradable,non_food,summer breeze,non_food
8901063136403.0,Britannia™ nutriCHOICE 5 Grain Digestive Biscuit,,Paper,"['en:palm-oil', 'en:non-vegan', 'en:vegetarian-status-unknown']",,,snack,yes,,100.0,Highly Biodegradable,snack,britannia™ nutrichoice 5 grain digestive biscuit,confectionery
8908000870048.0,Plain Khakhra,,,,,,other,no,,30.0,Non Biodegradable,non_food,plain khakhra,non_food
8901262070539.0,FRUIT N' NUT Dark Chocolate,,,"['en:palm-oil-free', 'en:vegan-status-unknown', 'en:vegetarian']",,,beverage,no,,40.0,Moderately Biodegradable,beverage,fruit n' nut dark chocolate,confectionery
8904063254597.0,Tea time khari,,,,,,beverage,no,,30.0,Non Biodegradable,beverage,tea time khari,beverage
8992802220057.0,Prenagen Emesis Vanila Box 200Gr,,,"['en:palm-oil-content-unknown', 'en:vegan-status-unknown', 'en:vegetarian-status-unknown']",,,other,no,,40.0,Moderately Biodegradable,non_food,prenagen emesis vanila box 200gr,non_food
8901030779282.0,Green tea honey lemon 25 Tea Bags,,,,,,beverage,no,,30.0,Non Biodegradable,beverage,green tea honey lemon 25 tea bags,beverage
8901030646201.0,Bru Green Lable,,Plastic,,,,other,no,,20.0,Non Biodegradable,non_food,bru green lable,non_food
8936058380189.0,Yen Linh,,,,,,other,no,,30.0,Non Biodegradable,non_food,yen linh,non_food
8997204770094.0,Blackmond,,,,,,other,no,,30.0,Non Biodegradable,non_food,blackmond,non_food
8938529659169.0,Getrocknete Shiitake Pilze,,,"['en:palm-oil-content-unknown', 'en:vegan-status-unknown', 'en:vegetarian-status-unknown']",,,other,no,,40.0,Moderately Biodegradable,non_food,getrocknete shiitake pilze,non_food
8935202218866.0,polpi indopacifici puliti congelati,,,,,,other,no,,30.0,Non Biodegradable,non_food,polpi indopacifici puliti congelati,non_food
8997032221096.0,Raw cacao nibs,,,,,,other,no,,30.0,Non Biodegradable,confectionery,raw cacao nibs,confectionery
8904358701195.0,Sesame oil,,,,,,other,no,,30.0,Non Biodegradable,non_food,sesame oil,non_food
8904076000044.0,pure ghe e,,,,,,other,no,,30.0,Non Biodegradable,non_food,pure ghe e,non_food
8906027713935.0,Lassi,,,,,,other,no,,30.0,Non Biodegradable,dairy,lassi,dairy
8901552014410.0,Lime Pickle in olive oil,,Glass Bottle,"['en:palm-oil-free', 'en:vegan', 'en:vegetarian']",,,other,no,,60.0,Moderately Biodegradable,non_food,lime pickle in olive oil,non_food
8934866012018.0,cocoa coconut candy,,,,,,other,no,,30.0,Non Biodegradable,confectionery,cocoa coconut candy,confectionery
8938110007553.0,Cotolette con fuletti du pollo,,,,,,other,no,,30.0,Non Biodegradable,non_food,cotolette con fuletti du pollo,non_food
8901725114916.0,Marie light,,,"['en:palm-oil-content-unknown', 'en:vegan-status-unknown', 'en:vegetarian-status-unknown']",,,other,no,,40.0,Moderately Biodegradable,non_food,marie light,non_food
8936015310884.0,Bún Tươi,,,,,,other,no,,30.0,Non Biodegradable,non_food,bún tươi,non_food
8901262071161.0,Tanzania chocolat noir,,,,,,beverage,no,,30.0,Non Biodegradable,beverage,tanzania chocolat noir,beverage
8961005061477.0,Date & Tamarind Chutney,,,,,,other,no,,30.0,Non Biodegradable,condiment,date & tamarind chutney,sauce_condiment
8936036025927.0,Banana,,,,,,other,no,,30.0,Non Biodegradable,non_food,banana,non_food
8903553601613.0,Pickel,,,"['en:palm-oil-content-unknown', 'en:vegan-status-unknown', 'en:vegetarian-status-unknown']",,,other,no,,40.0,Moderately Biodegradable,non_food,pickel,non_food
8994963002794.0,Instant noodles,,,"['en:palm-oil', 'en:vegan-status-unknown', 'en:vegetarian-status-unknown']",,,other,no,,40.0,Moderately Biodegradable,non_food,instant noodles,non_food
8936020058306.0,I Love Mangosteen & Chia,,,,,,other,no,,30.0,Non Biodegradable,non_food,i love mangosteen & chia,non_food
8992866110608.0,bigen,,,,,,other,no,,30.0,Non Biodegradable,non_food,bigen,non_food
8935149700905.0,Fagittini mazzancolle tropicali,,,,,,other,no,,30.0,Non Biodegradable,non_food,fagittini mazzancolle tropicali,non_food
8936010680395.0,Yum yum duck flavour,,,,,,other,no,,30.0,Non Biodegradable,non_food,yum yum duck flavour,non_food
8998866201841.0,golda coffee latte,,botol,"['en:palm-oil-content-unknown', 'en:vegan-status-unknown', 'en:vegetarian-status-unknown']",,,beverage,no,,50.0,Moderately Biodegradable,beverage,golda coffee latte,beverage
8909509283339.0,Kinder CereAlé - Kinder,,,,,,other,no,,30.0,Non Biodegradable,cereal,kinder cerealé - kinder,cereal
8935149505036.0,Roasted peanut with cheese,,,,,,dairy,no,,30.0,Non Biodegradable,dairy,roasted peanut with cheese,dairy
8901712341028.0,Wild rose green tea,,,,,,beverage,no,,30.0,Non Biodegradable,beverage,wild rose green tea,beverage
8998777144121.0,Fitkom Gummy,,,,,,other,no,,30.0,Non Biodegradable,non_food,fitkom gummy,non_food
8991001770554.0,Delfi Big Thunder 36 Gr,,,"['en:palm-oil-content-unknown', 'en:vegan-status-unknown', 'en:vegetarian-status-unknown']",,,other,no,,40.0,Moderately Biodegradable,non_food,delfi big thunder 36 gr,non_food
8993007000253.0,indomilk kids stwab 115ml,,,"['en:palm-oil-content-unknown', 'en:vegan-status-unknown', 'en:vegetarian-status-unknown']",,,dairy,no,,40.0,Moderately Biodegradable,dairy,indomilk kids stwab 115ml,dairy
8901063092433.0,Good day cookies,,,,,,snack,no,,30.0,Non Biodegradable,snack,good day cookies,confectionery
8908008374241.0,Triphala,,,,,,other,no,,30.0,Non Biodegradable,non_food,triphala,non_food
8936079120115.0,Lays Vį Tào Biên Nori,,,,,,other,no,,30.0,Non Biodegradable,non_food,lays vį tào biên nori,snack
8908012498148.0,Pure mustard old,,,,,,other,no,,30.0,Non Biodegradable,non_food,pure mustard old,non_food
8901393017373.0,Alpenliebe POp,,,,,,other,no,,30.0,Non Biodegradable,non_food,alpenliebe pop,non_food
8932706721724.0,Crema al pistacchio,,,,,,other,no,,30.0,Non Biodegradable,non_food,crema al pistacchio,non_food
8993058304515.0,Komix Herbal Lemon 4x15 Ml,,,"['en:palm-oil-content-unknown', 'en:vegan-status-unknown', 'en:vegetarian-status-unknown']",,,other,no,,40.0,Moderately Biodegradable,non_food,komix herbal lemon 4x15 ml,non_food
8997014630083.0,Riz Javanais RAINFOREST BIO & EQUITABLE - sachet,,,,,,other,no,,30.0,Non Biodegradable,non_food,riz javanais rainforest bio & equitable - sachet,non_food
8992772663090.0,"Amunizer Vit C 4,5Gr",,,"['en:palm-oil-content-unknown', 'en:vegan-status-unknown', 'en:vegetarian-status-unknown']",,,other,no,,40.0,Moderately Biodegradable,non_food,"amunizer vit c 4,5gr",non_food
8992745320067.0,Stella All In One Apple 42Gr,,,"['en:palm-oil-content-unknown', 'en:vegan-status-unknown', 'en:vegetarian-status-unknown']",,,other,no,,40.0,Moderately Biodegradable,non_food,stella all in one apple 42gr,non_food
8992779406300.0,Bayfressh Hng Dark Ice,,,"['en:palm-oil-content-unknown', 'en:vegan-status-unknown', 'en:vegetarian-status-unknown']",,,other,no,,40.0,Moderately Biodegradable,non_food,bayfressh hng dark ice,non_food
8992779403200.0,Bayfresh Hng Stawberry,,,"['en:palm-oil-content-unknown', 'en:vegan-status-unknown', 'en:vegetarian-status-unknown']",,,other,no,,40.0,Moderately Biodegradable,non_food,bayfresh hng stawberry,non_food
8992745999935.0,Stella Car Fun N Frs,,,"['en:palm-oil-content-unknown', 'en:vegan-status-unknown', 'en:vegetarian-status-unknown']",,,other,no,,40.0,Moderately Biodegradable,non_food,stella car fun n frs,non_food
8992745940128.0,Stella Bathroom Pock Orange,,,"['en:palm-oil-content-unknown', 'en:vegan-status-unknown', 'en:vegetarian-status-unknown']",,,other,no,,40.0,Moderately Biodegradable,non_food,stella bathroom pock orange,non_food
8992858017106.0,Cerebrofort Gummy Grape 20Gr,,,"['en:palm-oil-content-unknown', 'en:vegan-status-unknown', 'en:vegetarian-status-unknown']",,,other,no,,40.0,Moderately Biodegradable,non_food,cerebrofort gummy grape 20gr,non_food
8992858618600.0,Cerebrofort Gummy Orange 20Gr,,,"['en:palm-oil-content-unknown', 'en:vegan-status-unknown', 'en:vegetarian-status-unknown']",,,other,no,,40.0,Moderately Biodegradable,non_food,cerebrofort gummy orange 20gr,non_food
8998777143667.0,Fitkom Gummy Vit C & Zinc 24Gr,,,"['en:palm-oil-content-unknown', 'en:vegan-status-unknown', 'en:vegetarian-status-unknown']",,,other,no,,40.0,Moderately Biodegradable,non_food,fitkom gummy vit c & zinc 24gr,non_food
8997021871066.0,TJ Joybee Gummy 21Gr,,,"['en:palm-oil-content-unknown', 'en:vegan-status-unknown', 'en:vegetarian-status-unknown']",,,other,no,,40.0,Moderately Biodegradable,non_food,tj joybee gummy 21gr,non_food
8997219540392.0,Citrex Gummy Box 5x12Gr,,,"['en:palm-oil-content-unknown', 'en:vegan-status-unknown', 'en:vegetarian-status-unknown']",,,other,no,,40.0,Moderately Biodegradable,non_food,citrex gummy box 5x12gr,non_food
8997033690938.0,PLAY,,,"['en:palm-oil-content-unknown', 'en:vegan-status-unknown', 'en:vegetarian-status-unknown']",,,other,no,,40.0,Moderately Biodegradable,non_food,play,non_food
8990800021768.0,Mentos Chewy Cool,,,"['en:palm-oil-content-unknown', 'en:vegan-status-unknown', 'en:vegetarian-status-unknown']",,,other,no,,40.0,Moderately Biodegradable,non_food,mentos chewy cool,non_food
8903363002556.0,mango merry,,Plastic,,,,other,no,,20.0,Non Biodegradable,non_food,mango merry,non_food
8999999544126.0,Fair & Lovely BB Cream 15Gr,,,"['en:palm-oil-content-unknown', 'en:vegan-status-unknown', 'en:vegetarian-status-unknown']",,,cosmetic,no,,40.0,Moderately Biodegradable,cosmetic,fair & lovely bb cream 15gr,non_food
8936102140028.0,Vermicelle de riz,,,,,,other,no,,30.0,Non Biodegradable,non_food,vermicelle de riz,non_food
8901552015721.0,Ashoka Moong Dal Kachori,,en:card-box,"['en:palm-oil-free', 'en:vegan-status-unknown', 'en:vegetarian-status-unknown']",,,other,no,,50.0,Moderately Biodegradable,grain,ashoka moong dal kachori,grain
8997035563544.0,POCARI SWEAT 350ml,,,"['en:palm-oil-content-unknown', 'en:vegan-status-unknown', 'en:vegetarian-status-unknown']",,,other,no,,40.0,Moderately Biodegradable,other_food,pocari sweat 350ml,other
8908006487028.0,elaichi rusk,,Plastic,"['en:palm-oil-content-unknown', 'en:vegan-status-unknown', 'en:vegetarian-status-unknown']",,,other,no,,30.0,Non Biodegradable,non_food,elaichi rusk,non_food
8906033743230.0,Mc vities oat cookie,,,,,,snack,no,,30.0,Non Biodegradable,snack,mc vities oat cookie,confectionery
8904063253804.0,Punjabi tadka,,,,,,other,no,,30.0,Non Biodegradable,non_food,punjabi tadka,non_food
8990333164154.0,Lotte Xyliyol Jeruk 68Gr,,,"['en:palm-oil-content-unknown', 'en:vegan-status-unknown', 'en:vegetarian-status-unknown']",,,other,no,,40.0,Moderately Biodegradable,non_food,lotte xyliyol jeruk 68gr,non_food
8990333164079.0,Lotte Xylitol Blueberry 68Gr,,,"['en:palm-oil-content-unknown', 'en:vegan-status-unknown', 'en:vegetarian-status-unknown']",,,other,no,,40.0,Moderately Biodegradable,non_food,lotte xylitol blueberry 68gr,non_food
8990333166042.0,Lotte Xylitol Jeruk Nipis,,,"['en:palm-oil-content-unknown', 'en:vegan-status-unknown', 'en:vegetarian-status-unknown']",,,other,no,,40.0,Moderately Biodegradable,non_food,lotte xylitol jeruk nipis,non_food
8901393017281.0,Chupa Chups Sour bites,,,"['en:palm-oil-content-unknown', 'en:vegan-status-unknown', 'en:vegetarian-status-unknown']",,,other,no,,40.0,Moderately Biodegradable,non_food,chupa chups sour bites,non_food
8996001321188.0,Coffe Candy,,,"['en:palm-oil-content-unknown', 'en:vegan-status-unknown', 'en:vegetarian-status-unknown']",,,other,no,,40.0,Moderately Biodegradable,confectionery,coffe candy,confectionery
8996001321546.0,Kis Himalaya Salt Cherry 32Gr,,,"['en:palm-oil-content-unknown', 'en:vegan-status-unknown', 'en:vegetarian-status-unknown']",,,other,no,,40.0,Moderately Biodegradable,spices,kis himalaya salt cherry 32gr,other
8996001321607.0,Kis Himalaya Salt Lime 32Gr,,,"['en:palm-oil-content-unknown', 'en:vegan-status-unknown', 'en:vegetarian-status-unknown']",,,other,no,,40.0,Moderately Biodegradable,spices,kis himalaya salt lime 32gr,other
8996001344002.0,Jae Jae Permen Jahe 24Gr,,,"['en:palm-oil-content-unknown', 'en:vegan-status-unknown', 'en:vegetarian-status-unknown']",,,other,no,,40.0,Moderately Biodegradable,non_food,jae jae permen jahe 24gr,non_food
8998777144473.0,Imboost Lozanges Jahe Mint,,,"['en:palm-oil-content-unknown', 'en:vegan-status-unknown', 'en:vegetarian-status-unknown']",,,other,no,,40.0,Moderately Biodegradable,non_food,imboost lozanges jahe mint,non_food
8998777144787.0,Imbosst Lozanges Cherry,,,"['en:palm-oil-content-unknown', 'en:vegan-status-unknown', 'en:vegetarian-status-unknown']",,,other,no,,40.0,Moderately Biodegradable,non_food,imbosst lozanges cherry,non_food
8998685053300.0,Frozx Barley Mint 15Gr,,,"['en:palm-oil-content-unknown', 'en:vegan-status-unknown', 'en:vegetarian-status-unknown']",,,other,no,,40.0,Moderately Biodegradable,confectionery,frozx barley mint 15gr,confectionery
8998685057308.0,Frozz Blurberry Mint 15Gr,,,"['en:palm-oil-content-unknown', 'en:vegan-status-unknown', 'en:vegetarian-status-unknown']",,,other,no,,40.0,Moderately Biodegradable,non_food,frozz blurberry mint 15gr,non_food
8998685221013.0,Nano Nano Milky,,,"['en:palm-oil-content-unknown', 'en:vegan-status-unknown', 'en:vegetarian-status-unknown']",,,dairy,no,,40.0,Moderately Biodegradable,dairy,nano nano milky,dairy
8998685179017.0,Nano Nano Milky starwbery,,,"['en:palm-oil-content-unknown', 'en:vegan-status-unknown', 'en:vegetarian-status-unknown']",,,dairy,no,,40.0,Moderately Biodegradable,dairy,nano nano milky starwbery,dairy
8994591010017.0,CDR EFF 10s,,,"['en:palm-oil-content-unknown', 'en:vegan-status-unknown', 'en:vegetarian-status-unknown']",,,other,no,,40.0,Moderately Biodegradable,non_food,cdr eff 10s,non_food
8992919856033.0,Sugus Stivk Starwberry,,,"['en:palm-oil-content-unknown', 'en:vegan-status-unknown', 'en:vegetarian-status-unknown']",,,other,no,,40.0,Moderately Biodegradable,non_food,sugus stivk starwberry,non_food
8992919856026.0,Sugus Stick Orange,,,"['en:palm-oil-content-unknown', 'en:vegan-status-unknown', 'en:vegetarian-status-unknown']",,,other,no,,40.0,Moderately Biodegradable,non_food,sugus stick orange,non_food
8935001725343.0,Alpenliebe Choco Mint,,,"['en:palm-oil-content-unknown', 'en:vegan-status-unknown', 'en:vegetarian-status-unknown']",,,other,no,,40.0,Moderately Biodegradable,non_food,alpenliebe choco mint,non_food
8997212800677.0,Foxs Stick Friuts,,,"['en:palm-oil-content-unknown', 'en:vegan-status-unknown', 'en:vegetarian-status-unknown']",,,other,no,,40.0,Moderately Biodegradable,non_food,foxs stick friuts,non_food
8901233024233.0,Cadbury Dairy Milk Oreo 60Gr,,,"['en:palm-oil-content-unknown', 'en:vegan-status-unknown', 'en:vegetarian-status-unknown']",,,dairy,no,,40.0,Moderately Biodegradable,dairy,cadbury dairy milk oreo 60gr,dairy
8991001112910.0,Silver Queen Green Tea Matcha,,,"['en:palm-oil-content-unknown', 'en:vegan-status-unknown', 'en:vegetarian-status-unknown']",,,beverage,no,,40.0,Moderately Biodegradable,beverage,silver queen green tea matcha,beverage
8991001112972.0,Silver Queen Very Berry Yog 28Gr,,,"['en:palm-oil-content-unknown', 'en:vegan-status-unknown', 'en:vegetarian-status-unknown']",,,other,no,,40.0,Moderately Biodegradable,non_food,silver queen very berry yog 28gr,non_food
8996001350843.0,Roma Wfr Superstar Snap 28Gr,,,"['en:palm-oil-content-unknown', 'en:vegan-status-unknown', 'en:vegetarian-status-unknown']",,,other,no,,40.0,Moderately Biodegradable,non_food,roma wfr superstar snap 28gr,non_food
8999269471015.0,S-26 Promil G2 can 400 g,,,"['en:palm-oil-content-unknown', 'en:vegan-status-unknown', 'en:vegetarian-status-unknown']",,,other,no,,40.0,Moderately Biodegradable,non_food,s-26 promil g2 can 400 g,non_food
8992802006019.0,Chil-mil 2 PLT can 400 g (Ifo),,,"['en:palm-oil-content-unknown', 'en:vegan-status-unknown', 'en:vegetarian-status-unknown']",,,other,no,,40.0,Moderately Biodegradable,non_food,chil-mil 2 plt can 400 g (ifo),non_food
8904281501602.0,Lite lemon bhel mixture,,,,,,other,no,,30.0,Non Biodegradable,non_food,lite lemon bhel mixture,non_food
8944579933180.0,Bio agave syrup,,,,,,other,no,,30.0,Non Biodegradable,beverage,bio agave syrup,beverage_syrup
8994591007109.0,Canesten cream 5g (DB),,,"['en:palm-oil-content-unknown', 'en:vegan-status-unknown', 'en:vegetarian-status-unknown']",,,cosmetic,no,,40.0,Moderately Biodegradable,cosmetic,canesten cream 5g (db),canned_food
8901777522127.0,Masala Fries,,,,,,other,no,,30.0,Non Biodegradable,spices,masala fries,spices
8901725113520.0,Glucose Biscuits,,Plastic,"['en:palm-oil', 'en:non-vegan', 'en:vegetarian-status-unknown']",,,snack,no,,30.0,Non Biodegradable,snack,glucose biscuits,confectionery
8901262020015.0,Cheese slices,,Plastic,"['en:palm-oil-free', 'en:non-vegan', 'en:vegetarian']",,,dairy,no,,30.0,Non Biodegradable,dairy,cheese slices,dairy
8901777412749.0,Naan Garlic Butter,,,,,,dairy,no,,30.0,Non Biodegradable,dairy,naan garlic butter,dairy
8938505214450.0,Chocolat,,,,,,beverage,no,,30.0,Non Biodegradable,beverage,chocolat,beverage
8997032711290.0,Joa Yo,,,"['en:palm-oil-content-unknown', 'en:vegan-status-unknown', 'en:vegetarian-status-unknown']",,,other,no,,40.0,Moderately Biodegradable,non_food,joa yo,non_food
8905060150905.0,Gur rusks,,,,,,other,no,,30.0,Non Biodegradable,non_food,gur rusks,non_food
8991001400291.0,Cocoa powder,,,,,,other,no,,30.0,Non Biodegradable,spices,cocoa powder,other
8901117257023.0,Maxirich,,"Plastic, Paper","['en:palm-oil-content-unknown', 'en:vegan-status-unknown', 'en:vegetarian-status-unknown']",,,other,yes,,100.0,Highly Biodegradable,non_food,maxirich,non_food
8907592000598.0,Organic Arhar Dal,,,['en:vegetarian'],,,other,no,,35.0,Non Biodegradable,grain,organic arhar dal,grain
8997210940382.0,Alfamart Htg Arabica Toba 10Gr,,,"['en:palm-oil-content-unknown', 'en:vegan-status-unknown', 'en:vegetarian-status-unknown']",,,other,no,,40.0,Moderately Biodegradable,non_food,alfamart htg arabica toba 10gr,non_food
8997210940160.0,Alfamart Htg Kopi tubruk Selera Kita,,,"['en:palm-oil-content-unknown', 'en:vegan-status-unknown', 'en:vegetarian-status-unknown']",,,other,no,,40.0,Moderately Biodegradable,non_food,alfamart htg kopi tubruk selera kita,non_food
8997033560460.0,Alfamart Htg Toraja,,,"['en:palm-oil-content-unknown', 'en:vegan-status-unknown', 'en:vegetarian-status-unknown']",,,other,no,,40.0,Moderately Biodegradable,non_food,alfamart htg toraja,non_food
8997033560484.0,Alfamart Htg Coffe Papua,,,"['en:palm-oil-content-unknown', 'en:vegan-status-unknown', 'en:vegetarian-status-unknown']",,,other,no,,40.0,Moderately Biodegradable,non_food,alfamart htg coffe papua,non_food
8994016005734.0,Alfamart Htg Coffe Aceh,,,"['en:palm-oil-content-unknown', 'en:vegan-status-unknown', 'en:vegetarian-status-unknown']",,,other,no,,40.0,Moderately Biodegradable,non_food,alfamart htg coffe aceh,non_food
8997210940399.0,Alfamart Htg Coffe Flores,,,"['en:palm-oil-content-unknown', 'en:vegan-status-unknown', 'en:vegetarian-status-unknown']",,,other,no,,40.0,Moderately Biodegradable,non_food,alfamart htg coffe flores,non_food
8997033560477.0,Alfamart Htg Coffe Sumatra,,,"['en:palm-oil-content-unknown', 'en:vegan-status-unknown', 'en:vegetarian-status-unknown']",,,other,no,,40.0,Moderately Biodegradable,non_food,alfamart htg coffe sumatra,non_food
8997208730025.0,Alfamart Htg Chocolate Vanilla,,,"['en:palm-oil-content-unknown', 'en:vegan-status-unknown', 'en:vegetarian-status-unknown']",,,beverage,no,,40.0,Moderately Biodegradable,beverage,alfamart htg chocolate vanilla,confectionery
8997208730056.0,Forestly Chocolate Hazelnut,,,"['en:palm-oil-content-unknown', 'en:vegan-status-unknown', 'en:vegetarian-status-unknown']",,,beverage,no,,40.0,Moderately Biodegradable,beverage,forestly chocolate hazelnut,confectionery
8992942153475.0,Snackit Mlw Choco Marly Bag,,,"['en:palm-oil-content-unknown', 'en:vegan-status-unknown', 'en:vegetarian-status-unknown']",,,snack,no,,40.0,Moderately Biodegradable,snack,snackit mlw choco marly bag,snack
8990800019802.0,Big-Babol Bag 128Gr,,,"['en:palm-oil-content-unknown', 'en:vegan-status-unknown', 'en:vegetarian-status-unknown']",,,other,no,,40.0,Moderately Biodegradable,non_food,big-babol bag 128gr,non_food
8990800013978.0,Happydent White Mint 84Gr,,,"['en:palm-oil-content-unknown', 'en:vegan-status-unknown', 'en:vegetarian-status-unknown']",,,other,no,,40.0,Moderately Biodegradable,non_food,happydent white mint 84gr,non_food
8996001326404.0,Kis Candy Mint Apple Peach 125Gr,,,"['en:palm-oil-content-unknown', 'en:vegan-status-unknown', 'en:vegetarian-status-unknown']",,,other,no,,40.0,Moderately Biodegradable,confectionery,kis candy mint apple peach 125gr,confectionery
8996001350140.0,Roma Wfr Superstar 6x18Gr,,,"['en:palm-oil-content-unknown', 'en:vegan-status-unknown', 'en:vegetarian-status-unknown']",,,other,no,,40.0,Moderately Biodegradable,non_food,roma wfr superstar 6x18gr,non_food
8902579105013.0,Mango Drink,,,"['en:may-contain-palm-oil', 'en:vegan-status-unknown', 'en:vegetarian']",,,beverage,no,,40.0,Moderately Biodegradable,beverage,mango drink,beverage
8998866613262.0,SUKSES ISI 2 SOTO 111G,,,"['en:palm-oil-content-unknown', 'en:vegan-status-unknown', 'en:vegetarian-status-unknown']",,,other,no,,40.0,Moderately Biodegradable,non_food,sukses isi 2 soto 111g,non_food
8998866201667.0,Suksess Grg Ayam Kecap 129Gr,,,"['en:palm-oil-content-unknown', 'en:vegan-status-unknown', 'en:vegetarian-status-unknown']",,,other,no,,40.0,Moderately Biodegradable,non_food,suksess grg ayam kecap 129gr,non_food
8998866200882.0,SUKSES ISI 2 AYAM KREMES 133G,,,"['en:palm-oil-content-unknown', 'en:vegan-status-unknown', 'en:vegetarian-status-unknown']",,,other,no,,40.0,Moderately Biodegradable,non_food,sukses isi 2 ayam kremes 133g,non_food
8998866202619.0,Sedaap Mie Korean Soup 77gr,,,"['en:palm-oil-content-unknown', 'en:vegan-status-unknown', 'en:vegetarian-status-unknown']",,,other,no,,40.0,Moderately Biodegradable,non_food,sedaap mie korean soup 77gr,non_food
8993118731046.0,Bihunku Ayam Bawang 55Gr,,,"['en:palm-oil-content-unknown', 'en:vegan-status-unknown', 'en:vegetarian-status-unknown']",,,other,no,,40.0,Moderately Biodegradable,non_food,bihunku ayam bawang 55gr,non_food
8993118731022.0,Bihunku Goreng 60Gr,,,"['en:palm-oil-content-unknown', 'en:vegan-status-unknown', 'en:vegetarian-status-unknown']",,,other,no,,40.0,Moderately Biodegradable,non_food,bihunku goreng 60gr,non_food
8993118731077.0,Bihunku Soto 55Gr,,,"['en:palm-oil-content-unknown', 'en:vegan-status-unknown', 'en:vegetarian-status-unknown']",,,other,no,,40.0,Moderately Biodegradable,non_food,bihunku soto 55gr,non_food
8904110301243.0,Chips banane épicées,,,,,,snack,no,,30.0,Non Biodegradable,snack,chips banane épicées,snack
8901058842142.0,a+ slim,,,"['en:palm-oil-free', 'en:non-vegan', 'en:vegetarian']",,,other,no,,40.0,Moderately Biodegradable,non_food,a+ slim,non_food
8906005503268.0,Bikaji,,,,,,other,no,,30.0,Non Biodegradable,non_food,bikaji,non_food
8936143036243.0,Coco Fresh,,,,,,other,no,,30.0,Non Biodegradable,non_food,coco fresh,non_food
8901719116063.0,Monaco,,,,,,other,no,,30.0,Non Biodegradable,non_food,monaco,non_food
8904004403732.0,Haldiram moong dal,,This Pouch is above 50 micron & integral part of food mig proces. Handover this empty clean pouch to garbage collector for recycle return us at our address @Rs. 10/- per kg.,"['en:palm-oil-content-unknown', 'en:vegan-status-unknown', 'en:vegetarian-status-unknown']",,,other,no,,50.0,Moderately Biodegradable,grain,haldiram moong dal,grain
8906005625779.0,Mixture ball,,,,,,other,no,,30.0,Non Biodegradable,non_food,mixture ball,non_food
8901058869088.0,Nouille masala,,,,,,other,no,,30.0,Non Biodegradable,spices,nouille masala,spices
8901262040013.0,Srikhand,,,,,,other,no,,30.0,Non Biodegradable,non_food,srikhand,non_food
8938507849551.0,Crème de coco,,,,,,other,no,,30.0,Non Biodegradable,non_food,crème de coco,non_food
8996840002804.0,Assaisonnement pour poulet style Montréal,,,,,,other,no,,30.0,Non Biodegradable,non_food,assaisonnement pour poulet style montréal,non_food
8934684010210.0,Nouille,,,,,,other,no,,30.0,Non Biodegradable,non_food,nouille,non_food
8936013930428.0,Curedent,,,,,,other,no,,30.0,Non Biodegradable,non_food,curedent,non_food
8901052087624.0,Green tea,,,,,,beverage,no,,30.0,Non Biodegradable,beverage,green tea,beverage
8961101785178.0,cupcake,,,,,,other,no,,30.0,Non Biodegradable,non_food,cupcake,non_food
8906074830067.0,Osamania biscuits,,,,,,snack,no,,30.0,Non Biodegradable,snack,osamania biscuits,confectionery
8904063210456.0,Fresh Paner,,,,,,other,no,,30.0,Non Biodegradable,non_food,fresh paner,non_food
8991002312135.0,Vitafruit,,,"['en:may-contain-palm-oil', 'en:vegan-status-unknown', 'en:vegetarian-status-unknown']",,,other,no,,40.0,Moderately Biodegradable,non_food,vitafruit,non_food
8909228229632.0,Excellence 85°/° cacao,,,,,,other,no,,30.0,Non Biodegradable,confectionery,excellence 85°/° cacao,confectionery
8993137703055.0,Emina bright stuff tone up 20Ml,,,"['en:palm-oil-content-unknown', 'en:vegan-status-unknown', 'en:vegetarian-status-unknown']",,,other,no,,40.0,Moderately Biodegradable,non_food,emina bright stuff tone up 20ml,non_food
8993137702102.0,Emina bright stuff moisturizing cream20ml,,,"['en:palm-oil-content-unknown', 'en:vegan-status-unknown', 'en:vegetarian-status-unknown']",,,cosmetic,no,,40.0,Moderately Biodegradable,cosmetic,emina bright stuff moisturizing cream20ml,non_food
8998103002651.0,Cussons b cream mild & gentle,,,"['en:palm-oil-content-unknown', 'en:vegan-status-unknown', 'en:vegetarian-status-unknown']",,,cosmetic,no,,40.0,Moderately Biodegradable,cosmetic,cussons b cream mild & gentle,non_food
8999999552497.0,Zwitsal kids shp cln fresh 180 ml,,,"['en:palm-oil-content-unknown', 'en:vegan-status-unknown', 'en:vegetarian-status-unknown']",,,baby_care,no,,40.0,Moderately Biodegradable,non_food,zwitsal kids shp cln fresh 180 ml,non_food
8999999552480.0,Zwitsal kids shp natural 180 ml,,,"['en:palm-oil-content-unknown', 'en:vegan-status-unknown', 'en:vegetarian-status-unknown']",,,baby_care,no,,40.0,Moderately Biodegradable,non_food,zwitsal kids shp natural 180 ml,non_food
8999999558024.0,Zwitsal kids B.MIST FRS TC 100,,,"['en:palm-oil-content-unknown', 'en:vegan-status-unknown', 'en:vegetarian-status-unknown']",,,baby_care,no,,40.0,Moderately Biodegradable,non_food,zwitsal kids b.mist frs tc 100,non_food
8902080000845.0,Guava delight,,,['en:vegetarian'],,,other,no,,35.0,Non Biodegradable,non_food,guava delight,non_food
8936020041629.0,sparkling coconut water,,,,,,other,no,,30.0,Non Biodegradable,non_food,sparkling coconut water,non_food
8992696427976.0,Milo 3 in 1,,,"['en:palm-oil-content-unknown', 'en:vegan-status-unknown', 'en:vegetarian-status-unknown']",,,other,no,,40.0,Moderately Biodegradable,non_food,milo 3 in 1,non_food
8991102300544.0,Tango Wafer Vanilla,,,"['en:palm-oil-content-unknown', 'en:vegan-status-unknown', 'en:vegetarian-status-unknown']",,,other,no,,40.0,Moderately Biodegradable,non_food,tango wafer vanilla,non_food
8991649000310.0,Benstar crunchy wheat 103g,,,"['en:palm-oil-content-unknown', 'en:vegan-status-unknown', 'en:vegetarian-status-unknown']",,,other,no,,40.0,Moderately Biodegradable,grain,benstar crunchy wheat 103g,grain
8997002052675.0,Naraya oat chocolatos white 100g,,,"['en:palm-oil-content-unknown', 'en:vegan-status-unknown', 'en:vegetarian-status-unknown']",,,beverage,no,,40.0,Moderately Biodegradable,beverage,naraya oat chocolatos white 100g,beverage
8991649000068.0,Cemcem makroni balado 50g,,,"['en:palm-oil-content-unknown', 'en:vegan-status-unknown', 'en:vegetarian-status-unknown']",,,other,no,,40.0,Moderately Biodegradable,non_food,cemcem makroni balado 50g,non_food
8997030442233.0,Cemcem pilus keju panggang 50g,,,"['en:palm-oil-content-unknown', 'en:vegan-status-unknown', 'en:vegetarian-status-unknown']",,,other,no,,40.0,Moderately Biodegradable,non_food,cemcem pilus keju panggang 50g,non_food
8996001414224.0,Torabika cappuccino 10x25g,,,"['en:palm-oil-content-unknown', 'en:vegan-status-unknown', 'en:vegetarian-status-unknown']",,,other,no,,40.0,Moderately Biodegradable,non_food,torabika cappuccino 10x25g,non_food
8991002105645.0,Kopi Kapal Api Mantap,,,"['en:palm-oil-content-unknown', 'en:vegan-status-unknown', 'en:vegetarian-status-unknown']",,,other,no,,40.0,Moderately Biodegradable,non_food,kopi kapal api mantap,non_food
8991102750851.0,Chizmill keju 130g,,,"['en:palm-oil-content-unknown', 'en:vegan-status-unknown', 'en:vegetarian-status-unknown']",,,other,no,,40.0,Moderately Biodegradable,non_food,chizmill keju 130g,non_food
8991818801083.0,Uleg sambal teri sac 10x20g,,,"['en:palm-oil-content-unknown', 'en:vegan-status-unknown', 'en:vegetarian-status-unknown']",,,other,no,,40.0,Moderately Biodegradable,non_food,uleg sambal teri sac 10x20g,non_food
8992745540878.0,Tisue basah,,,,,,other,no,,30.0,Non Biodegradable,non_food,tisue basah,non_food
8901552014441.0,Ashoka Carrot Pickle Olive Oil,,,,,,other,no,,30.0,Non Biodegradable,non_food,ashoka carrot pickle olive oil,non_food
8904067706955.0,Peanut Brittle,,,,,,other,no,,30.0,Non Biodegradable,non_food,peanut brittle,non_food
8964000816516.0,Dayfresh Flavored Milk (Chocolate),,,,,,dairy,no,,30.0,Non Biodegradable,beverage,dayfresh flavored milk (chocolate),dairy
8901171090314.0,cod liver oil capsules,,,"['en:palm-oil-content-unknown', 'en:vegan-status-unknown', 'en:vegetarian-status-unknown']",,,other,no,,40.0,Moderately Biodegradable,non_food,cod liver oil capsules,non_food
8908002192032.0,enduta mass,,Plastic,,,,other,no,,20.0,Non Biodegradable,non_food,enduta mass,non_food
8901552012539.0,Mixed Pickle,,,,,,other,no,,30.0,Non Biodegradable,non_food,mixed pickle,non_food
8901719115400.0,Milano,,Box,"['en:palm-oil', 'en:non-vegan', 'en:vegetarian-status-unknown']",,,other,no,,50.0,Moderately Biodegradable,non_food,milano,non_food
8901725113490.0,sunfe,,,,,,other,no,,30.0,Non Biodegradable,non_food,sunfe,non_food
8935001725152.0,margueurite,,,,,,other,no,,30.0,Non Biodegradable,non_food,margueurite,non_food
8934966010402.0,Bánh tráng,,,,,,other,no,,30.0,Non Biodegradable,non_food,bánh tráng,non_food
8936036021783.0,Choco Pie,,,,,,other,no,,30.0,Non Biodegradable,non_food,choco pie,non_food
8904063202437.0,Ragi roti,,,,,,other,no,,30.0,Non Biodegradable,non_food,ragi roti,non_food
8996001321089.0,ลูกอมรสกาแฟ - 60 g,,Pack,"['en:palm-oil-content-unknown', 'en:vegan-status-unknown', 'en:vegetarian-status-unknown']",,,other,no,,50.0,Moderately Biodegradable,non_food,ลูกอมรสกาแฟ - 60 g,non_food
8961008207056.0,cerelac,,,,,,other,no,,30.0,Non Biodegradable,non_food,cerelac,non_food
8901499006936.0,Kellogg's Chocos,,Plastic,,,,other,no,,20.0,Non Biodegradable,non_food,kellogg's chocos,non_food
8906067023001.0,"High Calorie Gainer, Chocolate Flavour",,,,,,beverage,no,,30.0,Non Biodegradable,beverage,"high calorie gainer, chocolate flavour",confectionery
8992714073031.0,goodday mango,,,,,,other,no,,30.0,Non Biodegradable,non_food,goodday mango,non_food
8901042954530.0,Rava Dosa,,,"['en:palm-oil', 'en:vegan-status-unknown', 'en:vegetarian']",,,other,no,,40.0,Moderately Biodegradable,non_food,rava dosa,non_food
8904063205087.0,Masala Lachcha Paratha,,,"['en:palm-oil', 'en:vegan-status-unknown', 'en:vegetarian-status-unknown']",,,other,no,,40.0,Moderately Biodegradable,spices,masala lachcha paratha,spices
8901155414310.0,Gits Vegetable Biryani Heat & Eat,,,,,,other,no,,30.0,Non Biodegradable,other_food,gits vegetable biryani heat & eat,other
8906010360115.0,grb pure ghee,,,"['en:palm-oil-content-unknown', 'en:vegan-status-unknown', 'en:vegetarian-status-unknown']",,,other,no,,40.0,Moderately Biodegradable,dairy,grb pure ghee,dairy
8961003020315.0,Candi Original,,,"['en:palm-oil-content-unknown', 'en:vegan-status-unknown', 'en:vegetarian-status-unknown']",,,other,no,,40.0,Moderately Biodegradable,non_food,candi original,non_food
8901047011108.0,Riz,,,,,,other,no,,30.0,Non Biodegradable,non_food,riz,non_food
8904051323014.0,Hot mixture,,,,,,other,no,,30.0,Non Biodegradable,non_food,hot mixture,non_food
8905454464434.0,Wafer Rolls,,,,,,other,no,,30.0,Non Biodegradable,non_food,wafer rolls,non_food
8904063210975.0,Phulka roti,,,"['en:vegan', 'en:vegetarian']",,,other,no,,40.0,Moderately Biodegradable,non_food,phulka roti,non_food
8901047039232.0,Rice,,,,,,other,no,,30.0,Non Biodegradable,grain,rice,grain
8997238940012.0,RODEOS,,,,,,other,no,,30.0,Non Biodegradable,non_food,rodeos,non_food
8904355402828.0,Apollo Apple Cider Vinegar 500ml,,Box,['en:vegetarian'],,,other,no,,45.0,Moderately Biodegradable,non_food,apollo apple cider vinegar 500ml,non_food
8901662024224.0,suhana,,,,,,other,no,,30.0,Non Biodegradable,non_food,suhana,non_food
8998008000042.0,Galettes pour nems,,,,,,other,no,,30.0,Non Biodegradable,non_food,galettes pour nems,non_food
8906016420233.0,Sesame Balls,,,,,,other,no,,30.0,Non Biodegradable,non_food,sesame balls,non_food
8995899250358.0,Bon Cabe Sambal Tabur Level 30,,,,,,other,no,,30.0,Non Biodegradable,non_food,bon cabe sambal tabur level 30,non_food
8901393017106.0,Chupa chups butes,,,,,,other,no,,30.0,Non Biodegradable,non_food,chupa chups butes,non_food
8998103000602.0,cussons baby powder,,cussons,,,,baby_care,no,,40.0,Moderately Biodegradable,spices,cussons baby powder,other
8906021074759.0,Crema de cacahuete creamy,,,"['en:palm-oil-free', 'en:vegan', 'en:vegetarian']",,,cosmetic,no,,40.0,Moderately Biodegradable,cosmetic,crema de cacahuete creamy,non_food
8904004404715.0,Chatpata Dal,,,,,,other,no,,30.0,Non Biodegradable,grain,chatpata dal,grain
8904150501634.0,Pancake mix butter milk,,,,,,dairy,no,,30.0,Non Biodegradable,dairy,pancake mix butter milk,dairy
8901848020378.0,Rasna fruit plus,,,,,,other,no,,30.0,Non Biodegradable,non_food,rasna fruit plus,non_food
8938532329059.0,Can tray,,,,,,other,no,,30.0,Non Biodegradable,non_food,can tray,non_food
8992696522183.0,Nescafe Orginal,,,,,,other,no,,30.0,Non Biodegradable,non_food,nescafe orginal,non_food
8998666002754.0,Gilus Mix Pandan,,Bag,"['en:palm-oil-content-unknown', 'en:vegan-status-unknown', 'en:vegetarian-status-unknown']",,,other,no,,50.0,Moderately Biodegradable,non_food,gilus mix pandan,non_food
8998666002730.0,Gilus Mix Gula Aren,,Bag,"['en:palm-oil-content-unknown', 'en:vegan-status-unknown', 'en:vegetarian-status-unknown']",,,other,no,,50.0,Moderately Biodegradable,non_food,gilus mix gula aren,non_food
8935217464647.0,Sữa hạt và gạo lứt đỏ,,,,,,other,no,,30.0,Non Biodegradable,non_food,sữa hạt và gạo lứt đỏ,non_food
8991002125001.0,Kapal Api Original Black Cofee,,Plastic bottle,"['en:palm-oil-content-unknown', 'en:vegan-status-unknown', 'en:vegetarian-status-unknown']",,,other,no,,30.0,Non Biodegradable,non_food,kapal api original black cofee,non_food
8992933443219.0,Silky Pudding,,Carton box,"['en:palm-oil-free', 'en:non-vegan', 'en:vegetarian-status-unknown']",,,other,no,,50.0,Moderately Biodegradable,non_food,silky pudding,non_food
8991102374309.0,Tango Wafer Chocolate,,,,,,beverage,no,,30.0,Non Biodegradable,beverage,tango wafer chocolate,confectionery
8991998111415.0,Kopi Tubruk Gadjah,,,,,,other,no,,30.0,Non Biodegradable,non_food,kopi tubruk gadjah,non_food
8936020480152.0,Pesce,,,,,,other,no,,30.0,Non Biodegradable,non_food,pesce,non_food
8998666003072.0,Gilus Mix Sweet Ginger,,Sachets plastic,"['en:palm-oil-free', 'en:vegan-status-unknown', 'en:vegetarian-status-unknown']",,,other,no,,30.0,Non Biodegradable,confectionery,gilus mix sweet ginger,confectionery
8934673100441.0,Vinamilk Less Sugar,,,,,,dairy,no,,30.0,Non Biodegradable,dairy,vinamilk less sugar,dairy
8992696428287.0,Milo cup imp,,Plastic,"['en:palm-oil-content-unknown', 'en:vegan-status-unknown', 'en:vegetarian-status-unknown']",,,other,no,,30.0,Non Biodegradable,non_food,milo cup imp,non_food
8997009781110.0,Hydro Coco,,"Tetra Pak, Box carton","['en:palm-oil-content-unknown', 'en:vegan-status-unknown', 'en:vegetarian-status-unknown']",,,other,no,,50.0,Moderately Biodegradable,non_food,hydro coco,non_food
8992388063642.0,Nouilles chinoise,,,,,,other,no,,30.0,Non Biodegradable,non_food,nouilles chinoise,non_food
8908012566021.0,Raisins blancs,,,,,,other,no,,30.0,Non Biodegradable,non_food,raisins blancs,non_food
8904064628304.0,Pois rond grillé salé,,,,,,other,no,,30.0,Non Biodegradable,non_food,pois rond grillé salé,non_food
8901030373930.0,Bru gold,,,,,,other,no,,30.0,Non Biodegradable,non_food,bru gold,non_food
8901030559266.0,Mexican tomato corn soup,,,,,,other,no,,30.0,Non Biodegradable,non_food,mexican tomato corn soup,non_food
8934563014582.0,Instant Wonton,,,,,,other,no,,30.0,Non Biodegradable,non_food,instant wonton,non_food
8992775709061.0,Good mood lemon madu,,Plastics bottle,"['en:palm-oil-content-unknown', 'en:vegan-status-unknown', 'en:vegetarian-status-unknown']",,,other,no,,30.0,Non Biodegradable,non_food,good mood lemon madu,non_food
8936190950691.0,Watermelon 100% juice,,,,,,beverage,no,,30.0,Non Biodegradable,beverage,watermelon 100% juice,beverage
8904063203441.0,Ratlami Mixture,,,,,,other,no,,30.0,Non Biodegradable,non_food,ratlami mixture,non_food
8906077361094.0,makhana magic masala,,,,,,other,no,,30.0,Non Biodegradable,spices,makhana magic masala,spices
8961100053490.0,Sauce à la menthe,,,,,,other,no,,30.0,Non Biodegradable,condiment,sauce à la menthe,sauce_condiment
8901491000659.0,cheetos,,Plastic,,,,other,no,,20.0,Non Biodegradable,non_food,cheetos,snack
8901552025065.0,Kashmir Masala Paste,,,,,,other,no,,30.0,Non Biodegradable,spices,kashmir masala paste,spices
8906009993423.0,plum pudding cake,,,,,,other,no,,30.0,Non Biodegradable,non_food,plum pudding cake,non_food
8934563102166.0,Lẩu Thái Noodle,,,,,,other,no,,30.0,Non Biodegradable,non_food,lẩu thái noodle,non_food
8908010270005.0,Golden corn,,,,,,other,no,,30.0,Non Biodegradable,non_food,golden corn,non_food
8904063259097.0,Multigrain chapati,,,"['en:palm-oil-content-unknown', 'en:vegan-status-unknown', 'en:vegetarian-status-unknown']",,,other,no,,40.0,Moderately Biodegradable,non_food,multigrain chapati,non_food
8906012890177.0,Rose milk shake mix powder,,,,,,dairy,no,,30.0,Non Biodegradable,dairy,rose milk shake mix powder,dairy
8936121110392.0,Vinut mango,,,,,,other,no,,30.0,Non Biodegradable,non_food,vinut mango,non_food
8904109470066.0,Amla Murabba,,,,,,other,no,,30.0,Non Biodegradable,non_food,amla murabba,non_food
8913299999639.0,Bianconeri,,,,,,other,no,,30.0,Non Biodegradable,non_food,bianconeri,non_food
8904064610347.0,Groundnut oil,,,,,,other,no,,30.0,Non Biodegradable,non_food,groundnut oil,non_food
8941114008082.0,Chocolate cake,,,,,,beverage,no,,30.0,Non Biodegradable,beverage,chocolate cake,confectionery
8996001312353.0,Malkist kelapa kopyor,,,,,,other,no,,30.0,Non Biodegradable,non_food,malkist kelapa kopyor,non_food
8906005662088.0,narasus,,,"['en:palm-oil-content-unknown', 'en:vegan-status-unknown', 'en:vegetarian-status-unknown']",,,other,no,,40.0,Moderately Biodegradable,non_food,narasus,non_food
8901042954615.0,Idli Reis Frühstück,,,,,,other,no,,30.0,Non Biodegradable,non_food,idli reis frühstück,non_food
8996001431030.0,Drink beng-beng,,en:Plastic,,,,beverage,no,,20.0,Non Biodegradable,beverage,drink beng-beng,beverage
8998866809689.0,Top Cappuccino,,en:Plastic,,,,other,no,,20.0,Non Biodegradable,non_food,top cappuccino,non_food
8915592723010.0,Gli intrecci,,,,,,other,no,,30.0,Non Biodegradable,non_food,gli intrecci,non_food
8935217400195.0,Sữa TH true milk có đường bịch 220ml,,,,,,dairy,no,,30.0,Non Biodegradable,dairy,sữa th true milk có đường bịch 220ml,dairy
8936149281104.0,Red Grape Juice,,Can,,,,beverage,no,,40.0,Moderately Biodegradable,beverage,red grape juice,beverage
8901030807176.0,Classic Malt,,,"['en:palm-oil-free', 'en:non-vegan', 'en:vegetarian']",,,other,no,,40.0,Moderately Biodegradable,dairy,classic malt,dairy
8935015402544.0,Saxi,,,,,,other,no,,30.0,Non Biodegradable,non_food,saxi,non_food
8902579000370.0,Frooti mango drink,,,"['en:palm-oil-free', 'en:vegan-status-unknown', 'en:vegetarian-status-unknown']",,,beverage,no,,40.0,Moderately Biodegradable,beverage,frooti mango drink,beverage
8934663101038.0,Nouilles poulet,,,,,,other,no,,30.0,Non Biodegradable,non_food,nouilles poulet,non_food
8934717401367.0,만두,,,,,,other,no,,30.0,Non Biodegradable,non_food,만두,non_food
8904004400267.0,Haldiram's Punjabi Tadka,,,,,,other,no,,30.0,Non Biodegradable,non_food,haldiram's punjabi tadka,non_food
8901001555600.0,Norma curry paste,,,,,,other,no,,30.0,Non Biodegradable,non_food,norma curry paste,non_food
8997225200150.0,Bintang Radler Lemon Can,,,,,,other,no,,30.0,Non Biodegradable,non_food,bintang radler lemon can,non_food
8904063281777.0,"Mutter Kachori, 8 pieces",,,,,,other,no,,30.0,Non Biodegradable,non_food,"mutter kachori, 8 pieces",non_food
8904004402216.0,Haldiram Phulhari chiwda@5 Case 300 str12*25,,,"['en:palm-oil-free', 'en:vegan', 'en:vegetarian']",,,other,no,,40.0,Moderately Biodegradable,non_food,haldiram phulhari chiwda@5 case 300 str12*25,non_food
8904057397101.0,Hatsun Curd,,,,,,dairy,no,,30.0,Non Biodegradable,dairy,hatsun curd,dairy
8964000734520.0,Hemani Spice Tea,,,,,,beverage,no,,30.0,Non Biodegradable,beverage,hemani spice tea,spices
8909089904327.0,Marmellata fragole,,,,,,other,no,,30.0,Non Biodegradable,non_food,marmellata fragole,non_food
8901747002093.0,Wagh Bakri Spiced Tea 250 GM,,,,,,beverage,no,,30.0,Non Biodegradable,beverage,wagh bakri spiced tea 250 gm,spices
8900035002500.0,Nodini zuccherati con mandorle,,,,,,other,no,,30.0,Non Biodegradable,non_food,nodini zuccherati con mandorle,non_food
8901719258633.0,Hide and seek -bourbon,,,,,,other,no,,30.0,Non Biodegradable,non_food,hide and seek -bourbon,non_food
8997032920395.0,Pure Coconut Sugar,,Plastic,"['en:palm-oil-free', 'en:vegan', 'en:vegetarian']",,,other,no,,30.0,Non Biodegradable,non_food,pure coconut sugar,non_food
8936131480027.0,Viet nam,,,,,,other,no,,30.0,Non Biodegradable,non_food,viet nam,non_food
8907392008176.0,Organic Amla Juice,,,,,,beverage,no,,30.0,Non Biodegradable,beverage,organic amla juice,beverage
8901262071352.0,Colombia Classique Black,,,"['en:palm-oil-free', 'en:maybe-vegan', 'en:vegetarian']",,,other,no,,40.0,Moderately Biodegradable,dairy,colombia classique black,dairy
8934833470025.0,Ismael Nori,,,,,,other,no,,30.0,Non Biodegradable,non_food,ismael nori,non_food
8934673312530.0,Vinamilk yo milk,,,,,,dairy,no,,30.0,Non Biodegradable,dairy,vinamilk yo milk,dairy
8901120143115.0,Sugar Free Natura,,Plastic box,"['en:palm-oil-content-unknown', 'en:vegan-status-unknown', 'en:vegetarian-status-unknown']",,,other,no,,30.0,Non Biodegradable,non_food,sugar free natura,non_food
8906081381750.0,Tamarind Paste,,,,,,other,no,,30.0,Non Biodegradable,non_food,tamarind paste,non_food
8906032014843.0,mahahkosh,,,,,,other,no,,30.0,Non Biodegradable,non_food,mahahkosh,non_food
8967008360166.0,Shilajit,,,"['en:vegan', 'en:vegetarian']",,,other,no,,40.0,Moderately Biodegradable,non_food,shilajit,non_food
8998009010620.0,Ultra Coklat,,,"['en:palm-oil-content-unknown', 'en:non-vegan', 'en:vegetarian-status-unknown']",,,other,no,,40.0,Moderately Biodegradable,non_food,ultra coklat,non_food
8992702015890.0,Indomilk Liq Coklat 4'S,,,"['en:palm-oil-content-unknown', 'en:vegan-status-unknown', 'en:vegetarian-status-unknown']",,,dairy,no,,40.0,Moderately Biodegradable,dairy,indomilk liq coklat 4's,dairy
8992753033737.0,FF Uht Strawbery tp 225ML,,,"['en:palm-oil-content-unknown', 'en:vegan-status-unknown', 'en:vegetarian-status-unknown']",,,other,no,,40.0,Moderately Biodegradable,non_food,ff uht strawbery tp 225ml,non_food
8992696422735.0,Dancow Uht Fg Coklat 110Ml,,,"['en:palm-oil-content-unknown', 'en:vegan-status-unknown', 'en:vegetarian-status-unknown']",,,other,no,,40.0,Moderately Biodegradable,non_food,dancow uht fg coklat 110ml,non_food
8992696523104.0,Milo Uht Active Go Pack 4x180Ml,,,"['en:palm-oil-content-unknown', 'en:vegan-status-unknown', 'en:vegetarian-status-unknown']",,,other,no,,40.0,Moderately Biodegradable,non_food,milo uht active go pack 4x180ml,non_food
8992696523081.0,Milo Uht Coklat 115ML,,,"['en:palm-oil-content-unknown', 'en:vegan-status-unknown', 'en:vegetarian-status-unknown']",,,other,no,,40.0,Moderately Biodegradable,non_food,milo uht coklat 115ml,non_food
8993351160757.0,Real Good Susu UHT Sereal Cokelat,,,"['en:palm-oil-content-unknown', 'en:vegan-status-unknown', 'en:vegetarian-status-unknown']",,,other,no,,40.0,Moderately Biodegradable,non_food,real good susu uht sereal cokelat,non_food
8992696521629.0,DancowFG Coklat 180ML,,,"['en:palm-oil-content-unknown', 'en:vegan-status-unknown', 'en:vegetarian-status-unknown']",,,other,no,,40.0,Moderately Biodegradable,non_food,dancowfg coklat 180ml,non_food
8999999504069.0,Buavita Juice Guava 500ML,,,"['en:palm-oil-content-unknown', 'en:vegan-status-unknown', 'en:vegetarian-status-unknown']",,,beverage,no,,40.0,Moderately Biodegradable,beverage,buavita juice guava 500ml,beverage
8935311140454.0,Crab flavor,,,,,,other,no,,30.0,Non Biodegradable,non_food,crab flavor,non_food
8901719117251.0,Rusk Real Premium Elaichi,,Plastic,"['en:palm-oil', 'en:vegan-status-unknown', 'en:vegetarian']",,,other,no,,30.0,Non Biodegradable,non_food,rusk real premium elaichi,non_food
8906026900053.0,Sugar,,Plastic,"['en:palm-oil-content-unknown', 'en:vegan-status-unknown', 'en:vegetarian-status-unknown']",,,other,no,,30.0,Non Biodegradable,non_food,sugar,non_food
8934804030968.0,Milk tea,,,,,,dairy,no,,30.0,Non Biodegradable,beverage,milk tea,dairy
8934851683599.0,Thanh hà,,,,,,other,no,,30.0,Non Biodegradable,non_food,thanh hà,non_food
8901747000433.0,Wagh Bakri Tea,,,,,,beverage,no,,30.0,Non Biodegradable,beverage,wagh bakri tea,beverage
8901030518591.0,BROWN POLSON CORN STARCH,,Plastic,"['en:palm-oil-free', 'en:vegan', 'en:vegetarian']",,,other,no,,30.0,Non Biodegradable,non_food,brown polson corn starch,non_food
8901786070503.0,Pav bhaji masala,,Paper,"['en:palm-oil-free', 'en:vegan', 'en:vegetarian']",,,other,yes,,100.0,Highly Biodegradable,spices,pav bhaji masala,spices
8901192226051.0,Hing,,Plastic,"['en:palm-oil-content-unknown', 'en:vegan-status-unknown', 'en:vegetarian-status-unknown']",,,other,no,,30.0,Non Biodegradable,non_food,hing,non_food
8935039715170.0,New Dragon Pearl Tea,,,,,,beverage,no,,30.0,Non Biodegradable,beverage,new dragon pearl tea,beverage
8901037033448.0,Girnar Instant Coffee Premix,,,['en:vegetarian'],,,beverage,no,,35.0,Non Biodegradable,beverage,girnar instant coffee premix,beverage
8935001000075.0,Sarsi,,,,,,other,no,,30.0,Non Biodegradable,non_food,sarsi,non_food
8963585009610.0,Huevos,,,,,,other,no,,30.0,Non Biodegradable,non_food,huevos,non_food
8961014018226.0,banana custard,,,,,,other,no,,30.0,Non Biodegradable,non_food,banana custard,non_food
8997014450025.0,Prochiz Cheddar Royale 160g,,,"['en:palm-oil-content-unknown', 'en:vegan-status-unknown', 'en:vegetarian-status-unknown']",,,other,no,,40.0,Moderately Biodegradable,non_food,prochiz cheddar royale 160g,non_food
8997014450377.0,Prochiz Quick Melt 165gr,,,"['en:palm-oil-content-unknown', 'en:vegan-status-unknown', 'en:vegetarian-status-unknown']",,,other,no,,40.0,Moderately Biodegradable,non_food,prochiz quick melt 165gr,non_food
8997878000015.0,Kiko stik,,,"['en:palm-oil-content-unknown', 'en:vegan-status-unknown', 'en:vegetarian-status-unknown']",,,other,no,,40.0,Moderately Biodegradable,non_food,kiko stik,non_food
8906018998594.0,Chak-de chocolate,,"Cardboard, Nylon","['en:palm-oil', 'en:non-vegan', 'en:vegetarian-status-unknown']",,,beverage,yes,,100.0,Highly Biodegradable,beverage,chak-de chocolate,confectionery
89045763.0,Fette croccanti,,,,,,other,no,,30.0,Non Biodegradable,non_food,fette croccanti,non_food
8935001725732.0,chupa chupa chew,,,"['en:may-contain-palm-oil', 'en:non-vegan', 'en:non-vegetarian']",,,other,no,,40.0,Moderately Biodegradable,non_food,chupa chupa chew,non_food
8904043552088.0,cake,,,,,,other,no,,30.0,Non Biodegradable,non_food,cake,non_food
8901207018572.0,Green mango,,,,,,other,no,,30.0,Non Biodegradable,non_food,green mango,non_food
8904042316360.0,Custard Powder,,,,,,other,no,,30.0,Non Biodegradable,spices,custard powder,other
8901414001787.0,Khasta Gur Gajjak,,,"['en:palm-oil-content-unknown', 'en:vegan-status-unknown', 'en:vegetarian-status-unknown']",,,other,no,,40.0,Moderately Biodegradable,non_food,khasta gur gajjak,non_food
8906059638503.0,Greek yogurt smoothie,,,,,,dairy,no,,30.0,Non Biodegradable,dairy,greek yogurt smoothie,dairy
8906021923750.0,عسل,,,,,,other,no,,30.0,Non Biodegradable,non_food,عسل,non_food
8904355300131.0,Crunchy appetite with a touch and aroma of coming seeds,,,,,,other,no,,30.0,Non Biodegradable,non_food,crunchy appetite with a touch and aroma of coming seeds,non_food
8901014002054.0,Top Ramen Masala Noodles,,,,,,other,no,,30.0,Non Biodegradable,spices,top ramen masala noodles,spices
8904335600336.0,Muesli+,,,"['en:palm-oil-free', 'en:vegan-status-unknown', 'en:vegetarian-status-unknown']",,,other,no,,40.0,Moderately Biodegradable,cereal,muesli+,cereal
8964000683545.0,Cookies,,,"['en:palm-oil', 'en:non-vegan', 'en:vegetarian-status-unknown']",,,snack,no,,40.0,Moderately Biodegradable,snack,cookies,confectionery
89067239.0,Rillettes maquereau,,,,,,other,no,,30.0,Non Biodegradable,non_food,rillettes maquereau,non_food
8908010412061.0,Peanut butter unsweetened creamy,,,,,,dairy,no,,30.0,Non Biodegradable,dairy,peanut butter unsweetened creamy,dairy
8936079280819.0,Chili salt,,,,,,other,no,,30.0,Non Biodegradable,spices,chili salt,other
8995102708089.0,Mama suka,,,,,,other,no,,30.0,Non Biodegradable,non_food,mama suka,non_food
8964002527335.0,Sooper classic chocolate,,,,,,beverage,no,,30.0,Non Biodegradable,beverage,sooper classic chocolate,dairy
8992980114001.0,Enzim mint 124gr,,,,,,other,no,,30.0,Non Biodegradable,non_food,enzim mint 124gr,non_food
8992980117064.0,Enzim 40+,,,,,,other,no,,30.0,Non Biodegradable,non_food,enzim 40+,non_food
8992695774064.0,Sensodine extra fresh,,,,,,other,no,,30.0,Non Biodegradable,non_food,sensodine extra fresh,non_food
8992696430860.0,Koko krunch bag 80g,,,,,,other,no,,30.0,Non Biodegradable,non_food,koko krunch bag 80g,non_food
8992696424647.0,Honey star bag 70g E-1B,,,,,,other,no,,30.0,Non Biodegradable,non_food,honey star bag 70g e-1b,non_food
8992802080217.0,chilgo original,,,,,,other,no,,30.0,Non Biodegradable,non_food,chilgo original,non_food
8992802080026.0,chil go coklat btl 130ML,,,"['en:palm-oil-content-unknown', 'en:non-vegan', 'en:vegetarian-status-unknown']",,,other,no,,40.0,Moderately Biodegradable,non_food,chil go coklat btl 130ml,non_food
8998866201377.0,Krisbee french fries kentang goreng bks 68gr,,,,,,other,no,,30.0,Non Biodegradable,non_food,krisbee french fries kentang goreng bks 68gr,non_food
8992696523302.0,Koko krunch dobel coco,,,,,,other,no,,30.0,Non Biodegradable,non_food,koko krunch dobel coco,non_food
8992775913031.0,Cocolatos sac,,,,,,beverage,no,,30.0,Non Biodegradable,beverage,cocolatos sac,beverage
8992696522732.0,Milo sac E-1B,,,"['en:palm-oil-content-unknown', 'en:vegan-status-unknown', 'en:vegetarian-status-unknown']",,,other,no,,40.0,Moderately Biodegradable,non_food,milo sac e-1b,non_food
8997214310112.0,Matchamu,,,,,,other,no,,30.0,Non Biodegradable,non_food,matchamu,non_food
8999999538118.0,Sariwangi teh tarik,,,,,,other,no,,30.0,Non Biodegradable,non_food,sariwangi teh tarik,non_food
8996196001858.0,Roller coaster,,,,,,other,no,,30.0,Non Biodegradable,non_food,roller coaster,non_food
8934648130015.0,Nougat asiatique,,,,,,other,no,,30.0,Non Biodegradable,non_food,nougat asiatique,non_food
8997208730230.0,Forestly chocolate orange cup,,,,,,beverage,no,,30.0,Non Biodegradable,beverage,forestly chocolate orange cup,confectionery
8992694247422.0,Switsal,,,,,,other,no,,30.0,Non Biodegradable,non_food,switsal,non_food
8992761164546.0,PROMOSI PROMOS1,,,"['en:palm-oil-content-unknown', 'en:vegan-status-unknown', 'en:vegetarian-status-unknown']",,,other,no,,40.0,Moderately Biodegradable,non_food,promosi promos1,non_food
8999999548674.0,Cornetto unicorn,,,,,,other,no,,30.0,Non Biodegradable,non_food,cornetto unicorn,non_food
8936190131298.0,Vinut,,,,,,other,no,,30.0,Non Biodegradable,non_food,vinut,non_food
8934673703369.0,Soymilk Double Canxi,,,,,,dairy,no,,30.0,Non Biodegradable,dairy,soymilk double canxi,dairy
8964000022603.0,Mango,,,,,,other,no,,30.0,Non Biodegradable,non_food,mango,non_food
8999999990060.0,Taralli integrali,,,,,,other,no,,30.0,Non Biodegradable,non_food,taralli integrali,non_food
8935270808457.0,Tropical,,,,,,other,no,,30.0,Non Biodegradable,non_food,tropical,non_food
8964000062357.0,choco bliss,,,,,,other,no,,30.0,Non Biodegradable,non_food,choco bliss,non_food
8906032011019.0,Nutrela Soya chunks 220gm,,,"['en:palm-oil-free', 'en:vegan', 'en:vegetarian']",,,other,no,,40.0,Moderately Biodegradable,non_food,nutrela soya chunks 220gm,grain
8904063255006.0,Punjabi samosa,,,"['en:vegan', 'en:vegetarian']",,,other,no,,40.0,Moderately Biodegradable,non_food,punjabi samosa,non_food
8901552007641.0,Bhindi,,,,,,other,no,,30.0,Non Biodegradable,non_food,bhindi,non_food
8901037024576.0,Chai from india,,,,,,other,no,,30.0,Non Biodegradable,non_food,chai from india,non_food
8906046931860.0,Ronfit forte,,,,,,other,no,,30.0,Non Biodegradable,non_food,ronfit forte,non_food
8906102812126.0,mednext,,1,"['en:palm-oil-content-unknown', 'en:vegan-status-unknown', 'en:vegetarian-status-unknown']",,,other,no,,50.0,Moderately Biodegradable,non_food,mednext,non_food
8904258702407.0,Raw Pressery Protein Milkshake,,,"['en:may-contain-palm-oil', 'en:non-vegan', 'en:vegetarian-status-unknown']",,,dairy,no,,40.0,Moderately Biodegradable,dairy,raw pressery protein milkshake,dairy
8901719101311.0,Magix,,Plastic,"['en:palm-oil', 'en:non-vegan', 'en:vegetarian-status-unknown']",,,other,no,,30.0,Non Biodegradable,non_food,magix,non_food
8997220240021.0,ever whaite hicoll,,,,,,other,no,,30.0,Non Biodegradable,non_food,ever whaite hicoll,non_food
8904209307002.0,Traditional Jaffna Curry Powder,,,,,,other,no,,30.0,Non Biodegradable,spices,traditional jaffna curry powder,other
8936014319482.0,Bánh Pía,,,,,,other,no,,30.0,Non Biodegradable,non_food,bánh pía,non_food
8964000610756.0,Guava juice,,,,,,beverage,no,,30.0,Non Biodegradable,beverage,guava juice,beverage
8936028640787.0,Mì,,,,,,other,no,,30.0,Non Biodegradable,non_food,mì,non_food
8901207027529.0,Real juice Litchi,,,,,,beverage,no,,30.0,Non Biodegradable,beverage,real juice litchi,beverage
8908012378228.0,Cheese Lite,,Plastic,"['en:may-contain-palm-oil', 'en:non-vegan', 'en:vegetarian-status-unknown']",,,dairy,no,,30.0,Non Biodegradable,dairy,cheese lite,dairy
8935001724513.0,mentis pure fresh gum choitram,,,,,,other,no,,30.0,Non Biodegradable,non_food,mentis pure fresh gum choitram,non_food
8901972057493.0,danish style butter cookies,,,,,,dairy,no,,30.0,Non Biodegradable,snack,danish style butter cookies,dairy
8909550502847.0,Nesquik,,,,,,other,no,,30.0,Non Biodegradable,non_food,nesquik,non_food
8906013420786.0,Clear drinking water,,Plastic,"['en:palm-oil-free', 'en:vegan', 'en:vegetarian']",,,beverage,no,,30.0,Non Biodegradable,beverage,clear drinking water,beverage
8935311172028.0,chicken flavour instant soup,,,"['en:palm-oil-content-unknown', 'en:vegan-status-unknown', 'en:vegetarian-status-unknown']",,,other,no,,40.0,Moderately Biodegradable,non_food,chicken flavour instant soup,non_food
8901552020923.0,peeled garlic paste with oil,,,"['en:palm-oil-free', 'en:vegan', 'en:vegetarian']",,,other,no,,40.0,Moderately Biodegradable,non_food,peeled garlic paste with oil,non_food
8914591462326.0,Chips bio paprika,,,,,,snack,no,,30.0,Non Biodegradable,snack,chips bio paprika,snack
8993351120485.0,Yogurt Drink Original,,,,,,dairy,no,,30.0,Non Biodegradable,beverage,yogurt drink original,dairy
8941170030522.0,Junior cocktail,,,,,,other,no,,30.0,Non Biodegradable,non_food,junior cocktail,non_food
8901552014489.0,Green Pees Paratha,,,,,,other,no,,30.0,Non Biodegradable,non_food,green pees paratha,non_food
8994592305341.0,Dark Chocolate Compound,,Plastic bag,"['en:may-contain-palm-oil', 'en:vegan-status-unknown', 'en:vegetarian-status-unknown']",,,beverage,no,,30.0,Non Biodegradable,beverage,dark chocolate compound,confectionery
8961003011719.0,Bakeri Classic Cookies,,,,,,snack,no,,30.0,Non Biodegradable,snack,bakeri classic cookies,dairy
8936183451013.0,Nouille large,,,,,,other,no,,30.0,Non Biodegradable,non_food,nouille large,non_food
8964000299555.0,Roasted Chana,,,,,,other,no,,30.0,Non Biodegradable,non_food,roasted chana,non_food
8904063214454.0,classic nut cracker,,Plastic,,,,other,no,,20.0,Non Biodegradable,snack,classic nut cracker,dairy
8997009510130.0,YOU C1000 Vitamin Apple,,,"['en:palm-oil-content-unknown', 'en:vegan-status-unknown', 'en:vegetarian-status-unknown']",,,other,no,,40.0,Moderately Biodegradable,non_food,you c1000 vitamin apple,non_food
8995077609824.0,Tes,,,,,,other,no,,30.0,Non Biodegradable,non_food,tes,non_food
8936046120063.0,Muối chanh ớt,,,,,,other,no,,30.0,Non Biodegradable,non_food,muối chanh ớt,non_food
8936020041636.0,Eau de coco pétillante - pêche,,,,,,other,no,,30.0,Non Biodegradable,non_food,eau de coco pétillante - pêche,non_food
8904063210913.0,Haldirams homestyle paratha,,,"['en:vegan', 'en:vegetarian']",,,other,no,,40.0,Moderately Biodegradable,non_food,haldirams homestyle paratha,non_food
8906030061559.0,Sliced green olives,,,,,,other,no,,30.0,Non Biodegradable,non_food,sliced green olives,non_food
8980170621262.0,Cotolette di pollo agli spinaci,,,,,,other,no,,30.0,Non Biodegradable,non_food,cotolette di pollo agli spinaci,non_food
8936079120733.0,Đậu Phộng Da Cá Chese Flavor,,,"['en:may-contain-palm-oil', 'en:non-vegan', 'en:vegetarian-status-unknown']",,,other,no,,40.0,Moderately Biodegradable,non_food,đậu phộng da cá chese flavor,non_food
8964000683187.0,Cake up,,,"['en:may-contain-palm-oil', 'en:non-vegan', 'en:vegetarian-status-unknown']",,,other,no,,40.0,Moderately Biodegradable,non_food,cake up,non_food
8964000034699.0,Pizza Sauce,,Glass,"['en:may-contain-palm-oil', 'en:vegan', 'en:vegetarian']",,,other,no,,60.0,Moderately Biodegradable,condiment,pizza sauce,sauce_condiment
8904063230164.0,Haldiram's All In One Mix (400G),,,"['en:palm-oil', 'en:vegan-status-unknown', 'en:vegetarian-status-unknown']",,,other,no,,40.0,Moderately Biodegradable,non_food,haldiram's all in one mix (400g),non_food
8904304338109.0,Feuilles de moringa bio,,,,,,other,no,,30.0,Non Biodegradable,non_food,feuilles de moringa bio,non_food
8901499010216.0,Corn Flakes1.20 kg,,Plastic,"['en:palm-oil-free', 'en:vegan', 'en:vegetarian']",,,other,no,,30.0,Non Biodegradable,cereal,corn flakes1.20 kg,cereal
8960100189499.0,Pirulo fantasmikos,,,,,,other,no,,30.0,Non Biodegradable,non_food,pirulo fantasmikos,non_food
8936046072867.0,Aloe vera con succo Ananas,,,,,,other,no,,30.0,Non Biodegradable,non_food,aloe vera con succo ananas,non_food
8938515761272.0,Bun chay hué,,,,,,other,no,,30.0,Non Biodegradable,non_food,bun chay hué,non_food
8921834963786.0,Toblerone,,en:carton + aluminium,,,,other,no,,50.0,Moderately Biodegradable,non_food,toblerone,non_food
8993083939607.0,strawberry wafer sticks,,,,,,other,no,,30.0,Non Biodegradable,non_food,strawberry wafer sticks,non_food
89828199.0,Biscuits fourrés aux noisettes et à la crème,,,,,,snack,no,,30.0,Non Biodegradable,snack,biscuits fourrés aux noisettes et à la crème,confectionery
8901058890631.0,Maggi 2-Minute Noodles 420g,,,,,,other,no,,30.0,Non Biodegradable,non_food,maggi 2-minute noodles 420g,non_food
8934746051106.0,Garnelenchips unfrittiert (Kroepoek),,,,,,snack,no,,30.0,Non Biodegradable,snack,garnelenchips unfrittiert (kroepoek),snack
8936143030982.0,aloe drink lime,,,,,,beverage,no,,30.0,Non Biodegradable,beverage,aloe drink lime,beverage
8992741906128.0,doughnuts,,,"['en:may-contain-palm-oil', 'en:vegan-status-unknown', 'en:vegetarian-status-unknown']",,,other,no,,40.0,Moderately Biodegradable,non_food,doughnuts,non_food
8936147330163.0,Sauce pour nems et rouleaux de printemps épicée,,,,,,other,no,,30.0,Non Biodegradable,condiment,sauce pour nems et rouleaux de printemps épicée,sauce_condiment
8904063254696.0,aloo bhujia,,,,,,other,no,,30.0,Non Biodegradable,non_food,aloo bhujia,non_food
8909500310447.0,Nutella biscuit,,,,,,snack,no,,30.0,Non Biodegradable,snack,nutella biscuit,confectionery
8934966013014.0,Biscuits aux arachides,,,,,,snack,no,,30.0,Non Biodegradable,snack,biscuits aux arachides,confectionery
8904082785034.0,Farali Chevda,,,,,,other,no,,30.0,Non Biodegradable,non_food,farali chevda,non_food
8997032680275.0,Taro Net Seawed 62gr,,,"['en:palm-oil-content-unknown', 'en:vegan-status-unknown', 'en:vegetarian-status-unknown']",,,other,no,,40.0,Moderately Biodegradable,non_food,taro net seawed 62gr,non_food
8936150380094.0,Reis papier mit sesame,,,,,,other,no,,30.0,Non Biodegradable,non_food,reis papier mit sesame,non_food
8997020120059.0,mineral water,,Plastic,,,,other,no,,20.0,Non Biodegradable,non_food,mineral water,non_food
89009109.0,Ispaghul,,,,,,other,no,,30.0,Non Biodegradable,non_food,ispaghul,non_food
8901155133310.0,Gits nylon khaman,,,,,,other,no,,30.0,Non Biodegradable,non_food,gits nylon khaman,non_food
8902379100058.0,Raw shrimp,,,,,,other,no,,30.0,Non Biodegradable,non_food,raw shrimp,non_food
8935311110549.0,Cháo Thịt Gà,,,,,,other,no,,30.0,Non Biodegradable,non_food,cháo thịt gà,non_food
8934563206109.0,Bánh Phỏ khô,,,,,,other,no,,30.0,Non Biodegradable,non_food,bánh phỏ khô,non_food
8936017368104.0,Mì khoai tây,,,,,,other,no,,30.0,Non Biodegradable,non_food,mì khoai tây,non_food
8938510335416.0,Banana & Marsh-Mallow Chocolate Pie,,,,,,beverage,no,,30.0,Non Biodegradable,beverage,banana & marsh-mallow chocolate pie,confectionery
8936014318942.0,Pia hopia cake,,,,,,other,no,,30.0,Non Biodegradable,non_food,pia hopia cake,non_food
8906070132639.0,Khari Shing,,,,,,other,no,,30.0,Non Biodegradable,non_food,khari shing,non_food
8901414000438.0,Navratan mixture 1 kg,,Plastic,,,,other,no,,20.0,Non Biodegradable,non_food,navratan mixture 1 kg,non_food
8904004401943.0,Corn Flakes Mixture,,,"['en:palm-oil', 'en:vegan-status-unknown', 'en:vegetarian']",,,other,no,,40.0,Moderately Biodegradable,cereal,corn flakes mixture,cereal
8908004741979.0,100% Pure Silver Leaves,,,,,,other,no,,30.0,Non Biodegradable,non_food,100% pure silver leaves,non_food
8904188602921.0,Phool makhana,,,['en:vegetarian'],,,other,no,,35.0,Non Biodegradable,non_food,phool makhana,non_food
8901552007122.0,Paneer Makhani,,"Plastic, Cardboard","['en:palm-oil-content-unknown', 'en:non-vegan', 'en:vegetarian-status-unknown']",,,dairy,yes,,100.0,Highly Biodegradable,dairy,paneer makhani,dairy
8904341100639.0,Kitchen dip,,Plastic bottle,,,,other,no,,20.0,Non Biodegradable,non_food,kitchen dip,non_food
8904063200068.0,Plain Bhujia,,Plastic,"['en:palm-oil', 'en:vegan-status-unknown', 'en:vegetarian']",,,other,no,,30.0,Non Biodegradable,non_food,plain bhujia,non_food
8901552025331.0,Tamarind and date chutney,,,,,,other,no,,30.0,Non Biodegradable,condiment,tamarind and date chutney,sauce_condiment
8936203350012.0,Less sugar milk,,,,,,dairy,no,,30.0,Non Biodegradable,dairy,less sugar milk,dairy
8901063151031.0,Hazeulnut flavetoud creme wafers,,Paper and plastic,"['en:palm-oil', 'en:non-vegan', 'en:vegetarian-status-unknown']",,,other,yes,,100.0,Highly Biodegradable,snack,hazeulnut flavetoud creme wafers,snack
8906001055327.0,Pickle,,,,,,other,no,,30.0,Non Biodegradable,non_food,pickle,non_food
8938503131957.0,sữa tươi tiệt trùng,,"22 PAP, Tetra Pak, Tetra Fino Aseptic","['en:palm-oil-content-unknown', 'en:vegan-status-unknown', 'en:vegetarian-status-unknown']",,,other,no,,50.0,Moderately Biodegradable,non_food,sữa tươi tiệt trùng,non_food
8906013030039.0,X-press istan Noodles,,,,,,other,no,,30.0,Non Biodegradable,non_food,x-press istan noodles,non_food
8901262200189.0,Amul Lassi 200ml,,,"['en:palm-oil-free', 'en:non-vegan', 'en:vegetarian-status-unknown']",,,other,no,,40.0,Moderately Biodegradable,dairy,amul lassi 200ml,dairy
8936079120252.0,Salt And Chili Squid Snack,,,,,,snack,no,,30.0,Non Biodegradable,snack,salt and chili squid snack,snack
8934587207403.0,Noodles de Arroz,,,,,,other,no,,30.0,Non Biodegradable,non_food,noodles de arroz,non_food
8936014311677.0,Custard Hopia,,,,,,other,no,,30.0,Non Biodegradable,non_food,custard hopia,non_food
8994963002312.0,Barbeque Chicken Flavour Mi Goreng Instant Noodles,,,,,,other,no,,30.0,Non Biodegradable,confectionery,barbeque chicken flavour mi goreng instant noodles,confectionery
8941152011020.0,Jhal Muri,,,,,,other,no,,30.0,Non Biodegradable,non_food,jhal muri,non_food
8936014318317.0,banh pia,,,,,,other,no,,30.0,Non Biodegradable,non_food,banh pia,non_food
8906074824981.0,Pista Soan Papdi - Mithai,,,,,,other,no,,30.0,Non Biodegradable,non_food,pista soan papdi - mithai,non_food
8992741902922.0,fruit cocktails,,,,,,other,no,,30.0,Non Biodegradable,non_food,fruit cocktails,non_food
8901155108110.0,Sambar breakfast nix,,,"['en:palm-oil', 'en:vegan-status-unknown', 'en:vegetarian-status-unknown']",,,other,no,,40.0,Moderately Biodegradable,confectionery,sambar breakfast nix,confectionery
8997209100308.0,Ginger Tea,,en:Plastic,,,,beverage,no,,20.0,Non Biodegradable,beverage,ginger tea,beverage
8901595862733.0,Green chilli sauce,,,"['en:palm-oil-content-unknown', 'en:vegan-status-unknown', 'en:vegetarian-status-unknown']",,,other,no,,40.0,Moderately Biodegradable,condiment,green chilli sauce,sauce_condiment
8908004944578.0,tortilla,,,,,,other,no,,30.0,Non Biodegradable,non_food,tortilla,non_food
8964000090282.0,Lay's French Cheese,,,"['en:palm-oil', 'en:non-vegan', 'en:vegetarian-status-unknown']",,,dairy,no,,40.0,Moderately Biodegradable,dairy,lay's french cheese,dairy
8934804028415.0,Oyster Sauce,,,,,,other,no,,30.0,Non Biodegradable,condiment,oyster sauce,sauce_condiment
8941102310357.0,Lux 100,,,,,,other,no,,30.0,Non Biodegradable,non_food,lux 100,non_food
8941139015263.0,Tarmirnd chutny,,,,,,other,no,,30.0,Non Biodegradable,non_food,tarmirnd chutny,non_food
8901491000789.0,Lays India's magic masala,,Plastic,"['en:palm-oil', 'en:vegan-status-unknown', 'en:vegetarian-status-unknown']",,,other,no,,30.0,Non Biodegradable,spices,lays india's magic masala,snack
8901888000347.0,Cranberry Juice By Real,,,,,,beverage,no,,30.0,Non Biodegradable,beverage,cranberry juice by real,beverage
8901491101820.0,Potato Chips - Spanish Tomato Tango,,,['en:vegetarian'],,,snack,no,,35.0,Non Biodegradable,snack,potato chips - spanish tomato tango,snack
8941152010801.0,mustard oil,,,,,,other,no,,30.0,Non Biodegradable,non_food,mustard oil,non_food
8964002216185.0,XXL LONG GRAIN Sella Biryani Rice,,,,,,other,no,,30.0,Non Biodegradable,grain,xxl long grain sella biryani rice,grain
8901030083037.0,Red Label Tea,,,,,,beverage,no,,30.0,Non Biodegradable,beverage,red label tea,beverage
8961014019605.0,Chatt patta instant noodles,,,,,,other,no,,30.0,Non Biodegradable,grain,chatt patta instant noodles,grain
8908001017053.0,Sizzlin Jalapeno Nacho Crisps,,Plastic,"['en:palm-oil-free', 'en:non-vegan', 'en:maybe-vegetarian']",,,other,no,,30.0,Non Biodegradable,non_food,sizzlin jalapeno nacho crisps,snack
8964001125426.0,Paratha,,,,,,other,no,,30.0,Non Biodegradable,non_food,paratha,non_food
8904051326558.0,Bombay Mixture,,,,,,other,no,,30.0,Non Biodegradable,non_food,bombay mixture,non_food
8996001375396.0,chokichoki chocomilk,,,,,,dairy,no,,30.0,Non Biodegradable,dairy,chokichoki chocomilk,dairy
8908000861671.0,Gopal sing bhujiya,,,,,,other,no,,30.0,Non Biodegradable,non_food,gopal sing bhujiya,non_food
8908006223039.0,Opera Mag,,,,,,other,no,,30.0,Non Biodegradable,non_food,opera mag,non_food
8906002730216.0,Instant Idli Mix,,,,,,other,no,,30.0,Non Biodegradable,non_food,instant idli mix,non_food
8901595853403.0,Veg Hakka Noodles,,Plastic,"['en:palm-oil-content-unknown', 'en:vegan-status-unknown', 'en:vegetarian']",,,other,no,,30.0,Non Biodegradable,non_food,veg hakka noodles,non_food
8936199400203.0,Bún,,,,,,other,no,,30.0,Non Biodegradable,non_food,bún,non_food
8904063209788.0,Madala Vada,,,"['en:vegan', 'en:vegetarian']",,,other,no,,40.0,Moderately Biodegradable,grain,madala vada,grain
8901725134310.0,"Sunfeast Nice, 75 g",,Plastic,"['en:palm-oil', 'en:non-vegan', 'en:vegetarian-status-unknown']",,,other,no,,30.0,Non Biodegradable,non_food,"sunfeast nice, 75 g",non_food
8934563303150.0,Miếng Phú Hương,,,,,,other,no,,30.0,Non Biodegradable,non_food,miếng phú hương,non_food
8998866202534.0,Mi Sedaap Korean Spicy Chicken,,,,,,other,no,,30.0,Non Biodegradable,non_food,mi sedaap korean spicy chicken,non_food
8934595055577.0,Meloni Sweet Melon Cream Cracker,,,,,,cosmetic,no,,30.0,Non Biodegradable,snack,meloni sweet melon cream cracker,snack
8964000122044.0,Summer drink ofvthe east,,,,,,beverage,no,,30.0,Non Biodegradable,beverage,summer drink ofvthe east,beverage
8936121113027.0,Mixed fruit,,,,,,other,no,,30.0,Non Biodegradable,non_food,mixed fruit,non_food
89795200.0,Chocolate pb powder,,,,,,beverage,no,,30.0,Non Biodegradable,beverage,chocolate pb powder,confectionery
8936036025668.0,Custard premium al amir,,,"['en:palm-oil', 'en:non-vegan', 'en:vegetarian-status-unknown']",,,other,no,,40.0,Moderately Biodegradable,non_food,custard premium al amir,non_food
8904063257383.0,Minute Khana Shami Kebab Wrap,,,,,,other,no,,30.0,Non Biodegradable,non_food,minute khana shami kebab wrap,non_food
8997222130016.0,Lemonilo Mi Goreng,,,,,,other,no,,30.0,Non Biodegradable,non_food,lemonilo mi goreng,non_food
8901414002555.0,Boondi хрустящие шарики из нутовой муки,,,,,,other,no,,30.0,Non Biodegradable,non_food,boondi хрустящие шарики из нутовой муки,non_food
8964000159361.0,Lachhaydar Paratha,,,,,,other,no,,30.0,Non Biodegradable,non_food,lachhaydar paratha,non_food
8973309488898.0,Barretta energy,,,,,,other,no,,30.0,Non Biodegradable,beverage,barretta energy,beverage
8904063202291.0,ALOO PARATHA,,,"['en:palm-oil-free', 'en:non-vegan', 'en:vegetarian-status-unknown']",,,other,no,,40.0,Moderately Biodegradable,non_food,aloo paratha,non_food
8936017366865.0,Sou sauce,,,,,,other,no,,30.0,Non Biodegradable,condiment,sou sauce,sauce_condiment
8936071070340.0,Spicy noodles Nissan,,,"['en:palm-oil-content-unknown', 'en:non-vegan', 'en:vegetarian-status-unknown']",,,other,no,,40.0,Moderately Biodegradable,non_food,spicy noodles nissan,non_food
8999999572556.0,Chai Latte,,,,,,other,no,,30.0,Non Biodegradable,non_food,chai latte,non_food
8992388101092.0,Nü Green Tea Honey,,,"['en:palm-oil-content-unknown', 'en:vegan-status-unknown', 'en:vegetarian-status-unknown']",,,beverage,no,,40.0,Moderately Biodegradable,beverage,nü green tea honey,beverage
8906026597192.0,Khakhra,,,,,,other,no,,30.0,Non Biodegradable,non_food,khakhra,non_food
8904064627994.0,Mango pickle,,,,,,other,no,,30.0,Non Biodegradable,non_food,mango pickle,non_food
8961100055135.0,Rose water,,,,,,other,no,,30.0,Non Biodegradable,non_food,rose water,non_food
8997207220169.0,Granola,,,,,,other,no,,30.0,Non Biodegradable,non_food,granola,non_food
8901262071680.0,Hazelnut Chocolate,,,,,,beverage,no,,30.0,Non Biodegradable,beverage,hazelnut chocolate,confectionery
8936035491501.0,លុយខ្មែរ: 15000៛,,,,,,other,no,,30.0,Non Biodegradable,non_food,លុយខ្មែរ: 15000៛,non_food
8906119090135.0,Candilicious Lollipops,,,,,,other,no,,30.0,Non Biodegradable,non_food,candilicious lollipops,non_food
8935001708988.0,Mentos Bubble Gums Pure Fresh Mint,,,,,,other,no,,30.0,Non Biodegradable,non_food,mentos bubble gums pure fresh mint,non_food
8936010680388.0,"Cung Dinh, Instantsuppe Huhn",,,,,,other,no,,30.0,Non Biodegradable,non_food,"cung dinh, instantsuppe huhn",non_food
8997009539650.0,Padimas layer cake,,,,,,other,no,,30.0,Non Biodegradable,non_food,padimas layer cake,non_food
8904145912025.0,PediaSure 7+ Vanilla flavour 400g Cbd,,Box,"['en:palm-oil-content-unknown', 'en:non-vegan', 'en:vegetarian-status-unknown']",,,other,no,,50.0,Moderately Biodegradable,non_food,pediasure 7+ vanilla flavour 400g cbd,non_food
8904208600029.0,Meal mix paneer makhanwala,,,,,,dairy,no,,30.0,Non Biodegradable,dairy,meal mix paneer makhanwala,dairy
8906021128889.0,dhall rice powder,,,,,,other,no,,30.0,Non Biodegradable,grain,dhall rice powder,grain
8992761136208.0,Fatma Pulpy Orange 4x vit c,,,,,,other,no,,30.0,Non Biodegradable,non_food,fatma pulpy orange 4x vit c,non_food
8907003505063.0,Madras mixture,,,,,,other,no,,30.0,Non Biodegradable,non_food,madras mixture,non_food
8901086260918.0,Herbal Cough Remedy,,"Cardboard, Paperboard",,,,other,yes,,90.0,Highly Biodegradable,non_food,herbal cough remedy,non_food
8995077602658.0,Kacang campur mixed nuts,,,,,,other,no,,30.0,Non Biodegradable,non_food,kacang campur mixed nuts,non_food
8992786400292.0,Pondan Brownies,,,"['en:palm-oil-content-unknown', 'en:non-vegan', 'en:vegetarian-status-unknown']",,,other,no,,40.0,Moderately Biodegradable,non_food,pondan brownies,confectionery
8992745610793.0,Saniter spray 200ml,,,,,,other,no,,30.0,Non Biodegradable,non_food,saniter spray 200ml,non_food
8901014002566.0,top ramen,,,,,,other,no,,30.0,Non Biodegradable,non_food,top ramen,non_food
8904057300491.0,arun,,,,,,other,no,,30.0,Non Biodegradable,non_food,arun,non_food
8992786601163.0,Pondan sponge cake,,,"['en:palm-oil-free', 'en:non-vegan', 'en:vegetarian-status-unknown']",,,other,no,,40.0,Moderately Biodegradable,non_food,pondan sponge cake,non_food
8904250612957.0,Powder,,,,,,other,no,,30.0,Non Biodegradable,spices,powder,other
8901014004133.0,Italiano cup noodles,,,,,,other,no,,30.0,Non Biodegradable,non_food,italiano cup noodles,non_food
8901595963355.0,ching's Schezwan noodles,,,"['en:palm-oil', 'en:maybe-vegan', 'en:maybe-vegetarian']",,,other,no,,40.0,Moderately Biodegradable,non_food,ching's schezwan noodles,non_food
8906009200538.0,Oat Granola,,,,,,other,no,,30.0,Non Biodegradable,non_food,oat granola,non_food
8991002115156.0,White coffe,,,,,,other,no,,30.0,Non Biodegradable,non_food,white coffe,non_food
8964001436256.0,Chili potato sticks,,,,,,other,no,,30.0,Non Biodegradable,non_food,chili potato sticks,non_food
8904063259264.0,Veg shami kebab - 12 pieces,,,,,,other,no,,30.0,Non Biodegradable,non_food,veg shami kebab - 12 pieces,non_food
8905694516405.0,Mantequilla de maní,,Plástico,,,,other,no,,40.0,Moderately Biodegradable,non_food,mantequilla de maní,non_food
8964000122037.0,Rooh Afza,,,"['en:palm-oil-content-unknown', 'en:vegan-status-unknown', 'en:vegetarian-status-unknown']",,,other,no,,40.0,Moderately Biodegradable,non_food,rooh afza,non_food
8901207024351.0,Hajmola,,,,,,other,no,,30.0,Non Biodegradable,non_food,hajmola,non_food
8904089400558.0,wheat khari,,"Plastic, Paper","['en:palm-oil-free', 'en:non-vegan', 'en:vegetarian-status-unknown']",,,other,yes,,100.0,Highly Biodegradable,grain,wheat khari,grain
8901138110710.0,Liv.52,,,,,,other,no,,30.0,Non Biodegradable,non_food,liv.52,non_food
8938506010204.0,Jackfruit Chips,,,,,,snack,no,,30.0,Non Biodegradable,snack,jackfruit chips,snack
8904063257376.0,Schezwan Chilli Paneer,,,,,,dairy,no,,30.0,Non Biodegradable,dairy,schezwan chilli paneer,dairy
8998898101416.0,tolak angin,,,"['en:palm-oil-content-unknown', 'en:vegan-status-unknown', 'en:vegetarian-status-unknown']",,,other,no,,40.0,Moderately Biodegradable,non_food,tolak angin,non_food
8904063281401.0,Kaju Katli,,,"['en:palm-oil-content-unknown', 'en:non-vegan', 'en:vegetarian']",,,other,no,,40.0,Moderately Biodegradable,non_food,kaju katli,non_food
8907931002580.0,Straws tomato basil,,,,,,other,no,,30.0,Non Biodegradable,non_food,straws tomato basil,non_food
89063866.0,Diet Coke,,en:pp-tub,,,,other,no,,40.0,Moderately Biodegradable,non_food,diet coke,non_food
8964001441946.0,mr bajra,,,,,,other,no,,30.0,Non Biodegradable,non_food,mr bajra,non_food
8907931002801.0,Garden veggies Wavy Chips,,,,,,snack,no,,30.0,Non Biodegradable,snack,garden veggies wavy chips,snack
8999999556679.0,Minion Paddle pop,,,,,,other,no,,30.0,Non Biodegradable,non_food,minion paddle pop,non_food
8906080600586.0,Paper Boat Lychee Drink,,,,,,beverage,no,,30.0,Non Biodegradable,beverage,paper boat lychee drink,beverage
8936121118190.0,Aloe vera 50% succo e polpa naturale,,plastica pot,,,,other,no,,20.0,Non Biodegradable,non_food,aloe vera 50% succo e polpa naturale,non_food
8935234143174.0,Coconut & sesame cracker,,,,,,other,no,,30.0,Non Biodegradable,snack,coconut & sesame cracker,snack
8961102110054.0,Blue band,,,,,,other,no,,30.0,Non Biodegradable,non_food,blue band,non_food
8901030094781.0,Red label,,,,,,other,no,,30.0,Non Biodegradable,non_food,red label,non_food
8906030061528.0,Olives noires,,,,,,other,no,,30.0,Non Biodegradable,non_food,olives noires,non_food
8936017366759.0,Mí khoai tay Omachi,,,,,,other,no,,30.0,Non Biodegradable,non_food,mí khoai tay omachi,non_food
8903662010146.0,FESTIVA Basmati Rice,,,,,,other,no,,30.0,Non Biodegradable,grain,festiva basmati rice,grain
8906118210169.0,Jasmine rice,,,,,,other,no,,30.0,Non Biodegradable,grain,jasmine rice,grain
8906001210146.0,Sarson ka saag,,,,,,other,no,,30.0,Non Biodegradable,non_food,sarson ka saag,non_food
8901014002061.0,Masala Noodles,,,,,,other,no,,30.0,Non Biodegradable,spices,masala noodles,spices
8908015845017.0,Gokul,,,,,,other,no,,30.0,Non Biodegradable,non_food,gokul,non_food
8998009040290.0,Teh kotak rasa blackcurrant,,,"['en:palm-oil-content-unknown', 'en:vegan-status-unknown', 'en:vegetarian-status-unknown']",,,other,no,,40.0,Moderately Biodegradable,non_food,teh kotak rasa blackcurrant,non_food
8906077360189.0,Farali Khakhra,,,,,,other,no,,30.0,Non Biodegradable,non_food,farali khakhra,non_food
8904534657841.0,Malabar parota,,,"['en:palm-oil-content-unknown', 'en:vegan-status-unknown', 'en:vegetarian-status-unknown']",,,other,no,,40.0,Moderately Biodegradable,confectionery,malabar parota,confectionery
8906005501158.0,Coated peanut nut cracker,,Plastic,,,,other,no,,20.0,Non Biodegradable,snack,coated peanut nut cracker,snack
8904116600043.0,teinture,,,,,,other,no,,30.0,Non Biodegradable,non_food,teinture,non_food
8901394028019.0,Pani Puri,,,,,,other,no,,30.0,Non Biodegradable,non_food,pani puri,non_food
8936093330804.0,Vegan beef jerky,,,"['en:vegan', 'en:vegetarian']",,,other,no,,40.0,Moderately Biodegradable,non_food,vegan beef jerky,non_food
8904003900928.0,Soya rich,,,"['en:palm-oil-content-unknown', 'en:vegan-status-unknown', 'en:vegetarian-status-unknown']",,,other,no,,40.0,Moderately Biodegradable,non_food,soya rich,grain
8993200666898.0,Cimory fresh milk,,Plastic,,,,dairy,no,,20.0,Non Biodegradable,dairy,cimory fresh milk,dairy
8934566000018.0,Vegetarian instant noodles,,,,,,other,no,,30.0,Non Biodegradable,non_food,vegetarian instant noodles,non_food
8944513362786.0,Immunity kick,,,,,,other,no,,30.0,Non Biodegradable,non_food,immunity kick,non_food
8904214502614.0,Sing Bhujiya,,,,,,other,no,,30.0,Non Biodegradable,non_food,sing bhujiya,non_food
8901030810244.0,Biscoot,,,,,,other,no,,30.0,Non Biodegradable,non_food,biscoot,non_food
8908003032139.0,Kitchen treasures Turmeric Powder,,,,,,other,no,,30.0,Non Biodegradable,spices,kitchen treasures turmeric powder,spice
8935048602607.0,Aloe Vera drink watermelon flavor,,,,,,beverage,no,,30.0,Non Biodegradable,beverage,aloe vera drink watermelon flavor,beverage
8936014318737.0,"Pia Cake, red beans durians",,,,,,other,no,,30.0,Non Biodegradable,non_food,"pia cake, red beans durians",non_food
8904083519447.0,Turmeric Powder,,,,,,other,no,,30.0,Non Biodegradable,spices,turmeric powder,spice
8936143030951.0,Pure cocnut water,,,,,,other,no,,30.0,Non Biodegradable,non_food,pure cocnut water,non_food
8901030809415.0,Malt,,,,,,other,no,,30.0,Non Biodegradable,non_food,malt,non_food
8935118423491.0,Nectar de goyave dragon betterave,,,,,,other,no,,30.0,Non Biodegradable,non_food,nectar de goyave dragon betterave,non_food
8936177702411.0,Falooda,,,,,,other,no,,30.0,Non Biodegradable,non_food,falooda,non_food
8901205030033.0,Cardamom Masala Chai,,,,,,other,no,,30.0,Non Biodegradable,spices,cardamom masala chai,spices
8936025773693.0,sữa tươi,,,,,,other,no,,30.0,Non Biodegradable,non_food,sữa tươi,non_food
8936127794107.0,True juice milk,,,,,,dairy,no,,30.0,Non Biodegradable,beverage,true juice milk,dairy
8901552013390.0,Mabooj,,,,,,other,no,,30.0,Non Biodegradable,non_food,mabooj,non_food
8904083301219.0,Milkymist gulab jamun,,,,,,dairy,no,,30.0,Non Biodegradable,dairy,milkymist gulab jamun,dairy
8901595873241.0,Schezwan stir fry sauce,,,,,,other,no,,30.0,Non Biodegradable,condiment,schezwan stir fry sauce,sauce_condiment
8908005758723.0,cardamom chai,,,,,,other,no,,30.0,Non Biodegradable,non_food,cardamom chai,non_food
8923497821798.0,Sliced bread,,,,,,other,no,,30.0,Non Biodegradable,non_food,sliced bread,non_food
8904150502792.0,Biscuits honey and oats,,,,,,snack,no,,30.0,Non Biodegradable,snack,biscuits honey and oats,confectionery
8964000598863.0,mouth freshener,,,,,,other,no,,30.0,Non Biodegradable,non_food,mouth freshener,non_food
8908009918567.0,Hait vitamins,,,,,,other,no,,30.0,Non Biodegradable,non_food,hait vitamins,non_food
8906021123815.0,Sauce piquante,,,,,,other,no,,30.0,Non Biodegradable,condiment,sauce piquante,sauce_condiment
8.933105421042398e+19,Vinaigre de cidre,,,,,,other,no,,30.0,Non Biodegradable,non_food,vinaigre de cidre,non_food
8901030699085.0,Tomato Ketchup Kissan,,,"['en:palm-oil-content-unknown', 'en:vegan-status-unknown', 'en:vegetarian-status-unknown']",,,other,no,,40.0,Moderately Biodegradable,condiment,tomato ketchup kissan,sauce_condiment
8901296054857.0,ivermectol,,,,,,other,no,,30.0,Non Biodegradable,non_food,ivermectol,non_food
8964000660928.0,Pakola Cream Soda,,,,,,beverage,no,,30.0,Non Biodegradable,beverage,pakola cream soda,beverage
8906001384052.0,Mini Cracker,,,,,,other,no,,30.0,Non Biodegradable,snack,mini cracker,snack
8906023940434.0,Ripe Mango Fruit Syrup,,,,,,other,no,,30.0,Non Biodegradable,beverage,ripe mango fruit syrup,beverage_syrup
8936047443444.0,Richy Karo Trứng tươi chà bông,,,"['en:may-contain-palm-oil', 'en:vegan-status-unknown', 'en:vegetarian-status-unknown']",,,other,no,,40.0,Moderately Biodegradable,non_food,richy karo trứng tươi chà bông,non_food
8923523555333.0,Aceite de oliva virgen,,,,,,other,no,,30.0,Non Biodegradable,non_food,aceite de oliva virgen,non_food
8996001355756.0,Beng beng,,,"['en:palm-oil-content-unknown', 'en:non-vegan', 'en:vegetarian-status-unknown']",,,other,no,,40.0,Moderately Biodegradable,non_food,beng beng,non_food
8904006251157.0,Africa choice,,Plastique,,,,other,no,,40.0,Moderately Biodegradable,non_food,africa choice,non_food
8901063151321.0,Britannia Good Day cashew cookies,,,,,,snack,no,,30.0,Non Biodegradable,snack,britannia good day cashew cookies,confectionery
8964000008799.0,Vital tea,,,,,,beverage,no,,30.0,Non Biodegradable,beverage,vital tea,beverage
89392195.0,Organic low fat milk,,,,,,dairy,no,,30.0,Non Biodegradable,dairy,organic low fat milk,dairy
8994391135439.0,Potato chips,,,,,,snack,no,,30.0,Non Biodegradable,snack,potato chips,snack
8900272000239.0,Biscotti Senzaniente,,,,,,other,no,,30.0,Non Biodegradable,non_food,biscotti senzaniente,non_food
8904071701700.0,Roasted Chickpeas Hing Jeera,,,,,,other,no,,30.0,Non Biodegradable,non_food,roasted chickpeas hing jeera,non_food
8901030559259.0,Thai veg soup,,,,,,other,no,,30.0,Non Biodegradable,non_food,thai veg soup,non_food
8901688938086.0,Vegetable burget patty,,,,,,other,no,,30.0,Non Biodegradable,non_food,vegetable burget patty,non_food
8906001055167.0,Habiscus Oraganic Powder,,,,,,other,no,,30.0,Non Biodegradable,spices,habiscus oraganic powder,other
8908004149263.0,Manha,,,,,,other,no,,30.0,Non Biodegradable,non_food,manha,non_food
8904004412543.0,lite cornflakes,,Plastic,,,,other,no,,20.0,Non Biodegradable,non_food,lite cornflakes,non_food
8904188607643.0,Chickpeas Tyson,,,,,,other,no,,30.0,Non Biodegradable,non_food,chickpeas tyson,non_food
8992933243116.0,Nutrijell Young Coconut,,,,,,other,no,,30.0,Non Biodegradable,non_food,nutrijell young coconut,non_food
8991818080112.0,Sambal Terasi Uleg,,,,,,other,no,,30.0,Non Biodegradable,non_food,sambal terasi uleg,non_food
8904155708670.0,FULL 365,,,"['en:palm-oil-content-unknown', 'en:vegan-status-unknown', 'en:vegetarian-status-unknown']",,,other,no,,40.0,Moderately Biodegradable,non_food,full 365,non_food
8904035416442.0,joy,,Plastic,,,,other,no,,20.0,Non Biodegradable,non_food,joy,non_food
8908006217083.0,Millet pancake,,,['en:vegetarian'],,,other,no,,35.0,Non Biodegradable,non_food,millet pancake,non_food
8936500555301.0,Morceaux d’ananas,,,,,,other,no,,30.0,Non Biodegradable,non_food,morceaux d’ananas,non_food
8936190135531.0,Soy Milk,,,,,,dairy,no,,30.0,Non Biodegradable,dairy,soy milk,dairy
8904063256874.0,Paneer onion paratha,,,,,,dairy,no,,30.0,Non Biodegradable,dairy,paneer onion paratha,dairy
8934680025973.0,Crunchy Crackers,,,,,,other,no,,30.0,Non Biodegradable,snack,crunchy crackers,snack
8993039242614.0,Regal peanut butter,,,"['en:palm-oil-free', 'en:non-vegan', 'en:vegetarian-status-unknown']",,,dairy,no,,40.0,Moderately Biodegradable,dairy,regal peanut butter,dairy
8906055440261.0,Organic Suji,,Plastic,"['en:palm-oil-free', 'en:vegan', 'en:vegetarian']",,,other,no,,30.0,Non Biodegradable,non_food,organic suji,non_food
8901192226150.0,Hing Asafoetida,,"Plastic, Bottle","['en:palm-oil-content-unknown', 'en:vegan-status-unknown', 'en:vegetarian']",,,other,no,,30.0,Non Biodegradable,non_food,hing asafoetida,non_food
8904063209733.0,Rajma Raseela,,,"['en:vegan', 'en:vegetarian']",,,other,no,,40.0,Moderately Biodegradable,non_food,rajma raseela,non_food
8902346050379.0,Enerzal,,Plastic,"['en:palm-oil-free', 'en:vegan-status-unknown', 'en:vegetarian-status-unknown']",,,other,no,,30.0,Non Biodegradable,non_food,enerzal,non_food
8997032222109.0,Biologischer kokosblüten zucker,,,,,,other,no,,30.0,Non Biodegradable,non_food,biologischer kokosblüten zucker,non_food
8906046141047.0,Himilayan Black Salt,,,"['en:vegan', 'en:vegetarian']",,,other,no,,40.0,Moderately Biodegradable,spices,himilayan black salt,other
8935270806965.0,Aloe vera gusto melograno,,,,,,other,no,,30.0,Non Biodegradable,non_food,aloe vera gusto melograno,non_food
8901595971190.0,Chings pad thai noodles,,,,,,other,no,,30.0,Non Biodegradable,non_food,chings pad thai noodles,non_food
8901233026657.0,Cabruary Bourn Vita,,Plastic,"['en:palm-oil-free', 'en:non-vegan', 'en:vegetarian-status-unknown']",,,other,no,,30.0,Non Biodegradable,non_food,cabruary bourn vita,non_food
8901571003273.0,Women Horlicks,,Plastic,"['en:palm-oil-free', 'en:non-vegan', 'en:vegetarian-status-unknown']",,,other,no,,30.0,Non Biodegradable,non_food,women horlicks,non_food
8901058847789.0,Nestle Resource High Protein,,Plastic,"['en:palm-oil-free', 'en:non-vegan', 'en:vegetarian']",,,other,no,,30.0,Non Biodegradable,non_food,nestle resource high protein,non_food
8904288611373.0,Tops Mango Pickle,,Plastic,"['en:may-contain-palm-oil', 'en:vegan-status-unknown', 'en:vegetarian-status-unknown']",,,other,no,,30.0,Non Biodegradable,non_food,tops mango pickle,non_food
8936013740331.0,Flour for rice pancake,,,,,,other,no,,30.0,Non Biodegradable,grain,flour for rice pancake,grain
8902188574095.0,oignon frit blanc,,Plastique,,,,other,no,,40.0,Moderately Biodegradable,non_food,oignon frit blanc,non_food
8901512508706.0,nachoz,,Plastic,,,,other,no,,20.0,Non Biodegradable,non_food,nachoz,non_food
8936143034102.0,cojo cojo coconut juice,,,,,,beverage,no,,30.0,Non Biodegradable,beverage,cojo cojo coconut juice,beverage
8906044994188.0,Alo fruit pineaple,,,,,,other,no,,30.0,Non Biodegradable,non_food,alo fruit pineaple,non_food
8904063211477.0,Hot&Spicy Samosa,,,,,,other,no,,30.0,Non Biodegradable,non_food,hot&spicy samosa,non_food
8991001242273.0,Top chocolate,,,,,,beverage,no,,30.0,Non Biodegradable,beverage,top chocolate,confectionery
8936144482674.0,Red Rice,,,,,,other,no,,30.0,Non Biodegradable,grain,red rice,grain
8994548105117.0,Sugarfree Sweetlets,,,,,,other,no,,30.0,Non Biodegradable,confectionery,sugarfree sweetlets,confectionery
8993351129402.0,Skimmed Milk,,,"['en:palm-oil-free', 'en:non-vegan', 'en:vegetarian']",,,dairy,no,,40.0,Moderately Biodegradable,dairy,skimmed milk,dairy
8936047443406.0,Bánh Karo,,,,,,other,no,,30.0,Non Biodegradable,non_food,bánh karo,non_food
8907931003013.0,Veggie chips,,,,,,snack,no,,30.0,Non Biodegradable,snack,veggie chips,snack
8904063220431.0,Taka tak,,,"['en:palm-oil-content-unknown', 'en:non-vegan', 'en:vegetarian-status-unknown']",,,other,no,,40.0,Moderately Biodegradable,non_food,taka tak,non_food
8904335600343.0,chocolate cranberry museli,,Plastique,"['en:palm-oil-free', 'en:vegan-status-unknown', 'en:vegetarian-status-unknown']",,,beverage,no,,50.0,Moderately Biodegradable,beverage,chocolate cranberry museli,confectionery
8908006274659.0,cornichons aigres-doux en rondelles,,,"['en:palm-oil-free', 'en:maybe-vegan', 'en:maybe-vegetarian']",,,other,no,,40.0,Moderately Biodegradable,non_food,cornichons aigres-doux en rondelles,non_food
8901537077898.0,Premium snack,,,,,,snack,no,,30.0,Non Biodegradable,snack,premium snack,snack
8999999562458.0,Decaffeinated Black Tea,,,,,,beverage,no,,30.0,Non Biodegradable,beverage,decaffeinated black tea,beverage
8934572183392.0,Sausage,,,,,,other,no,,30.0,Non Biodegradable,non_food,sausage,non_food
8904109449239.0,Patanjali Honey,,Plastic,"['en:palm-oil-free', 'en:non-vegan', 'en:vegetarian']",,,other,no,,30.0,Non Biodegradable,non_food,patanjali honey,non_food
8906021121996.0,Aachi Lemon Rice Powder 200G,,,,,,other,no,,30.0,Non Biodegradable,grain,aachi lemon rice powder 200g,grain
8901001555778.0,Curry Paste Hot,,,,,,other,no,,30.0,Non Biodegradable,non_food,curry paste hot,non_food
8906033741595.0,Wholewheat Marie,,,"['en:palm-oil', 'en:non-vegan', 'en:vegetarian-status-unknown']",,,other,no,,40.0,Moderately Biodegradable,grain,wholewheat marie,grain
8904132910997.0,kaffe Instant Blend 200g pp,,,,,,other,no,,30.0,Non Biodegradable,non_food,kaffe instant blend 200g pp,non_food
8936014316665.0,XHY gâteau durian,,,,,,beverage,no,,30.0,Non Biodegradable,beverage,xhy gâteau durian,beverage
8904064621442.0,Madras plain pappad,,,,,,other,no,,30.0,Non Biodegradable,non_food,madras plain pappad,non_food
8934717401350.0,Mandu,,,,,,other,no,,30.0,Non Biodegradable,non_food,mandu,non_food
8901747003694.0,Masala Chai tea bags,,,,,,beverage,no,,30.0,Non Biodegradable,beverage,masala chai tea bags,spices
8901499010483.0,Kelloggs,,Plastic,"['en:palm-oil-free', 'en:vegan-status-unknown', 'en:vegetarian-status-unknown']",,,other,no,,30.0,Non Biodegradable,non_food,kelloggs,non_food
8904063206398.0,Baby murukku,,,,,,baby_care,no,,30.0,Non Biodegradable,baby_care,baby murukku,non_food
8964000051726.0,Happy mango fruit drink,,,,,,beverage,no,,30.0,Non Biodegradable,beverage,happy mango fruit drink,beverage
8904304337485.0,Infusion tulsi maaya,,,,,,other,no,,30.0,Non Biodegradable,non_food,infusion tulsi maaya,non_food
8964002528219.0,پیک freans,,,,,,other,no,,30.0,Non Biodegradable,non_food,پیک freans,non_food
8901719119187.0,parle-G,,6/21,,,,other,no,,40.0,Moderately Biodegradable,non_food,parle-g,non_food
8936177700714.0,Pineapple,,,,,,other,no,,30.0,Non Biodegradable,non_food,pineapple,non_food
8992741906418.0,burger,,,,,,other,no,,30.0,Non Biodegradable,non_food,burger,non_food
8902050003067.0,Potato Chiwada,,,,,,other,no,,30.0,Non Biodegradable,non_food,potato chiwada,non_food
8941114006231.0,Kishwan Tea Time 800g,,Plastic can,"['en:palm-oil', 'en:vegan-status-unknown', 'en:vegetarian-status-unknown']",,,beverage,no,,30.0,Non Biodegradable,beverage,kishwan tea time 800g,beverage
8941114005760.0,K-Dry Cake 100g,,Pack,,,,other,no,,40.0,Moderately Biodegradable,non_food,k-dry cake 100g,non_food
8992988130348.0,Galette de riz gluant salé,,,,,,other,no,,30.0,Non Biodegradable,non_food,galette de riz gluant salé,non_food
8997025914301.0,Durian Flavour Cream Biscuit,,"Plastic individual packaging, Pvc tray, fr:plastiv sachets","['en:palm-oil-content-unknown', 'en:vegan-status-unknown', 'en:vegetarian-status-unknown']",,,snack,no,,30.0,Non Biodegradable,snack,durian flavour cream biscuit,confectionery
8936024243975.0,Café PHÔ,,,,,,other,no,,30.0,Non Biodegradable,non_food,café phô,non_food
8936048120696.0,Rice paper summer rolls,,,,,,other,no,,30.0,Non Biodegradable,grain,rice paper summer rolls,grain
8906112662087.0,Whole Instant Oats,,Plastic Jar,"['en:palm-oil-content-unknown', 'en:vegan-status-unknown', 'en:vegetarian']",,,other,no,,30.0,Non Biodegradable,cereal,whole instant oats,cereal
8901277008404.0,Park avenue,,,,,,other,no,,30.0,Non Biodegradable,non_food,park avenue,non_food
8904064616707.0,Frozen Malabar Parotha,,,,,,other,no,,30.0,Non Biodegradable,confectionery,frozen malabar parotha,confectionery
8904063230195.0,Bhelpuri,,,,,,other,no,,30.0,Non Biodegradable,non_food,bhelpuri,non_food
8992696400931.0,Nescafé classic,,en:Glass,,,,other,no,,50.0,Moderately Biodegradable,dairy,nescafé classic,dairy
8908000462090.0,Amla Candy,,,,,,other,no,,30.0,Non Biodegradable,confectionery,amla candy,confectionery
8935239904046.0,Prawn & Chive Winton,,,,,,other,no,,30.0,Non Biodegradable,non_food,prawn & chive winton,non_food
8995899450413.0,Sweet chilli sauce,,,,,,other,no,,30.0,Non Biodegradable,confectionery,sweet chilli sauce,confectionery
8961014019582.0,Knorr chatt patta maggi,,,,,,other,no,,30.0,Non Biodegradable,grain,knorr chatt patta maggi,grain
8938508547500.0,kimchi bibigo,,nhựa,"['en:palm-oil-content-unknown', 'en:non-vegan', 'en:non-vegetarian']",,,other,no,,50.0,Moderately Biodegradable,non_food,kimchi bibigo,non_food
8909099903570.0,Oro fibrattiva,,,,,,other,no,,30.0,Non Biodegradable,non_food,oro fibrattiva,non_food
8901764175022.0,maaza,,,['en:vegetarian'],,,other,no,,35.0,Non Biodegradable,non_food,maaza,non_food
8904206207596.0,Lait de soja,,,,,,other,no,,30.0,Non Biodegradable,non_food,lait de soja,non_food
8936071200686.0,Sushi rice,,,,,,other,no,,30.0,Non Biodegradable,grain,sushi rice,grain
8904245401559.0,Rosemery Incense,,"Card-box, Paper-wrapper",,,,other,yes,,90.0,Highly Biodegradable,non_food,rosemery incense,non_food
8901063165076.0,Good Day Chocochip Cookies,,,,,,snack,no,,30.0,Non Biodegradable,snack,good day chocochip cookies,snack
8901063166387.0,Milk bikis,,,,,,dairy,no,,30.0,Non Biodegradable,dairy,milk bikis,dairy
8906021921305.0,Al Shafi Natural Honey,,,,,,other,no,,30.0,Non Biodegradable,non_food,al shafi natural honey,non_food
8934717401619.0,Kimchi Dumpling,,,,,,other,no,,30.0,Non Biodegradable,non_food,kimchi dumpling,non_food
89782002.0,gaufrettes wafers,,Plastique,,,,other,no,,40.0,Moderately Biodegradable,snack,gaufrettes wafers,snack
8999999049454.0,Rexona,,,,,,other,no,,30.0,Non Biodegradable,non_food,rexona,non_food
89006610.0,Orbit Chewing Gum,,Plastic,"['en:palm-oil-free', 'en:vegan-status-unknown', 'en:vegetarian-status-unknown']",,,other,no,,30.0,Non Biodegradable,non_food,orbit chewing gum,non_food
8901248744065.0,Chyawanplus,,Plastic,,,,other,no,,20.0,Non Biodegradable,non_food,chyawanplus,non_food
8901207025372.0,Dabur Honey,,Glass,"['en:palm-oil-free', 'en:non-vegan', 'en:vegetarian']",,,other,no,,60.0,Moderately Biodegradable,non_food,dabur honey,non_food
8952462582575.0,Fagottino,,,,,,other,no,,30.0,Non Biodegradable,non_food,fagottino,non_food
8995200903317.0,Crispy Crepes,,,,,,other,no,,30.0,Non Biodegradable,non_food,crispy crepes,non_food
8983402927180.0,Tisana drenante,,,,,,other,no,,30.0,Non Biodegradable,non_food,tisana drenante,non_food
8904063209832.0,batata vada,,,"['en:palm-oil-free', 'en:vegan', 'en:vegetarian']",,,other,no,,40.0,Moderately Biodegradable,non_food,batata vada,non_food
8961008211244.0,fruits vitals,,,,,,other,no,,30.0,Non Biodegradable,non_food,fruits vitals,non_food
8918596017741.0,Miele millefiori,,,,,,other,no,,30.0,Non Biodegradable,non_food,miele millefiori,non_food
8997001270025.0,Obat sakit perut,,,,,,other,no,,30.0,Non Biodegradable,non_food,obat sakit perut,non_food
8901719913457.0,Cream Crackers,,,,,,cosmetic,no,,30.0,Non Biodegradable,snack,cream crackers,snack
8908000339484.0,Karak Tea Instant premix,,,,,,beverage,no,,30.0,Non Biodegradable,beverage,karak tea instant premix,beverage
8908016224019.0,Vasaline,,en:other plastic-bottle,,,,other,no,,20.0,Non Biodegradable,non_food,vasaline,non_food
8997206772065.0,Kewpie salad dressing wijen sangrai,,Plastic,,,,other,no,,20.0,Non Biodegradable,non_food,kewpie salad dressing wijen sangrai,non_food
89642870.0,Roulés à la cannelle,,,,,,other,no,,30.0,Non Biodegradable,non_food,roulés à la cannelle,non_food
8906076270793.0,Premium Riz Basmati,,,,,,other,no,,30.0,Non Biodegradable,non_food,premium riz basmati,non_food
8935311140317.0,Pho Ga - Instant Rice Noodles - Chicken Flavour,,,,,,other,no,,30.0,Non Biodegradable,grain,pho ga - instant rice noodles - chicken flavour,grain
8906010505233.0,Farali chevdo,,,,,,other,no,,30.0,Non Biodegradable,non_food,farali chevdo,non_food
8964000002223.0,Maan,,,,,,other,no,,30.0,Non Biodegradable,non_food,maan,non_food
8911010000015.0,Miel de fleurs de Vendée,,,,,,other,no,,30.0,Non Biodegradable,non_food,miel de fleurs de vendée,non_food
8901595963416.0,Singapore Noodles,,,,,,other,no,,30.0,Non Biodegradable,non_food,singapore noodles,non_food
8904063200563.0,Roasted Chana Cracker,,,,,,other,no,,30.0,Non Biodegradable,snack,roasted chana cracker,snack
8938507849490.0,COCO XIM COCONUT MILK,,,,,,dairy,no,,30.0,Non Biodegradable,dairy,coco xim coconut milk,dairy
8936190131236.0,Jus,,,,,,other,no,,30.0,Non Biodegradable,non_food,jus,non_food
8901792001829.0,niru,,,"['en:palm-oil-content-unknown', 'en:vegan-status-unknown', 'en:vegetarian-status-unknown']",,,other,no,,40.0,Moderately Biodegradable,non_food,niru,non_food
8904300200004.0,Mario instant noodles,,,,,,other,no,,30.0,Non Biodegradable,non_food,mario instant noodles,non_food
8907931002955.0,Garden veggie chips,,,,,,snack,no,,30.0,Non Biodegradable,snack,garden veggie chips,snack
89891025.0,Veggie chorizo crumbles,,,,,,other,no,,30.0,Non Biodegradable,non_food,veggie chorizo crumbles,non_food
8904004441888.0,Mutter paneer,,,,,,dairy,no,,30.0,Non Biodegradable,dairy,mutter paneer,dairy
8902167000409.0,MDH Pani Puri Masala,,,,,,other,no,,30.0,Non Biodegradable,spices,mdh pani puri masala,spices
8902167001048.0,Shahi Paneer Masala,,,,,,dairy,no,,30.0,Non Biodegradable,dairy,shahi paneer masala,dairy
8906019962747.0,MilkVita,,,,,,dairy,no,,30.0,Non Biodegradable,dairy,milkvita,dairy
8907316004659.0,Spice mix for egg curry,,,,,,other,no,,30.0,Non Biodegradable,spices,spice mix for egg curry,spices
8901262200233.0,Amul Masti Spiced Buttermilk,,,,,,dairy,no,,30.0,Non Biodegradable,dairy,amul masti spiced buttermilk,dairy
89979031.0,Banane bio,,,,,,other,no,,30.0,Non Biodegradable,non_food,banane bio,non_food
89411582.0,zevia strawberry,,,"['en:may-contain-palm-oil', 'en:vegan-status-unknown', 'en:vegetarian-status-unknown']",,,other,no,,40.0,Moderately Biodegradable,non_food,zevia strawberry,non_food
8996001523148.0,Migelas Baso Sapi,,,"['en:palm-oil-content-unknown', 'en:vegan-status-unknown', 'en:vegetarian-status-unknown']",,,other,no,,40.0,Moderately Biodegradable,non_food,migelas baso sapi,non_food
8902579100087.0,Frooti,,,,,,other,no,,30.0,Non Biodegradable,non_food,frooti,non_food
8901512540805.0,Popcorn,,,"['en:palm-oil', 'en:non-vegan', 'en:vegetarian-status-unknown']",,,other,no,,40.0,Moderately Biodegradable,non_food,popcorn,non_food
8904063240255.0,Navrattan,,,,,,other,no,,30.0,Non Biodegradable,grain,navrattan,grain
8904335600886.0,Yoga Bar Steel Cut Oats,,,,,,other,no,,30.0,Non Biodegradable,confectionery,yoga bar steel cut oats,confectionery
8904063253941.0,Fresh Paneer,,,,,,dairy,no,,30.0,Non Biodegradable,dairy,fresh paneer,dairy
8934566004078.0,Chicken vermicelli with bambo shoot,,,"['en:palm-oil', 'en:vegan-status-unknown', 'en:vegetarian-status-unknown']",,,other,no,,40.0,Moderately Biodegradable,non_food,chicken vermicelli with bambo shoot,non_food
8906008351859.0,Millet Khichdi,,,,,,other,no,,30.0,Non Biodegradable,non_food,millet khichdi,non_food
8906069402989.0,veeba ketchup,,Tetra Pak,,,,other,no,,40.0,Moderately Biodegradable,condiment,veeba ketchup,sauce_condiment
8906010070267.0,Maida,,Plastic,"['en:palm-oil-content-unknown', 'en:vegan-status-unknown', 'en:vegetarian']",,,other,no,,30.0,Non Biodegradable,non_food,maida,non_food
8901764052279.0,Limca lime lemon drink 750ml,,,"['en:palm-oil-content-unknown', 'en:vegan-status-unknown', 'en:vegetarian-status-unknown']",,,beverage,no,,40.0,Moderately Biodegradable,beverage,limca lime lemon drink 750ml,beverage
8904063213686.0,Dal makhani with rice,,,,,,other,no,,30.0,Non Biodegradable,grain,dal makhani with rice,grain
8994963002015.0,Premium Corned Beef,,,,,,other,no,,30.0,Non Biodegradable,non_food,premium corned beef,non_food
8993351128306.0,Green Fields Low Fat,,,,,,other,no,,30.0,Non Biodegradable,non_food,green fields low fat,non_food
8936085525232.0,Pineapple juice drink,,,,,,beverage,no,,30.0,Non Biodegradable,beverage,pineapple juice drink,beverage
8904304501077.0,Mango juice drink,,,,,,beverage,no,,30.0,Non Biodegradable,beverage,mango juice drink,beverage
8904057302556.0,aruna ice cream,,,,,,cosmetic,no,,30.0,Non Biodegradable,cosmetic,aruna ice cream,frozen_food
8936121119708.0,Soursop,,,,,,other,no,,30.0,Non Biodegradable,non_food,soursop,non_food
8904063204585.0,Whole Wheat Naan,,,,,,other,no,,30.0,Non Biodegradable,grain,whole wheat naan,grain
8935001724049.0,Mentos pur fresh au thé vert,,,,,,other,no,,30.0,Non Biodegradable,non_food,mentos pur fresh au thé vert,non_food
8941161105154.0,Fresh oil,,Plastic,"['en:may-contain-palm-oil', 'en:maybe-vegan', 'en:maybe-vegetarian']",,,other,no,,30.0,Non Biodegradable,non_food,fresh oil,non_food
8936014313022.0,Pía Custard Hopia,,Pack,"['en:palm-oil', 'en:non-vegan', 'en:vegetarian-status-unknown']",,,other,no,,50.0,Moderately Biodegradable,non_food,pía custard hopia,non_food
8904004400601.0,Haldiram Lite Chiwda,,1 coloured opeque plastic bag recycle,"['en:palm-oil', 'en:vegan-status-unknown', 'en:vegetarian']",,,other,no,,30.0,Non Biodegradable,non_food,haldiram lite chiwda,non_food
8906021125437.0,Masala Vada Mix,,,,,,other,no,,30.0,Non Biodegradable,spices,masala vada mix,spices
8904198805107.0,Chana Jor Masala,,,,,,other,no,,30.0,Non Biodegradable,spices,chana jor masala,spices
8904004416336.0,kaju butter cookies,,,,,,dairy,no,,30.0,Non Biodegradable,snack,kaju butter cookies,dairy
8938510335423.0,Coconut & marsh-mallow Chocolate pie,,,,,,beverage,no,,30.0,Non Biodegradable,beverage,coconut & marsh-mallow chocolate pie,confectionery
8936136161853.0,Cháo tim gan,,,,,,other,no,,30.0,Non Biodegradable,non_food,cháo tim gan,non_food
8901095900317.0,Masala Tea,,,,,,beverage,no,,30.0,Non Biodegradable,beverage,masala tea,spices
8904063240088.0,boondi from haldirams haldirams boondi,,,"['en:palm-oil-content-unknown', 'en:vegan-status-unknown', 'en:vegetarian-status-unknown']",,,other,no,,40.0,Moderately Biodegradable,non_food,boondi from haldirams haldirams boondi,non_food
8997033690457.0,mickey Lolipop 15gr,,,"['en:palm-oil-content-unknown', 'en:vegan-status-unknown', 'en:vegetarian-status-unknown']",,,other,no,,40.0,Moderately Biodegradable,non_food,mickey lolipop 15gr,non_food
8992858617900.0,Cerebrofort Gummy Strawbery,,,"['en:palm-oil-content-unknown', 'en:vegan-status-unknown', 'en:vegetarian-status-unknown']",,,other,no,,40.0,Moderately Biodegradable,non_food,cerebrofort gummy strawbery,non_food
8997033690464.0,Lolipop little pony,,,"['en:palm-oil-content-unknown', 'en:vegan-status-unknown', 'en:vegetarian-status-unknown']",,,other,no,,40.0,Moderately Biodegradable,non_food,lolipop little pony,non_food
8992858674101.0,Sakatonik Abc Gummy,,,"['en:palm-oil-content-unknown', 'en:vegan-status-unknown', 'en:vegetarian-status-unknown']",,,other,no,,40.0,Moderately Biodegradable,non_food,sakatonik abc gummy,non_food
8991001121011.0,Van Houten Milk,,,"['en:palm-oil-content-unknown', 'en:vegan-status-unknown', 'en:vegetarian-status-unknown']",,,dairy,no,,40.0,Moderately Biodegradable,dairy,van houten milk,dairy
8991115040093.0,Hapiden cool white,,,"['en:palm-oil-content-unknown', 'en:vegan-status-unknown', 'en:vegetarian-status-unknown']",,,other,no,,40.0,Moderately Biodegradable,non_food,hapiden cool white,non_food
8996001354063.0,Beng Beng Nuts Almonds,,,"['en:palm-oil-content-unknown', 'en:vegan-status-unknown', 'en:vegetarian-status-unknown']",,,other,no,,40.0,Moderately Biodegradable,non_food,beng beng nuts almonds,non_food
8991001112903.0,Silver Queen Grentea Matcha 22gr,,,"['en:palm-oil-content-unknown', 'en:vegan-status-unknown', 'en:vegetarian-status-unknown']",,,beverage,no,,40.0,Moderately Biodegradable,beverage,silver queen grentea matcha 22gr,beverage
8904064664241.0,Health mix,,,,,,other,no,,30.0,Non Biodegradable,non_food,health mix,non_food
8998866612296.0,Ale Ale,,,,,,other,no,,30.0,Non Biodegradable,non_food,ale ale,non_food
8901304269662.0,rock salt powder,,pouches,,,,other,no,,40.0,Moderately Biodegradable,spices,rock salt powder,other
8996001440377.0,Energen Jahe 10x29 Gr,,,"['en:palm-oil-content-unknown', 'en:vegan-status-unknown', 'en:vegetarian-status-unknown']",,,other,no,,40.0,Moderately Biodegradable,non_food,energen jahe 10x29 gr,non_food
8996001603383.0,Energen Kurma 10x30Gr,,,"['en:palm-oil-content-unknown', 'en:vegan-status-unknown', 'en:vegetarian-status-unknown']",,,other,no,,40.0,Moderately Biodegradable,non_food,energen kurma 10x30gr,non_food
8991001121981.0,Delfi - Dairy Milk 33gr,,,"['en:palm-oil-content-unknown', 'en:vegan-status-unknown', 'en:vegetarian-status-unknown']",,,dairy,no,,40.0,Moderately Biodegradable,dairy,delfi - dairy milk 33gr,dairy
8901552000970.0,Hot mango chutney,,"Glas, Krug",,,,other,no,,40.0,Moderately Biodegradable,condiment,hot mango chutney,sauce_condiment
8906009991146.0,Plum Surprise,,,,,,other,no,,30.0,Non Biodegradable,non_food,plum surprise,non_food
8904063255013.0,Haldiram Minute Khana,,,,,,other,no,,30.0,Non Biodegradable,non_food,haldiram minute khana,non_food
8997021871073.0,TJ Joybee Gummy,,,,,,other,no,,30.0,Non Biodegradable,non_food,tj joybee gummy,non_food
8901248101042.0,Боро Плюс,,en:plastic tube,,,,other,no,,20.0,Non Biodegradable,non_food,боро плюс,non_food
8938505640112.0,Spinach wheat noodles,,,,,,other,no,,30.0,Non Biodegradable,grain,spinach wheat noodles,grain
8991002507661.0,Roasted coated peanut,,,,,,other,no,,30.0,Non Biodegradable,non_food,roasted coated peanut,non_food
89911570.0,Himalaya salt,,,,,,other,no,,30.0,Non Biodegradable,spices,himalaya salt,other
8993175532297.0,Ahh',,,,,,other,no,,30.0,Non Biodegradable,non_food,ahh',non_food
8954134893439.0,Fit Porn Cream pistacchio,,,,,,cosmetic,no,,30.0,Non Biodegradable,cosmetic,fit porn cream pistacchio,non_food
8998667100206.0,Paramex,,,"['en:palm-oil-content-unknown', 'en:vegan-status-unknown', 'en:vegetarian-status-unknown']",,,other,no,,40.0,Moderately Biodegradable,non_food,paramex,non_food
8936147336011.0,Cacahuètes grillées sans peau,,,,,,other,no,,30.0,Non Biodegradable,non_food,cacahuètes grillées sans peau,non_food
8904063202413.0,Minute Khana,,,,,,other,no,,30.0,Non Biodegradable,non_food,minute khana,non_food
8998866606202.0,Songhe brown rice 5kg,,,,,,other,no,,30.0,Non Biodegradable,grain,songhe brown rice 5kg,grain
8906080601750.0,Paper Boat tasty apple,,,,,,other,no,,30.0,Non Biodegradable,non_food,paper boat tasty apple,non_food
8906061390352.0,Farali mixture,,Plastic,"['en:palm-oil-content-unknown', 'en:vegan-status-unknown', 'en:vegetarian-status-unknown']",,,other,no,,30.0,Non Biodegradable,non_food,farali mixture,non_food
8904063254634.0,JEERA CRISPY PUFFS,,,,,,other,no,,30.0,Non Biodegradable,non_food,jeera crispy puffs,non_food
8901721000039.0,Bhujia - Munchy Masti,,,,,,other,no,,30.0,Non Biodegradable,non_food,bhujia - munchy masti,non_food
8906070020615.0,Sharvas butter murukku,,,,,,dairy,no,,30.0,Non Biodegradable,dairy,sharvas butter murukku,dairy
8936190951025.0,Coco xim organic coconut milk,,,,,,dairy,no,,30.0,Non Biodegradable,dairy,coco xim organic coconut milk,dairy
8934781063027.0,Pho Ga,,,,,,other,no,,30.0,Non Biodegradable,non_food,pho ga,non_food
8908001017558.0,Nacho chips sweet chilli,,,,,,snack,no,,30.0,Non Biodegradable,snack,nacho chips sweet chilli,snack
8992753031900.0,FF SKM PUTIH SAC 6X40G,,,"['en:palm-oil-content-unknown', 'en:vegan-status-unknown', 'en:vegetarian-status-unknown']",,,other,no,,40.0,Moderately Biodegradable,non_food,ff skm putih sac 6x40g,non_food
8961100052295.0,Vermicelli,,,,,,other,no,,30.0,Non Biodegradable,non_food,vermicelli,non_food
8901063151444.0,Good Day Chunkies Chocolate Chip Cookies,,,"['en:palm-oil-content-unknown', 'en:non-vegan', 'en:vegetarian-status-unknown']",,,snack,no,,40.0,Moderately Biodegradable,beverage,good day chunkies chocolate chip cookies,snack
8906098790941.0,Peanut butter crunchy,,,,,,dairy,no,,30.0,Non Biodegradable,dairy,peanut butter crunchy,dairy
8901042955988.0,MTR - Dal Fry Fertiggericht 300G,,,,,,other,no,,30.0,Non Biodegradable,grain,mtr - dal fry fertiggericht 300g,grain
8901042958279.0,Dosa,,Plastic,"['en:palm-oil', 'en:vegan-status-unknown', 'en:vegetarian-status-unknown']",,,other,no,,30.0,Non Biodegradable,non_food,dosa,non_food
8904004408720.0,Moorukulu (Haldiram's),,,,,,other,no,,30.0,Non Biodegradable,non_food,moorukulu (haldiram's),non_food
8935063604501.0,Ngoc Lien Eggplants Eingelegte Auberginen,,,,,,other,no,,30.0,Non Biodegradable,non_food,ngoc lien eggplants eingelegte auberginen,non_food
8906000593936.0,Sana,,,,,,other,no,,30.0,Non Biodegradable,non_food,sana,non_food
8904004400038.0,Haldiram Bhujia Sev,,,"['en:palm-oil-content-unknown', 'en:vegan-status-unknown', 'en:vegetarian-status-unknown']",,,other,no,,40.0,Moderately Biodegradable,non_food,haldiram bhujia sev,non_food
8901414006515.0,Chana Pataka,,,,,,other,no,,30.0,Non Biodegradable,non_food,chana pataka,non_food
8934684029182.0,Mi Ly Instant Noodle,,,,,,other,no,,30.0,Non Biodegradable,non_food,mi ly instant noodle,non_food
8901719101038.0,Parle - G,,,,,,other,no,,30.0,Non Biodegradable,non_food,parle - g,non_food
8904004417319.0,rusky aata toast,,Plastic,,,,other,no,,20.0,Non Biodegradable,non_food,rusky aata toast,non_food
8936010681361.0,Pho Tron,,,,,,other,no,,30.0,Non Biodegradable,non_food,pho tron,non_food
89155912.0,Chipolatas Napoli,,,,,,other,no,,30.0,Non Biodegradable,non_food,chipolatas napoli,snack
8901725136062.0,Mom’s magic,,,,,,other,no,,30.0,Non Biodegradable,non_food,mom’s magic,non_food
8964002756094.0,Mari Biscuit,,,,,,snack,no,,30.0,Non Biodegradable,snack,mari biscuit,confectionery
8901757031465.0,Cardamom Chai premix,,,,,,other,no,,30.0,Non Biodegradable,non_food,cardamom chai premix,non_food
8901037011842.0,Instant tea masala chai,,,,,,beverage,no,,30.0,Non Biodegradable,beverage,instant tea masala chai,spices
8987654000201.0,La mia colazione Cookie Doppio cioccolato,,,,,,snack,no,,30.0,Non Biodegradable,beverage,la mia colazione cookie doppio cioccolato,confectionery
8901764042911.0,Thums up,,"Plastic,bottle","['en:palm-oil-content-unknown', 'en:vegan-status-unknown', 'en:vegetarian']",,,other,no,,30.0,Non Biodegradable,non_food,thums up,non_food
89616680.0,Raosted legumes,,,,,,other,no,,30.0,Non Biodegradable,non_food,raosted legumes,non_food
8901491001106.0,Cheese Nachos,,,"['en:palm-oil', 'en:non-vegan', 'en:vegetarian-status-unknown']",,,dairy,no,,40.0,Moderately Biodegradable,dairy,cheese nachos,snack
8906000210055.0,Chakki atta,,,,,,other,no,,30.0,Non Biodegradable,grain,chakki atta,grain
8992775311912.0,Gery,,en:Plastic,,,,other,no,,20.0,Non Biodegradable,non_food,gery,non_food
8992775711910.0,Gery chocolatõs,,en:Plastic,"['en:palm-oil-content-unknown', 'en:non-vegan', 'en:vegetarian-status-unknown']",,,beverage,no,,30.0,Non Biodegradable,beverage,gery chocolatõs,beverage
8901725135010.0,Oats chocolate,,,,,,beverage,no,,30.0,Non Biodegradable,beverage,oats chocolate,confectionery
8901058826760.0,Coffee Instant mix,,,,,,beverage,no,,30.0,Non Biodegradable,beverage,coffee instant mix,beverage
8997212800660.0,Mint Blossom,,,,,,other,no,,30.0,Non Biodegradable,non_food,mint blossom,non_food
8935013160071.0,Thé Linh Chi Vinh Tien 50G Vietnam,,,,,,other,no,,30.0,Non Biodegradable,non_food,thé linh chi vinh tien 50g vietnam,non_food
8904004400250.0,Haldiram's Soya Sticks,,,['en:vegetarian'],,,other,no,,35.0,Non Biodegradable,non_food,haldiram's soya sticks,grain
8904221699383.0,asitis,,plasitc,,,,other,no,,40.0,Moderately Biodegradable,non_food,asitis,non_food
8908003115924.0,Badam (almond) Pista Biscuits,,,,,,snack,no,,30.0,Non Biodegradable,snack,badam (almond) pista biscuits,confectionery
8904063230058.0,Panchrattan,,,,,,other,no,,30.0,Non Biodegradable,grain,panchrattan,grain
8904067704951.0,Rajwadi Mix,,,,,,other,no,,30.0,Non Biodegradable,non_food,rajwadi mix,non_food
8938510335393.0,Classic Marsh-mallow chocolate Pie,,,,,,beverage,no,,30.0,Non Biodegradable,beverage,classic marsh-mallow chocolate pie,dairy
8901262175852.0,Golden Pearl(Ice Cream),,,"['en:palm-oil-content-unknown', 'en:non-vegan', 'en:vegetarian-status-unknown']",,,cosmetic,no,,40.0,Moderately Biodegradable,cosmetic,golden pearl(ice cream),frozen_food
8901747000723.0,Premium tea,,,,,,beverage,no,,30.0,Non Biodegradable,beverage,premium tea,beverage
8996001410691.0,Brown coffee,,,,,,beverage,no,,30.0,Non Biodegradable,beverage,brown coffee,beverage
8904147410925.0,Baking Soda,,,,,,beverage,no,,30.0,Non Biodegradable,beverage,baking soda,beverage
8901552024730.0,Ashoka Chana Dal Tikki,,Container,"['en:vegan', 'en:vegetarian']",,,other,no,,50.0,Moderately Biodegradable,grain,ashoka chana dal tikki,grain
8901414000063.0,Bikano Aloo bhujia 1kg,,,,,,other,no,,30.0,Non Biodegradable,non_food,bikano aloo bhujia 1kg,non_food
8991102387286.0,Tango Chocolate Long Wafer,,,,,,beverage,no,,30.0,Non Biodegradable,beverage,tango chocolate long wafer,confectionery
8964001188506.0,whistlez,,,,,,other,no,,30.0,Non Biodegradable,non_food,whistlez,non_food
8935311110365.0,Hoàng Gia phô thįt bò,,en:Plastic,"['en:palm-oil', 'en:non-vegan', 'en:non-vegetarian']",,,other,no,,30.0,Non Biodegradable,non_food,hoàng gia phô thįt bò,non_food
8935025329565.0,Trà Oolong,,,,,,other,no,,30.0,Non Biodegradable,non_food,trà oolong,non_food
8904063204554.0,Kawan paratha,,,,,,other,no,,30.0,Non Biodegradable,non_food,kawan paratha,non_food
8936136161501.0,Omachi noodles,,,,,,other,no,,30.0,Non Biodegradable,non_food,omachi noodles,non_food
8941114006279.0,Magica Choco Filled,,,,,,other,no,,30.0,Non Biodegradable,non_food,magica choco filled,non_food
8901552014427.0,Green Chilli Pickle,,,,,,other,no,,30.0,Non Biodegradable,non_food,green chilli pickle,non_food
8904004416275.0,Kaja mankhatai cookies,,,"['en:may-contain-palm-oil', 'en:non-vegan', 'en:vegetarian-status-unknown']",,,snack,no,,40.0,Moderately Biodegradable,snack,kaja mankhatai cookies,confectionery
8901155442313.0,Masala rice,,,"['en:vegan', 'en:vegetarian']",,,other,no,,40.0,Moderately Biodegradable,grain,masala rice,spices
8901155429314.0,Aloo chana chat,,,,,,other,no,,30.0,Non Biodegradable,non_food,aloo chana chat,non_food
8900727003006.0,Tarallini alla contadina,,,,,,other,no,,30.0,Non Biodegradable,non_food,tarallini alla contadina,non_food
8961005060289.0,Salsa piccante,,,,,,other,no,,30.0,Non Biodegradable,non_food,salsa piccante,non_food
8996001414040.0,TORA BIKA,,,,,,other,no,,30.0,Non Biodegradable,non_food,tora bika,non_food
8935217412013.0,Sữa TH true yogurt vị cam 180,,,,,,dairy,no,,30.0,Non Biodegradable,dairy,sữa th true yogurt vị cam 180,dairy
8906119090036.0,Candilucious magic love,,,"['en:palm-oil-content-unknown', 'en:vegan-status-unknown', 'en:vegetarian-status-unknown']",,,other,no,,40.0,Moderately Biodegradable,non_food,candilucious magic love,non_food
8934637514307.0,Sójová omáčka,,,,,,other,no,,30.0,Non Biodegradable,non_food,sójová omáčka,non_food
8904083510093.0,Organic Biryani Rice Pilaf,,,"['en:vegan', 'en:vegetarian']",,,other,no,,40.0,Moderately Biodegradable,grain,organic biryani rice pilaf,grain
8934831134806.0,Chips De Patate Douce Nha Be 100G Vietnam,,,,,,snack,no,,30.0,Non Biodegradable,snack,chips de patate douce nha be 100g vietnam,snack
8934609602698.0,Hura layercake,,,"['en:palm-oil', 'en:non-vegan', 'en:vegetarian-status-unknown']",,,other,no,,40.0,Moderately Biodegradable,non_food,hura layercake,non_food
8938509018559.0,Dried Chamomile Tea,,,,,,beverage,no,,30.0,Non Biodegradable,beverage,dried chamomile tea,beverage
8906117403623.0,Peanut Butter Creamy Unsweetened,,,"['en:palm-oil-free', 'en:vegan', 'en:vegetarian']",,,dairy,no,,40.0,Moderately Biodegradable,dairy,peanut butter creamy unsweetened,dairy
8901052004393.0,Gold,,,,,,other,no,,30.0,Non Biodegradable,non_food,gold,non_food
8977170620692.0,Hamburger pollo,,,,,,other,no,,30.0,Non Biodegradable,non_food,hamburger pollo,non_food
8980170622221.0,Cordon bleu di pollo,,,,,,other,no,,30.0,Non Biodegradable,non_food,cordon bleu di pollo,non_food
8901138030711.0,Cystone tab. 100,,,,,,other,no,,30.0,Non Biodegradable,non_food,cystone tab. 100,non_food
8934637516332.0,Siracha,,,,,,other,no,,30.0,Non Biodegradable,non_food,siracha,non_food
8994963002879.0,chicken flavour gout poulet,,,"['en:palm-oil', 'en:maybe-vegan', 'en:maybe-vegetarian']",,,other,no,,40.0,Moderately Biodegradable,non_food,chicken flavour gout poulet,non_food
8935090912822.0,Roasted Cashews unsalted,,Plastic,"['en:palm-oil-content-unknown', 'en:vegan-status-unknown', 'en:vegetarian-status-unknown']",,,other,no,,30.0,Non Biodegradable,spices,roasted cashews unsalted,other
8901552000703.0,Chilli Pickle,,,,,,other,no,,30.0,Non Biodegradable,non_food,chilli pickle,non_food
8996001351802.0,CalCheese Choco,,Plastic,,,,dairy,no,,20.0,Non Biodegradable,dairy,calcheese choco,dairy
8932392968113.0,Cappucino saveur chocolat,,,,,,beverage,no,,30.0,Non Biodegradable,beverage,cappucino saveur chocolat,beverage
8906010365943.0,Ghee Dry Fruits Halea,,,,,,other,no,,30.0,Non Biodegradable,dairy,ghee dry fruits halea,dairy
8901552018920.0,Punjabi pachranga pickle,,,,,,other,no,,30.0,Non Biodegradable,non_food,punjabi pachranga pickle,non_food
8992984633157.0,UBE flavouring,,,,,,other,no,,30.0,Non Biodegradable,non_food,ube flavouring,non_food
8901928202755.0,Bisk farm suger free,,,,,,other,no,,30.0,Non Biodegradable,non_food,bisk farm suger free,non_food
8904084100453.0,Aloe noni,,,,,,other,no,,30.0,Non Biodegradable,non_food,aloe noni,non_food
8901764061257.0,Diet Coke Can 250ml,,Can,"['en:palm-oil-content-unknown', 'en:vegan-status-unknown', 'en:vegetarian-status-unknown']",,,other,no,,50.0,Moderately Biodegradable,non_food,diet coke can 250ml,non_food
8993440130005.0,Sambal hijau,,,,,,other,no,,30.0,Non Biodegradable,non_food,sambal hijau,non_food
8908000339392.0,كرك,,,,,,other,no,,30.0,Non Biodegradable,non_food,كرك,non_food
8964002347438.0,Kurekure toofaani mirch,,,,,,other,no,,30.0,Non Biodegradable,non_food,kurekure toofaani mirch,non_food
8908004415405.0,Orbix,,,,,,other,no,,30.0,Non Biodegradable,non_food,orbix,non_food
8901928683004.0,sugar free marie,,Plastic,,,,other,no,,20.0,Non Biodegradable,non_food,sugar free marie,non_food
8935001725176.0,chuppa chup advent calendar,,,"['en:may-contain-palm-oil', 'en:non-vegan', 'en:vegetarian-status-unknown']",,,other,no,,40.0,Moderately Biodegradable,non_food,chuppa chup advent calendar,non_food
8930053151010.0,Torpedo Crevettes,,,,,,other,no,,30.0,Non Biodegradable,non_food,torpedo crevettes,non_food
8908010196053.0,Gangotri Khakra Plain,,Film,"['en:palm-oil-content-unknown', 'en:vegan-status-unknown', 'en:vegetarian']",,,other,no,,50.0,Moderately Biodegradable,non_food,gangotri khakra plain,non_food
8936121110439.0,Letchi,,,,,,other,no,,30.0,Non Biodegradable,non_food,letchi,non_food
8901499008299.0,Corn Flakes Original,,Plastic,"['en:palm-oil-free', 'en:vegan-status-unknown', 'en:vegetarian-status-unknown']",,,other,no,,30.0,Non Biodegradable,cereal,corn flakes original,cereal
8906059636288.0,Greek yogurt,,,,,,dairy,no,,30.0,Non Biodegradable,dairy,greek yogurt,dairy
8906113470186.0,Boules de Sésame sucré,,,,,,other,no,,30.0,Non Biodegradable,non_food,boules de sésame sucré,non_food
8936017360580.0,Nioc mam cao cap,,,,,,other,no,,30.0,Non Biodegradable,non_food,nioc mam cao cap,non_food
8934900020016.0,cao sao vang,,,,,,other,no,,30.0,Non Biodegradable,non_food,cao sao vang,non_food
8908001017213.0,Cornitos Nachos Crisps Sea Salt,,,,,,other,no,,30.0,Non Biodegradable,spices,cornitos nachos crisps sea salt,snack
8901047619205.0,Karahi Cooking Sauce,,,"['en:palm-oil-free', 'en:vegan-status-unknown', 'en:vegetarian-status-unknown']",,,other,no,,40.0,Moderately Biodegradable,condiment,karahi cooking sauce,sauce_condiment
8980170621187.0,Cotolette,,,"['en:palm-oil', 'en:non-vegan', 'en:vegetarian-status-unknown']",,,other,no,,40.0,Moderately Biodegradable,non_food,cotolette,non_food
8938501349415.0,Cang Rong Biên Miso,,,,,,other,no,,30.0,Non Biodegradable,non_food,cang rong biên miso,non_food
8904198840009.0,Euro surati nankhatai,,,,,,other,no,,30.0,Non Biodegradable,non_food,euro surati nankhatai,non_food
8966000036802.0,Nutty Loonies,,,,,,other,no,,30.0,Non Biodegradable,non_food,nutty loonies,non_food
8936147650506.0,Yomee soupe au boeuf,,,,,,other,no,,30.0,Non Biodegradable,non_food,yomee soupe au boeuf,non_food
8935311130608.0,Instant noodles chicken flavor,,,,,,other,no,,30.0,Non Biodegradable,non_food,instant noodles chicken flavor,non_food
8936190950707.0,Coco xim,,,,,,other,no,,30.0,Non Biodegradable,non_food,coco xim,non_food
8901117248755.0,Gsh,,,,,,other,no,,30.0,Non Biodegradable,non_food,gsh,non_food
8904064618381.0,Vadagam rond,,,,,,other,no,,30.0,Non Biodegradable,non_food,vadagam rond,non_food
8997232590497.0,Bayam merah cap panah merah,,,"['en:palm-oil-content-unknown', 'en:vegan-status-unknown', 'en:vegetarian-status-unknown']",,,other,no,,40.0,Moderately Biodegradable,non_food,bayam merah cap panah merah,non_food
8997232590862.0,Tomat tymoti F1,,,"['en:palm-oil-content-unknown', 'en:vegan-status-unknown', 'en:vegetarian-status-unknown']",,,other,no,,40.0,Moderately Biodegradable,non_food,tomat tymoti f1,non_food
8997232590077.0,BENIH KANGKUNG BANGKOK LP-1,,,"['en:palm-oil-content-unknown', 'en:vegan-status-unknown', 'en:vegetarian-status-unknown']",,,other,no,,40.0,Moderately Biodegradable,non_food,benih kangkung bangkok lp-1,non_food
8997232590381.0,BENIH PARIA LIPA F1,,,"['en:palm-oil-content-unknown', 'en:vegan-status-unknown', 'en:vegetarian-status-unknown']",,,other,no,,40.0,Moderately Biodegradable,non_food,benih paria lipa f1,non_food
8997232590596.0,BENIH CABE RAWIT PELITA,,,"['en:palm-oil-content-unknown', 'en:vegan-status-unknown', 'en:vegetarian-status-unknown']",,,other,no,,40.0,Moderately Biodegradable,non_food,benih cabe rawit pelita,non_food
8997232590787.0,Labu kuning suprema f1,,,,,,other,no,,30.0,Non Biodegradable,non_food,labu kuning suprema f1,non_food
8997232590411.0,Bayam hijau maestro,,,"['en:palm-oil-content-unknown', 'en:vegan-status-unknown', 'en:vegetarian-status-unknown']",,,other,no,,40.0,Moderately Biodegradable,non_food,bayam hijau maestro,non_food
8964000022504.0,Guava,,,,,,other,no,,30.0,Non Biodegradable,non_food,guava,non_food
8901774002141.0,Punjabi Chhole Masala,,,,,,other,no,,30.0,Non Biodegradable,spices,punjabi chhole masala,spices
8997232590237.0,BENIH SELADA GRAND RAPIDS,,,"['en:palm-oil-content-unknown', 'en:vegan-status-unknown', 'en:vegetarian-status-unknown']",,,other,no,,40.0,Moderately Biodegradable,non_food,benih selada grand rapids,non_food
8997232590879.0,BENIH MENTIMUN VITANI F1 10092837,,,"['en:palm-oil-content-unknown', 'en:vegan-status-unknown', 'en:vegetarian-status-unknown']",,,other,no,,40.0,Moderately Biodegradable,non_food,benih mentimun vitani f1 10092837,non_food
8997232590039.0,BENIH SELEDRI AMIGO,,,"['en:palm-oil-content-unknown', 'en:vegan-status-unknown', 'en:vegetarian-status-unknown']",,,other,no,,40.0,Moderately Biodegradable,non_food,benih seledri amigo,non_food
8997232590756.0,Caisim shinta,,,"['en:palm-oil-content-unknown', 'en:vegan-status-unknown', 'en:vegetarian-status-unknown']",,,other,no,,40.0,Moderately Biodegradable,non_food,caisim shinta,non_food
8997232590220.0,Cabai besar gada f1,,,,,,other,no,,30.0,Non Biodegradable,non_food,cabai besar gada f1,non_food
8997232590268.0,Terong Jeno F1 cap panah merah,,,,,,other,no,,30.0,Non Biodegradable,non_food,terong jeno f1 cap panah merah,non_food
8997232590435.0,BENIH MARIGOLD MAHARANI,,,"['en:palm-oil-content-unknown', 'en:vegan-status-unknown', 'en:vegetarian-status-unknown']",,,other,no,,40.0,Moderately Biodegradable,non_food,benih marigold maharani,non_food
8904063252401.0,Panjeeri Ladoo,,,,,,other,no,,30.0,Non Biodegradable,non_food,panjeeri ladoo,non_food
8991002502727.0,Kacang Jepang Spicy Flavor,,,,,,other,no,,30.0,Non Biodegradable,non_food,kacang jepang spicy flavor,non_food
8906008350692.0,Soya nuggets,,,,,,other,no,,30.0,Non Biodegradable,non_food,soya nuggets,grain
8904057300040.0,Chocobar,,Plastique,"['en:palm-oil', 'en:non-vegan', 'en:vegetarian']",,,other,no,,50.0,Moderately Biodegradable,confectionery,chocobar,confectionery
8908006634095.0,Green Snack Super Stix,,,['en:vegetarian'],,,snack,no,,35.0,Non Biodegradable,snack,green snack super stix,snack
8901552025089.0,Vindaloo Curry Paste,,,,,,other,no,,30.0,Non Biodegradable,grain,vindaloo curry paste,grain
8934863107144.0,Bot dau nanh hat sen,,,,,,other,no,,30.0,Non Biodegradable,non_food,bot dau nanh hat sen,non_food
8964000685297.0,Choco Licious,,,,,,other,no,,30.0,Non Biodegradable,non_food,choco licious,non_food
8904063240248.0,Haldiram Bhujia 1kg,,,,,,other,no,,30.0,Non Biodegradable,non_food,haldiram bhujia 1kg,non_food
8964000040461.0,Dairy pure,,,"['en:palm-oil-content-unknown', 'en:vegan-status-unknown', 'en:vegetarian-status-unknown']",,,other,no,,40.0,Moderately Biodegradable,non_food,dairy pure,non_food
8901063025394.0,Milk. Bikis,,,,,,dairy,no,,30.0,Non Biodegradable,dairy,milk. bikis,dairy
8936190950011.0,Aceite de coco,,,"['en:palm-oil-content-unknown', 'en:vegan-status-unknown', 'en:vegetarian-status-unknown']",,,other,no,,40.0,Moderately Biodegradable,non_food,aceite de coco,non_food
8940011820193.0,Hot Tomato sauce,,,,,,other,no,,30.0,Non Biodegradable,condiment,hot tomato sauce,sauce_condiment
8961101784508.0,Tulsi,,,,,,other,no,,30.0,Non Biodegradable,non_food,tulsi,non_food
8934878083358.0,BEIGNETS DE CREVETTE,,,,,,other,no,,30.0,Non Biodegradable,non_food,beignets de crevette,non_food
8904063281494.0,Rasmalai,,,,,,other,no,,30.0,Non Biodegradable,non_food,rasmalai,non_food
8908015172014.0,Indiraa Foods Ulava Charu,,,['en:vegetarian'],,,other,no,,35.0,Non Biodegradable,other_food,indiraa foods ulava charu,other
8964000752524.0,raaz iodized salt,,,,,,other,no,,30.0,Non Biodegradable,spices,raaz iodized salt,other
8901719102394.0,Biscuits digestifs nutricrunch,,,,,,snack,no,,30.0,Non Biodegradable,snack,biscuits digestifs nutricrunch,confectionery
8934851723554.0,Premium fish sauce,,,,,,other,no,,30.0,Non Biodegradable,condiment,premium fish sauce,sauce_condiment
8938507849636.0,Organic coconut water,,Card board bottle,"['en:palm-oil-free', 'en:maybe-vegan', 'en:maybe-vegetarian']",,,other,no,,50.0,Moderately Biodegradable,non_food,organic coconut water,non_food
8906065031589.0,kaju nankati,,,"['en:palm-oil-free', 'en:non-vegan', 'en:vegetarian-status-unknown']",,,other,no,,40.0,Moderately Biodegradable,non_food,kaju nankati,non_food
8901777389898.0,mini Punjabi samosa,,,"['en:palm-oil-content-unknown', 'en:non-vegan', 'en:vegetarian-status-unknown']",,,other,no,,40.0,Moderately Biodegradable,non_food,mini punjabi samosa,non_food
8904067705149.0,Chikki peanut gold,,,,,,other,no,,30.0,Non Biodegradable,non_food,chikki peanut gold,non_food
8904063256812.0,Medu avada,,,,,,other,no,,30.0,Non Biodegradable,non_food,medu avada,non_food
8933170024861.0,Trecine di pasta sfoglia,,,,,,other,no,,30.0,Non Biodegradable,non_food,trecine di pasta sfoglia,non_food
8906116950814.0,MuscleBlaze Protein Peanut Butter Creamy Dark Chocolate,,,['en:vegetarian'],,,dairy,no,,35.0,Non Biodegradable,beverage,muscleblaze protein peanut butter creamy dark chocolate,dairy
89606391.0,Zitrone 0.0%,,,,,,other,no,,30.0,Non Biodegradable,non_food,zitrone 0.0%,non_food
8996001600146.0,Teh Pucuk Melati,,en:Plastic,"['en:palm-oil-content-unknown', 'en:vegan-status-unknown', 'en:vegetarian-status-unknown']",,,other,no,,30.0,Non Biodegradable,non_food,teh pucuk melati,non_food
8998888170910.0,Marjan,,,,,,other,no,,30.0,Non Biodegradable,non_food,marjan,non_food
8902579131036.0,Appy Fizz,,,,,,other,no,,30.0,Non Biodegradable,non_food,appy fizz,non_food
8934684011538.0,A-one Satee,,,,,,other,no,,30.0,Non Biodegradable,non_food,a-one satee,non_food
8936007532829.0,Bluemix,,,,,,other,no,,30.0,Non Biodegradable,non_food,bluemix,non_food
8904155700827.0,S Sunil medical khargon,,,"['en:palm-oil-content-unknown', 'en:vegan-status-unknown', 'en:vegetarian-status-unknown']",,,other,no,,40.0,Moderately Biodegradable,non_food,s sunil medical khargon,non_food
8935049501558.0,Fanta viet quat,,,"['en:palm-oil-content-unknown', 'en:vegan-status-unknown', 'en:vegetarian-status-unknown']",,,other,no,,40.0,Moderately Biodegradable,non_food,fanta viet quat,non_food
8906005671707.0,Soya chips,,,,,,snack,no,,30.0,Non Biodegradable,snack,soya chips,snack
8906008350050.0,Manna health mix,,,,,,other,no,,30.0,Non Biodegradable,non_food,manna health mix,non_food
8904063209931.0,Tandoori garlic naan,,,,,,other,no,,30.0,Non Biodegradable,non_food,tandoori garlic naan,non_food
8904124700582.0,flocons d'avoine,,,,,,other,no,,30.0,Non Biodegradable,non_food,flocons d'avoine,non_food
8935054880174.0,Reispapier,,,,,,other,no,,30.0,Non Biodegradable,non_food,reispapier,non_food
8901747002239.0,Instant Masala Tea,,,,,,beverage,no,,30.0,Non Biodegradable,beverage,instant masala tea,spices
8935048604335.0,Aloe Vera Con Pulpa,,,,,,other,no,,30.0,Non Biodegradable,non_food,aloe vera con pulpa,non_food
8901035053783.0,Victoria menthe,,,,,,other,no,,30.0,Non Biodegradable,non_food,victoria menthe,non_food
8906008400014.0,As,,,"['en:palm-oil-content-unknown', 'en:vegan-status-unknown', 'en:vegetarian-status-unknown']",,,other,no,,40.0,Moderately Biodegradable,non_food,as,non_food
8996001440353.0,Energen Jahe,,Plastic,,,,other,no,,20.0,Non Biodegradable,non_food,energen jahe,non_food
8938511802054.0,Pangasius Steaks 8 Stück,,,,,,beverage,no,,30.0,Non Biodegradable,beverage,pangasius steaks 8 stück,beverage
8936177703203.0,Jus Premium corossol,,,,,,other,no,,30.0,Non Biodegradable,non_food,jus premium corossol,non_food
8906091900224.0,Jowar puffs,,,,,,other,no,,30.0,Non Biodegradable,non_food,jowar puffs,non_food
8906091900002.0,Tomato foxnuts,,,,,,other,no,,30.0,Non Biodegradable,non_food,tomato foxnuts,non_food
8904209305541.0,Rice idli,,,,,,other,no,,30.0,Non Biodegradable,grain,rice idli,grain
8906006720114.0,Qyno Dates,,,,,,other,no,,30.0,Non Biodegradable,non_food,qyno dates,non_food
8908014167004.0,Naagin indian hot sauce,,,['en:vegetarian'],,,other,no,,35.0,Non Biodegradable,condiment,naagin indian hot sauce,sauce_condiment
8901764012914.0,Coca-Cola,,"Plastic,PET - Polyethylene terephthalate,Bottle,Transparent PET","['en:palm-oil-content-unknown', 'en:vegan-status-unknown', 'en:vegetarian']",,,beverage,no,,30.0,Non Biodegradable,beverage,coca-cola,beverage
8992741906159.0,Jumbo burger,,,,,,other,no,,30.0,Non Biodegradable,non_food,jumbo burger,non_food
8904049650009.0,Riso basmati alishaan,,,,,,other,no,,30.0,Non Biodegradable,non_food,riso basmati alishaan,non_food
8900175003009.0,Taralli al calzone,,,,,,other,no,,30.0,Non Biodegradable,non_food,taralli al calzone,non_food
8907316006400.0,Mutter paneer tofu,,,,,,dairy,no,,30.0,Non Biodegradable,dairy,mutter paneer tofu,dairy
8961100360017.0,haleeb milk,,,,,,dairy,no,,30.0,Non Biodegradable,dairy,haleeb milk,dairy
8901725112592.0,Gulab jamun,,,,,,other,no,,30.0,Non Biodegradable,non_food,gulab jamun,non_food
8908000870376.0,Jaimin Sesame Chikki (200G),,,,,,other,no,,30.0,Non Biodegradable,non_food,jaimin sesame chikki (200g),non_food
8901155427310.0,Rajama masala,,,,,,other,no,,30.0,Non Biodegradable,spices,rajama masala,spices
8906057900060.0,Masala Century Chicken Masala,,,,,,other,no,,30.0,Non Biodegradable,spices,masala century chicken masala,spices
8964000061114.0,Mayonnaise,,,"['en:palm-oil-free', 'en:non-vegan', 'en:vegetarian']",,,other,no,,40.0,Moderately Biodegradable,condiment,mayonnaise,other
8991389861240.0,دفتر مدرسي,,وة,,,,other,no,,40.0,Moderately Biodegradable,non_food,دفتر مدرسي,non_food
8906133400590.0,Vegan Plant Protein Powder,,,"['en:vegan', 'en:vegetarian']",,,other,no,,40.0,Moderately Biodegradable,spices,vegan plant protein powder,protein
8904109469152.0,Doodh Biscuits,,,,,,snack,no,,30.0,Non Biodegradable,snack,doodh biscuits,confectionery
8961003046018.0,Original,,,,,,other,no,,30.0,Non Biodegradable,non_food,original,non_food
8964002216161.0,Sella Basmati Reis,,,,,,other,no,,30.0,Non Biodegradable,non_food,sella basmati reis,non_food
8961100283804.0,Fresh up,,20,,,,other,no,,40.0,Moderately Biodegradable,non_food,fresh up,non_food
8980123009611.0,Pimientos rellenos de bacalao,,,,,,other,no,,30.0,Non Biodegradable,non_food,pimientos rellenos de bacalao,non_food
8931344026956.0,Pizza di farro,,,,,,other,no,,30.0,Non Biodegradable,non_food,pizza di farro,non_food
8901262200172.0,Amul Lassi 1ltr,,,,,,other,no,,30.0,Non Biodegradable,dairy,amul lassi 1ltr,dairy
8904064622098.0,Ponni Boiled Rice,,,,,,other,no,,30.0,Non Biodegradable,grain,ponni boiled rice,grain
8935001715672.0,Apenliebe,,,,,,other,no,,30.0,Non Biodegradable,non_food,apenliebe,non_food
8961014018196.0,Custard,,,"['en:palm-oil-content-unknown', 'en:vegan-status-unknown', 'en:vegetarian-status-unknown']",,,other,no,,40.0,Moderately Biodegradable,non_food,custard,non_food
8924405911216.0,Kaju pask,,Paper,,,,other,yes,,90.0,Highly Biodegradable,non_food,kaju pask,non_food
8936190950028.0,Extra virgin coconut oil,,,,,,other,no,,30.0,Non Biodegradable,non_food,extra virgin coconut oil,non_food
8910730050669.0,Arrosto di tacchino,,,,,,other,no,,30.0,Non Biodegradable,non_food,arrosto di tacchino,non_food
8906112660519.0,Rolled Oats,,Plastic,"['en:palm-oil-free', 'en:vegan', 'en:vegetarian']",,,other,no,,30.0,Non Biodegradable,cereal,rolled oats,cereal
8908000339354.0,Karak Tea Saffron FLV 10 Sachets,,,,,,beverage,no,,30.0,Non Biodegradable,beverage,karak tea saffron flv 10 sachets,beverage
8904063281159.0,Gobhi Paratha,,,,,,other,no,,30.0,Non Biodegradable,non_food,gobhi paratha,non_food
8964002756353.0,peek freans farm house coconut crunch,,,,,,other,no,,30.0,Non Biodegradable,non_food,peek freans farm house coconut crunch,non_food
8901058898040.0,Masala veg aata noodles,,,,,,other,no,,30.0,Non Biodegradable,spices,masala veg aata noodles,spices
8996001303764.0,danisa butter cookies,,Metal box,"['en:palm-oil-free', 'en:non-vegan', 'en:vegetarian-status-unknown']",,,dairy,no,,60.0,Moderately Biodegradable,snack,danisa butter cookies,dairy
8901719117312.0,Parle-G Original Gluco Biscuits,,Plastic,"['en:palm-oil-content-unknown', 'en:non-vegan', 'en:vegetarian-status-unknown']",,,snack,no,,30.0,Non Biodegradable,snack,parle-g original gluco biscuits,confectionery
8997022840795.0,Luwak signature coffee,,"Plastic, Can","['en:palm-oil-content-unknown', 'en:vegan-status-unknown', 'en:vegetarian-status-unknown']",,,beverage,no,,30.0,Non Biodegradable,beverage,luwak signature coffee,beverage
8904063281319.0,Motichoor Ladoo,,,,,,other,no,,30.0,Non Biodegradable,non_food,motichoor ladoo,non_food
8934673700122.0,Sữa đậu nành hạnh nhân Vinamilk,,,,,,dairy,no,,30.0,Non Biodegradable,dairy,sữa đậu nành hạnh nhân vinamilk,dairy
8966000039612.0,Bacho,,,,,,other,no,,30.0,Non Biodegradable,non_food,bacho,non_food
8938500334023.0,Gateaux d’haricot vert,,,,,,beverage,no,,30.0,Non Biodegradable,beverage,gateaux d’haricot vert,beverage
8934673006187.0,ديالاك,,,,,,other,no,,30.0,Non Biodegradable,non_food,ديالاك,non_food
8936093330088.0,Vegan chicken slice,,Plastic,"['en:vegan', 'en:vegetarian']",,,other,no,,30.0,Non Biodegradable,non_food,vegan chicken slice,non_food
8936078570669.0,Bánh mỳ đậu đỏ,,,,,,other,no,,30.0,Non Biodegradable,non_food,bánh mỳ đậu đỏ,non_food
8906021511124.0,dalia,,,,,,other,no,,30.0,Non Biodegradable,grain,dalia,grain
8904067709840.0,tandoori roasted peanuts,,,,,,other,no,,30.0,Non Biodegradable,non_food,tandoori roasted peanuts,non_food
8901030778445.0,Clinic plus,,,,,,other,no,,30.0,Non Biodegradable,non_food,clinic plus,non_food
8906009993041.0,Elite pineapple cake,,,,,,other,no,,30.0,Non Biodegradable,non_food,elite pineapple cake,non_food
8901764362606.0,Minute maid,,,"['en:palm-oil-content-unknown', 'en:vegan-status-unknown', 'en:vegetarian-status-unknown']",,,other,no,,40.0,Moderately Biodegradable,non_food,minute maid,non_food
8904063213754.0,Aloo pyaz paratha,,,,,,other,no,,30.0,Non Biodegradable,non_food,aloo pyaz paratha,non_food
8936046076414.0,Nelli crush,,,,,,other,no,,30.0,Non Biodegradable,non_food,nelli crush,non_food
8906005505453.0,Bikaji badam laccha,,,,,,other,no,,30.0,Non Biodegradable,non_food,bikaji badam laccha,non_food
8936010780019.0,VINAGA,,,"['en:palm-oil-content-unknown', 'en:vegan-status-unknown', 'en:vegetarian-status-unknown']",,,other,no,,40.0,Moderately Biodegradable,non_food,vinaga,non_food
8936007200926.0,Nước súc miệng Thái Dương,,,"['en:palm-oil-content-unknown', 'en:vegan-status-unknown', 'en:vegetarian-status-unknown']",,,other,no,,40.0,Moderately Biodegradable,non_food,nước súc miệng thái dương,non_food
8934841901870.0,Sữa CGHL Socola 180 Bao bì mới,,,,,,beverage,no,,30.0,Non Biodegradable,beverage,sữa cghl socola 180 bao bì mới,beverage
8964000184295.0,Jus de mangue,,,,,,other,no,,30.0,Non Biodegradable,non_food,jus de mangue,non_food
8938509908027.0,nghĩa proxy123,,nghia123456789,,,,other,no,,40.0,Moderately Biodegradable,non_food,nghĩa proxy123,non_food
8995077602405.0,Tic tac,,,,,,other,no,,30.0,Non Biodegradable,non_food,tic tac,non_food
8935270800307.0,Basil Seeds,,,,,,other,no,,30.0,Non Biodegradable,non_food,basil seeds,non_food
8941100310434.0,Aquafina,,Plastic bottle,"['en:palm-oil-free', 'en:vegan', 'en:vegetarian']",,,other,no,,30.0,Non Biodegradable,non_food,aquafina,non_food
8934878010033.0,Soy Sauce Vegetarian,,,"['en:palm-oil-free', 'en:vegan', 'en:vegetarian']",,,other,no,,40.0,Moderately Biodegradable,condiment,soy sauce vegetarian,sauce_condiment
8999999572563.0,Chai Latte Vanilla,,,,,,other,no,,30.0,Non Biodegradable,non_food,chai latte vanilla,non_food
8936079121822.0,Lays seaweed family pack,,,,,,other,no,,30.0,Non Biodegradable,non_food,lays seaweed family pack,snack
8901088068789.0,Saffola Masala Oats,,Plastic,"['en:palm-oil-content-unknown', 'en:vegan-status-unknown', 'en:vegetarian-status-unknown']",,,other,no,,30.0,Non Biodegradable,cereal,saffola masala oats,spices
8906088860258.0,Current hot ´n’ spicy chilli+ pepper noodles,,,"['en:may-contain-palm-oil', 'en:vegan-status-unknown', 'en:vegetarian-status-unknown']",,,other,no,,40.0,Moderately Biodegradable,spices,current hot ´n’ spicy chilli+ pepper noodles,spice
8993175531719.0,Siip,,,,,,other,no,,30.0,Non Biodegradable,non_food,siip,non_food
8942841141295.0,Campagnard,,,,,,other,no,,30.0,Non Biodegradable,non_food,campagnard,non_food
8994010001190.0,Ananas,,,,,,other,no,,30.0,Non Biodegradable,non_food,ananas,non_food
8936046714019.0,Reisnudeln,,,,,,other,no,,30.0,Non Biodegradable,non_food,reisnudeln,non_food
8935311110587.0,Cháo gói vifon,,,,,,other,no,,30.0,Non Biodegradable,non_food,cháo gói vifon,non_food
8992735210088.0,Ayam Goreng Indonesian Fried Chicken,,,,,,other,no,,30.0,Non Biodegradable,non_food,ayam goreng indonesian fried chicken,non_food
8964000057995.0,Ispaghol,,,,,,other,no,,30.0,Non Biodegradable,non_food,ispaghol,non_food
8906065902704.0,Queues de crevettes blanches,,,,,,other,no,,30.0,Non Biodegradable,non_food,queues de crevettes blanches,non_food
8906088860401.0,Current Noodles,,,,,,other,no,,30.0,Non Biodegradable,non_food,current noodles,non_food
8901123005960.0,Lotte Choco Pie Cocoa,,,,,,other,no,,30.0,Non Biodegradable,non_food,lotte choco pie cocoa,non_food
8901595963348.0,Manchurian,,,"['en:palm-oil', 'en:vegan-status-unknown', 'en:vegetarian']",,,other,no,,40.0,Moderately Biodegradable,non_food,manchurian,non_food
8901063362086.0,Britannia Golddes,,,,,,other,no,,30.0,Non Biodegradable,non_food,britannia golddes,non_food
8961100085019.0,Super crisp,,,"['en:palm-oil', 'en:vegan-status-unknown', 'en:vegetarian-status-unknown']",,,other,no,,40.0,Moderately Biodegradable,non_food,super crisp,non_food
8901207001888.0,Dabur Honitus,,,,,,other,no,,30.0,Non Biodegradable,non_food,dabur honitus,non_food
8908000861794.0,Bhakarvadi,,,,,,other,no,,30.0,Non Biodegradable,non_food,bhakarvadi,non_food
8906035750373.0,bhakarwadi,,,,,,other,no,,30.0,Non Biodegradable,non_food,bhakarwadi,non_food
8998866808507.0,Floridina,,Plastique,,,,other,no,,40.0,Moderately Biodegradable,non_food,floridina,non_food
8935311130646.0,Instant Noodles Shrimp & Lime,,Пластик,"['en:palm-oil-content-unknown', 'en:vegan-status-unknown', 'en:vegetarian-status-unknown']",,,other,no,,50.0,Moderately Biodegradable,non_food,instant noodles shrimp & lime,non_food
8901725192211.0,bingo,,,,,,other,no,,30.0,Non Biodegradable,non_food,bingo,non_food
8901725100117.0,B Natural Guava Juice 1ltr,,,"['en:palm-oil-free', 'en:vegan-status-unknown', 'en:vegetarian-status-unknown']",,,beverage,no,,40.0,Moderately Biodegradable,beverage,b natural guava juice 1ltr,beverage
8936014316412.0,Bánh Hạnh Nhân,,,,,,other,no,,30.0,Non Biodegradable,non_food,bánh hạnh nhân,non_food
8906021126076.0,Chukku kappi,,,,,,other,no,,30.0,Non Biodegradable,non_food,chukku kappi,non_food
8901499010506.0,Muesli With 20% Nuts Delight,,1 plastic bag to recycle,"['en:palm-oil-content-unknown', 'en:vegan-status-unknown', 'en:vegetarian']",,,other,no,,30.0,Non Biodegradable,cereal,muesli with 20% nuts delight,cereal
8935311130318.0,Oriental style instant Noodle beef flavour,,,,,,other,no,,30.0,Non Biodegradable,non_food,oriental style instant noodle beef flavour,non_food
8904335600657.0,super muesli no added sugar,,Plastic,"['en:palm-oil-content-unknown', 'en:non-vegan', 'en:vegetarian-status-unknown']",,,other,no,,30.0,Non Biodegradable,cereal,super muesli no added sugar,cereal
8901552025188.0,Mango Chutney,,,,,,other,no,,30.0,Non Biodegradable,condiment,mango chutney,sauce_condiment
8901262151696.0,Amul Lassi 250 ml,,,"['en:palm-oil-free', 'en:non-vegan', 'en:vegetarian']",,,other,no,,40.0,Moderately Biodegradable,dairy,amul lassi 250 ml,dairy
8906038788625.0,Laddubar,,,"['en:palm-oil-free', 'en:vegan', 'en:vegetarian']",,,other,no,,40.0,Moderately Biodegradable,confectionery,laddubar,confectionery
8906038788649.0,Coco&choco,,,"['en:palm-oil-free', 'en:vegan', 'en:vegetarian']",,,other,no,,40.0,Moderately Biodegradable,non_food,coco&choco,non_food
89730261.0,college time snacks,,,,,,snack,no,,30.0,Non Biodegradable,snack,college time snacks,snack
8977408802111.0,Délice de marrons d’Ardeche,,,,,,other,no,,30.0,Non Biodegradable,non_food,délice de marrons d’ardeche,non_food
8909578389734.0,Pulm cake,,,,,,other,no,,30.0,Non Biodegradable,non_food,pulm cake,non_food
8901023000294.0,Cinthol,,,,,,other,no,,30.0,Non Biodegradable,non_food,cinthol,non_food
8936046159254.0,Sauce soja,,,,,,other,no,,30.0,Non Biodegradable,condiment,sauce soja,sauce_condiment
8935001725275.0,Mix of minis,,,"['en:palm-oil-content-unknown', 'en:vegan-status-unknown', 'en:vegetarian-status-unknown']",,,other,no,,40.0,Moderately Biodegradable,non_food,mix of minis,non_food
8901725109868.0,Bingo Mad Angles PIZZA..AAAAH,,Plastic,"['en:palm-oil', 'en:vegan-status-unknown', 'en:vegetarian-status-unknown']",,,other,no,,30.0,Non Biodegradable,non_food,bingo mad angles pizza..aaaah,non_food
8908012945055.0,100% Moong and Edmame spaghetti,,Paper,"['en:palm-oil-content-unknown', 'en:vegan', 'en:vegetarian']",,,other,yes,,100.0,Highly Biodegradable,non_food,100% moong and edmame spaghetti,non_food
89958087.0,Noir dégustation fleur de sel,,,,,,other,no,,30.0,Non Biodegradable,non_food,noir dégustation fleur de sel,non_food
8908003545738.0,Diabliss,,,,,,other,no,,30.0,Non Biodegradable,non_food,diabliss,non_food
8901063166059.0,Treat Buzzy Strawberry,,,,,,other,no,,30.0,Non Biodegradable,other_food,treat buzzy strawberry,other
8930070035980.0,Cafe rossa,,,,,,other,no,,30.0,Non Biodegradable,non_food,cafe rossa,non_food
8934760212347.0,Sweet bread,,,,,,other,no,,30.0,Non Biodegradable,confectionery,sweet bread,confectionery
8938526259027.0,dấu đậu nành tự nhiên,,en:Plastic,"['en:palm-oil-content-unknown', 'en:vegan-status-unknown', 'en:vegetarian-status-unknown']",,,other,no,,30.0,Non Biodegradable,non_food,dấu đậu nành tự nhiên,non_food
8964002272358.0,Tandoori naan,,,,,,other,no,,30.0,Non Biodegradable,non_food,tandoori naan,non_food
8966000036314.0,Granola bar,,,,,,other,no,,30.0,Non Biodegradable,confectionery,granola bar,confectionery
8904043927220.0,Tata Sampanna Chilli Powder -200g,,,,,,other,no,,30.0,Non Biodegradable,spices,tata sampanna chilli powder -200g,other
8901023017254.0,Good night,,,,,,other,no,,30.0,Non Biodegradable,non_food,good night,non_food
8936190137801.0,Zumo del guanábana,,,,,,other,no,,30.0,Non Biodegradable,non_food,zumo del guanábana,non_food
8902080104048.0,Pepsi,,Plastic bottle,"['en:palm-oil-content-unknown', 'en:vegan-status-unknown', 'en:vegetarian-status-unknown']",,,other,no,,30.0,Non Biodegradable,non_food,pepsi,non_food
8904083505914.0,Organic Urad Dal White Split-500g,,,['en:vegetarian'],,,other,no,,35.0,Non Biodegradable,grain,organic urad dal white split-500g,grain
8904083503941.0,Organic Urad Black Split,,,"['en:palm-oil-free', 'en:vegan', 'en:vegetarian']",,,other,no,,40.0,Moderately Biodegradable,non_food,organic urad black split,non_food
8904083514091.0,Organic Masoor Malka-500g,,,['en:vegetarian'],,,other,no,,35.0,Non Biodegradable,non_food,organic masoor malka-500g,non_food
8904083505938.0,Organic Urad White Whole-500g,,,,,,other,no,,30.0,Non Biodegradable,non_food,organic urad white whole-500g,non_food
8904083506232.0,Organic Sattu-500g,,,,,,other,no,,30.0,Non Biodegradable,non_food,organic sattu-500g,non_food
8906010070861.0,Ganesh Chana Sattu-500g,,,,,,other,no,,30.0,Non Biodegradable,non_food,ganesh chana sattu-500g,non_food
8904083506119.0,Organic Besan-500g,,,,,,other,no,,30.0,Non Biodegradable,non_food,organic besan-500g,non_food
8906010070465.0,Ganesh Besan-500g,,,['en:vegetarian'],,,other,no,,35.0,Non Biodegradable,non_food,ganesh besan-500g,non_food
8906010070243.0,Ganesh Maida-500g,,,,,,other,no,,30.0,Non Biodegradable,non_food,ganesh maida-500g,non_food
8904083506393.0,Organic Rice Flour-500g,,,,,,other,no,,30.0,Non Biodegradable,grain,organic rice flour-500g,grain
8906010070649.0,Ganesh Suji-200g,,,,,,other,no,,30.0,Non Biodegradable,non_food,ganesh suji-200g,non_food
8906010071042.0,Ganesh Wheat Dalia-500g,,,,,,other,no,,30.0,Non Biodegradable,grain,ganesh wheat dalia-500g,grain
8904043926667.0,Tata Sampann Masoor Whole-500g,,,,,,other,no,,30.0,Non Biodegradable,non_food,tata sampann masoor whole-500g,non_food
8904043926025.0,Tata Sampann Urad Whole-500g,,,,,,other,no,,30.0,Non Biodegradable,non_food,tata sampann urad whole-500g,non_food
8904043926681.0,Tata Sampann Rajma(Chitra)-500g,,,,,,other,no,,30.0,Non Biodegradable,non_food,tata sampann rajma(chitra)-500g,non_food
8901088074865.0,Saffola Medlmaker Soya Chunks-170g,,,,,,other,no,,30.0,Non Biodegradable,non_food,saffola medlmaker soya chunks-170g,grain
8906007283144.0,Fortune Soya Chunks-225g,,,"['en:palm-oil-content-unknown', 'en:non-vegan', 'en:vegetarian-status-unknown']",,,other,no,,40.0,Moderately Biodegradable,non_food,fortune soya chunks-225g,grain
8904104735016.0,JK Soya Chunks-200g,,,,,,other,no,,30.0,Non Biodegradable,non_food,jk soya chunks-200g,grain
8906010070847.0,Ganesh Chana Sattu-200g,,,,,,other,no,,30.0,Non Biodegradable,non_food,ganesh chana sattu-200g,non_food
8906010070076.0,Ganesh Chakki Ata-1Kg,,,,,,other,no,,30.0,Non Biodegradable,non_food,ganesh chakki ata-1kg,non_food
8901808000334.0,WeiKFiELD Freeze ICE Chocolate Flavour,,,,,,beverage,no,,30.0,Non Biodegradable,beverage,weikfield freeze ice chocolate flavour,confectionery
8901808000341.0,Ice cream mix,,,,,,cosmetic,no,,30.0,Non Biodegradable,cosmetic,ice cream mix,frozen_food
8901808000396.0,WeiKFiELD Freeze ICE Butterscotch Flavour,,,,,,dairy,no,,30.0,Non Biodegradable,dairy,weikfield freeze ice butterscotch flavour,dairy
8901808004783.0,WeiKFiELD Falooda Mix Strawberry Flavour,,,"['en:palm-oil-content-unknown', 'en:vegan-status-unknown', 'en:vegetarian-status-unknown']",,,other,no,,40.0,Moderately Biodegradable,non_food,weikfield falooda mix strawberry flavour,non_food
89003138.0,Dabur hingoli,,,,,,other,no,,30.0,Non Biodegradable,non_food,dabur hingoli,non_food
8901396323303.0,ديتول,,,,,,other,no,,30.0,Non Biodegradable,non_food,ديتول,non_food
8992942153505.0,SNACKIT MARSHMALLOW 6G,,,"['en:palm-oil-content-unknown', 'en:vegan-status-unknown', 'en:vegetarian-status-unknown']",,,snack,no,,40.0,Moderately Biodegradable,snack,snackit marshmallow 6g,snack
8911349055991.0,Pipe Rigate,,,,,,other,no,,30.0,Non Biodegradable,non_food,pipe rigate,non_food
8917938993248.0,Mirtilli selvatici e mela,,,,,,other,no,,30.0,Non Biodegradable,non_food,mirtilli selvatici e mela,non_food
8904063252333.0,Dry Petha,,,,,,other,no,,30.0,Non Biodegradable,non_food,dry petha,non_food
8934637042534.0,Tuong ot xi muoi,,,,,,other,no,,30.0,Non Biodegradable,non_food,tuong ot xi muoi,non_food
8906082760493.0,Guava pulp,,,,,,other,no,,30.0,Non Biodegradable,non_food,guava pulp,non_food
8906010505431.0,Pop Rings,,,"['en:palm-oil-free', 'en:maybe-vegan', 'en:maybe-vegetarian']",,,other,no,,40.0,Moderately Biodegradable,non_food,pop rings,non_food
8902276005760.0,Tuda,,,,,,other,no,,30.0,Non Biodegradable,non_food,tuda,non_food
8904052202516.0,Organic Vata Tea sweet calming,,,,,,beverage,no,,30.0,Non Biodegradable,beverage,organic vata tea sweet calming,beverage
8934656022203.0,Riz parfumé,,,,,,other,no,,30.0,Non Biodegradable,non_food,riz parfumé,non_food
8906078262635.0,Oatmeal Digestive Biscuits,,Paper,,,,snack,yes,,90.0,Highly Biodegradable,snack,oatmeal digestive biscuits,confectionery
8992770096128.0,Saori saos tiram,,Plastic,"['en:palm-oil-content-unknown', 'en:vegan-status-unknown', 'en:vegetarian-status-unknown']",,,other,no,,30.0,Non Biodegradable,non_food,saori saos tiram,non_food
8993296205001.0,Segitiga biru,,Plastic,"['en:palm-oil-content-unknown', 'en:vegan-status-unknown', 'en:vegetarian-status-unknown']",,,other,no,,30.0,Non Biodegradable,non_food,segitiga biru,non_food
8992775001608.0,Chocolatos Cheese Flavor,,,,,,dairy,no,,30.0,Non Biodegradable,beverage,chocolatos cheese flavor,dairy
8998009010569.0,Susu UHT,,,"['en:palm-oil-content-unknown', 'en:non-vegan', 'en:vegetarian-status-unknown']",,,other,no,,40.0,Moderately Biodegradable,non_food,susu uht,non_food
8991102026383.0,"Crystalin 1,5l",,,"['en:palm-oil-content-unknown', 'en:vegan-status-unknown', 'en:vegetarian-status-unknown']",,,other,no,,40.0,Moderately Biodegradable,non_food,"crystalin 1,5l",non_food
8991002304253.0,Relaxa Cuwi,,Plastic,"['en:palm-oil-content-unknown', 'en:vegan-status-unknown', 'en:vegetarian-status-unknown']",,,other,no,,30.0,Non Biodegradable,non_food,relaxa cuwi,non_food
8996001354124.0,beng-beng extra chocolate&caramel 25g,,Plastic,"['en:palm-oil-content-unknown', 'en:non-vegan', 'en:vegetarian-status-unknown']",,,beverage,no,,30.0,Non Biodegradable,beverage,beng-beng extra chocolate&caramel 25g,confectionery
8998685051306.0,FROZZ,,en:Plastic,"['en:palm-oil-content-unknown', 'en:vegan-status-unknown', 'en:vegetarian-status-unknown']",,,other,no,,30.0,Non Biodegradable,non_food,frozz,non_food
8992753033744.0,purefarm full cream,,Plastica,"['en:palm-oil-content-unknown', 'en:vegan-status-unknown', 'en:vegetarian-status-unknown']",,,cosmetic,no,,30.0,Non Biodegradable,cosmetic,purefarm full cream,non_food
8941155020104.0,juicy land,,,,,,other,no,,30.0,Non Biodegradable,non_food,juicy land,non_food
8992933320114.0,Nutrijell Jelly Powder,,Plastic,"['en:palm-oil-content-unknown', 'en:vegan-status-unknown', 'en:vegetarian-status-unknown']",,,other,no,,30.0,Non Biodegradable,spices,nutrijell jelly powder,other
8992957220117.0,L'Agie Nougat Kacang (Beruang) 27 gr,,,,,,other,no,,30.0,Non Biodegradable,non_food,l'agie nougat kacang (beruang) 27 gr,non_food
8992696420557.0,Nescafe Original,,Plastic,"['en:palm-oil-content-unknown', 'en:vegan-status-unknown', 'en:vegetarian-status-unknown']",,,other,no,,30.0,Non Biodegradable,non_food,nescafe original,non_food
8992753721597.0,FF SKM POUCH 280,,en:Plastic,"['en:palm-oil-content-unknown', 'en:vegan-status-unknown', 'en:vegetarian-status-unknown']",,,other,no,,30.0,Non Biodegradable,non_food,ff skm pouch 280,non_food
8906064281756.0,Butter Cookies,,,,,,dairy,no,,30.0,Non Biodegradable,snack,butter cookies,dairy
8993058304201.0,Bejo,,Plastic,"['en:palm-oil-content-unknown', 'en:non-vegan', 'en:vegetarian-status-unknown']",,,other,no,,30.0,Non Biodegradable,non_food,bejo,non_food
8901071211307.0,Hershey's syrup,,,,,,other,no,,30.0,Non Biodegradable,beverage,hershey's syrup,beverage_syrup
8998888710598.0,Del Monte extra hott 200 g,,,,,,other,no,,30.0,Non Biodegradable,non_food,del monte extra hott 200 g,non_food
8936036025620.0,Orion Pie,,,,,,other,no,,30.0,Non Biodegradable,non_food,orion pie,non_food
8936111560015.0,Tra Hong Son Bac,,,,,,other,no,,30.0,Non Biodegradable,non_food,tra hong son bac,non_food
8935311140300.0,Vietnamese Style Instant Rice Noodles Beef Flavor Pho,,,,,,other,no,,30.0,Non Biodegradable,grain,vietnamese style instant rice noodles beef flavor pho,grain
8904063200723.0,HALDIRAM'S Mint lachha,,,,,,other,no,,30.0,Non Biodegradable,non_food,haldiram's mint lachha,non_food
8936149282064.0,Juko,,,,,,other,no,,30.0,Non Biodegradable,non_food,juko,non_food
8938502623651.0,Dried Peanuts,,,,,,other,no,,30.0,Non Biodegradable,non_food,dried peanuts,non_food
8904063213815.0,Vada Pav,,,,,,other,no,,30.0,Non Biodegradable,non_food,vada pav,non_food
8908014531065.0,desiccated coconut powder,,Paper,"['en:palm-oil-content-unknown', 'en:vegan-status-unknown', 'en:vegetarian-status-unknown']",,,other,yes,,100.0,Highly Biodegradable,spices,desiccated coconut powder,other
8901747000440.0,Premium Assam Tea,,,"['en:palm-oil-free', 'en:vegan', 'en:vegetarian']",,,beverage,no,,40.0,Moderately Biodegradable,beverage,premium assam tea,beverage
8996001301876.0,coffee joy,,,,,,beverage,no,,30.0,Non Biodegradable,beverage,coffee joy,beverage
8938509127060.0,Rau má uong lien,,,,,,other,no,,30.0,Non Biodegradable,non_food,rau má uong lien,non_food
8935311140195.0,Crab soup,,,,,,other,no,,30.0,Non Biodegradable,non_food,crab soup,non_food
8901399336010.0,soft touch 860ml,,,,,,other,no,,30.0,Non Biodegradable,non_food,soft touch 860ml,non_food
8901399079801.0,safe wash FL 550ml,,,,,,other,no,,30.0,Non Biodegradable,non_food,safe wash fl 550ml,non_food
8901435014056.0,HAND SHIELD,,,,,,other,no,,30.0,Non Biodegradable,non_food,hand shield,non_food
8901058875744.0,munch nuts,,,,,,other,no,,30.0,Non Biodegradable,non_food,munch nuts,non_food
8936011779791.0,Sữa chua dẻo Phô mai Đường đen,,,,,,other,no,,30.0,Non Biodegradable,non_food,sữa chua dẻo phô mai đường đen,non_food
8936011779784.0,Sữa chua dẻo Phô mai Phúc bồn tử,,,,,,other,no,,30.0,Non Biodegradable,non_food,sữa chua dẻo phô mai phúc bồn tử,non_food
8964000660966.0,Lychee Pakola,,,,,,other,no,,30.0,Non Biodegradable,non_food,lychee pakola,non_food
8906084790320.0,Beardo 50ml 2/22,,,,,,other,no,,30.0,Non Biodegradable,non_food,beardo 50ml 2/22,non_food
8901088145183.0,set wet ref 120ml 2/22,,,,,,other,no,,30.0,Non Biodegradable,non_food,set wet ref 120ml 2/22,non_food
8901435009656.0,Fresh ones wips 2/22,,,,,,other,no,,30.0,Non Biodegradable,non_food,fresh ones wips 2/22,non_food
8904132918450.0,Get real talk 300g 2/22,,,,,,other,no,,30.0,Non Biodegradable,non_food,get real talk 300g 2/22,non_food
8904132919556.0,Get Real 300g talk 2/22,,,,,,other,no,,30.0,Non Biodegradable,non_food,get real 300g talk 2/22,non_food
8904132918467.0,Get real 100g 2/22,,,,,,other,no,,30.0,Non Biodegradable,non_food,get real 100g 2/22,non_food
8901030732423.0,F,,,,,,other,no,,30.0,Non Biodegradable,non_food,f,non_food
8908016071101.0,iu,,i,,,,other,no,,40.0,Moderately Biodegradable,non_food,iu,non_food
8934579100156.0,Instant Rice Noodles,,,,,,other,no,,30.0,Non Biodegradable,grain,instant rice noodles,grain
8992753102006.0,SUSU BENDERA COKLAT,,Plastic,"['en:palm-oil-content-unknown', 'en:non-vegan', 'en:vegetarian-status-unknown']",,,other,no,,30.0,Non Biodegradable,non_food,susu bendera coklat,non_food
8907316003911.0,Hot Garlic Sauce,,,,,,other,no,,30.0,Non Biodegradable,condiment,hot garlic sauce,sauce_condiment
8951763095722.0,Purè di patate,,,,,,other,no,,30.0,Non Biodegradable,non_food,purè di patate,non_food
8901030831713.0,fruit jam,,,,,,other,no,,30.0,Non Biodegradable,non_food,fruit jam,non_food
8936007088012.0,Khanh Hoa (Edible Birds Nest Drink),,,,,,beverage,no,,30.0,Non Biodegradable,beverage,khanh hoa (edible birds nest drink),beverage
8961008213873.0,Apple juice,,,,,,beverage,no,,30.0,Non Biodegradable,beverage,apple juice,beverage
8904011505269.0,flour,,,"['en:palm-oil-content-unknown', 'en:vegan-status-unknown', 'en:vegetarian-status-unknown']",,,other,no,,40.0,Moderately Biodegradable,grain,flour,grain
8901552021326.0,Saag aloo,,,,,,other,no,,30.0,Non Biodegradable,non_food,saag aloo,non_food
8906013340466.0,sauce,,,"['en:palm-oil-free', 'en:vegan-status-unknown', 'en:vegetarian-status-unknown']",,,other,no,,40.0,Moderately Biodegradable,condiment,sauce,sauce_condiment
8902167000041.0,spices,,,"['en:palm-oil-content-unknown', 'en:vegan-status-unknown', 'en:vegetarian-status-unknown']",,,other,no,,40.0,Moderately Biodegradable,spices,spices,spices
8904051326725.0,Sesame sweet ball,,,,,,other,no,,30.0,Non Biodegradable,confectionery,sesame sweet ball,confectionery
8909001233412.0,Amla Indian Gooseberry,,,,,,other,no,,30.0,Non Biodegradable,non_food,amla indian gooseberry,non_food
8904006302880.0,secret temp deo 150 ml,,,,,,other,no,,30.0,Non Biodegradable,non_food,secret temp deo 150 ml,non_food
8901552015356.0,Chatpate Choley,,,"['en:palm-oil-free', 'en:vegan', 'en:vegetarian']",,,other,no,,40.0,Moderately Biodegradable,non_food,chatpate choley,non_food
8995899110188.0,KOBE Serbaguna Spesial,,,,,,other,no,,30.0,Non Biodegradable,non_food,kobe serbaguna spesial,non_food
8901063151574.0,Toastea Milk Rusk,,,,,,dairy,no,,30.0,Non Biodegradable,beverage,toastea milk rusk,dairy
8901234100424.0,Kashmiri mukhwas,,,,,,other,no,,30.0,Non Biodegradable,non_food,kashmiri mukhwas,non_food
8925367000673.0,crema pistacchio,,,"['en:palm-oil-content-unknown', 'en:vegan', 'en:vegetarian']",,,other,no,,40.0,Moderately Biodegradable,non_food,crema pistacchio,non_food
8904132916975.0,Living,,,,,,other,no,,30.0,Non Biodegradable,non_food,living,non_food
8901414002494.0,Bikaneri bhujia 450g,,,,,,other,no,,30.0,Non Biodegradable,non_food,bikaneri bhujia 450g,non_food
8906005729897.0,Chill Coriander Khakhara,,,,,,other,no,,30.0,Non Biodegradable,non_food,chill coriander khakhara,non_food
8992761147143.0,sprite watermelon,,,"['en:palm-oil-content-unknown', 'en:vegan-status-unknown', 'en:vegetarian-status-unknown']",,,other,no,,40.0,Moderately Biodegradable,non_food,sprite watermelon,non_food
89238585.0,I tocchetti di mais pavesi,,,,,,other,no,,30.0,Non Biodegradable,non_food,i tocchetti di mais pavesi,non_food
8901440212010.0,Bombay biryani,,,,,,other,no,,30.0,Non Biodegradable,non_food,bombay biryani,non_food
8901491982870.0,SHAREZ CrisP HERB & ONION FLAVOUR,,,,,,other,no,,30.0,Non Biodegradable,non_food,sharez crisp herb & onion flavour,non_food
8936010680951.0,Mi khoai Tay,,,,,,other,no,,30.0,Non Biodegradable,non_food,mi khoai tay,non_food
8964000821503.0,Roasted Almond Nan Khataee,,,,,,other,no,,30.0,Non Biodegradable,non_food,roasted almond nan khataee,non_food
8963022055279.0,Salsa de ostras,,,,,,other,no,,30.0,Non Biodegradable,non_food,salsa de ostras,non_food
8997237870013.0,Salted Caramel,,,,,,other,no,,30.0,Non Biodegradable,spices,salted caramel,other
8992717880186.0,Santan kelapa,,,,,,other,no,,30.0,Non Biodegradable,non_food,santan kelapa,non_food
8997232590374.0,CABAI ORNAMENTAL LAVAN F1,,,"['en:palm-oil-content-unknown', 'en:vegan-status-unknown', 'en:vegetarian-status-unknown']",,,other,no,,40.0,Moderately Biodegradable,non_food,cabai ornamental lavan f1,non_food
8934372900472.0,Salsiccia ricetta tuoica del lazio,,,,,,other,no,,30.0,Non Biodegradable,grain,salsiccia ricetta tuoica del lazio,grain
8904014807957.0,Whisky Paul John christmas edition,,,,,,other,no,,30.0,Non Biodegradable,non_food,whisky paul john christmas edition,non_food
8936093330583.0,Côt Lêt Chay,,"Sec, Sachet plastique","['en:palm-oil-free', 'en:vegan', 'en:vegetarian']",,,other,no,,50.0,Moderately Biodegradable,non_food,côt lêt chay,non_food
8936061260089.0,Sapporo Bottle,,,,,,other,no,,30.0,Non Biodegradable,non_food,sapporo bottle,non_food
8906081380227.0,Tamarind,,,['en:vegetarian'],,,other,no,,35.0,Non Biodegradable,non_food,tamarind,non_food
8901571009596.0,Horlicks powder drink,,,,,,beverage,no,,30.0,Non Biodegradable,beverage,horlicks powder drink,beverage
8961008215549.0,EveryDay,,,,,,other,no,,30.0,Non Biodegradable,non_food,everyday,non_food
8902440003240.0,Betterave rouges,,,,,,other,no,,30.0,Non Biodegradable,non_food,betterave rouges,non_food
8936042110518.0,Rice Flakes,,Plastic,"['en:palm-oil-content-unknown', 'en:vegan-status-unknown', 'en:vegetarian-status-unknown']",,,other,no,,30.0,Non Biodegradable,grain,rice flakes,grain
8901063165823.0,50-50 Time Pass,,,,,,other,no,,30.0,Non Biodegradable,non_food,50-50 time pass,non_food
8992952924331.0,Wafer Roll,,,,,,other,no,,30.0,Non Biodegradable,non_food,wafer roll,non_food
8993039242522.0,Biscuit marie,,,,,,snack,no,,30.0,Non Biodegradable,snack,biscuit marie,confectionery
8901810003729.0,Attracts Money - 20 Stick Hex Tube - Hem Incense,,,,,,other,no,,30.0,Non Biodegradable,non_food,attracts money - 20 stick hex tube - hem incense,non_food
8906016011813.0,Indian kishmish,,,,,,other,no,,30.0,Non Biodegradable,non_food,indian kishmish,non_food
8906000220603.0,Betty Crocker chocolate chip cookie mix imp,,Plastic,"['en:palm-oil', 'en:non-vegan', 'en:maybe-vegetarian']",,,snack,no,,30.0,Non Biodegradable,beverage,betty crocker chocolate chip cookie mix imp,snack
8904063253842.0,Salted peanuts,,Plastic,"['en:palm-oil', 'en:vegan-status-unknown', 'en:vegetarian-status-unknown']",,,other,no,,30.0,Non Biodegradable,spices,salted peanuts,other
8904063200532.0,spicy banana chips,,,,,,snack,no,,30.0,Non Biodegradable,snack,spicy banana chips,snack
8906116953297.0,Muscleblaze bgreen Peanut butter,,,"['en:palm-oil-free', 'en:vegan', 'en:vegetarian']",,,dairy,no,,40.0,Moderately Biodegradable,dairy,muscleblaze bgreen peanut butter,dairy
8954134890582.0,butter,,,,,,dairy,no,,30.0,Non Biodegradable,dairy,butter,dairy
8904064616523.0,Semoule,,,,,,other,no,,30.0,Non Biodegradable,non_food,semoule,non_food
8904064661905.0,Poudre de canne à sucre brun,,,,,,other,no,,30.0,Non Biodegradable,non_food,poudre de canne à sucre brun,non_food
8998898842104.0,Vi C,,,"['en:palm-oil-content-unknown', 'en:vegan-status-unknown', 'en:vegetarian-status-unknown']",,,other,no,,40.0,Moderately Biodegradable,non_food,vi c,non_food
8993297834811.0,Boîte de sardines,,,,,,other,no,,30.0,Non Biodegradable,non_food,boîte de sardines,non_food
8906037692046.0,Red food colouring,,,,,,other,no,,30.0,Non Biodegradable,other_food,red food colouring,other
8936010681453.0,Instant Suppe Rindfleisch,,,,,,other,no,,30.0,Non Biodegradable,non_food,instant suppe rindfleisch,non_food
8901140835939.0,Datteri Medjoul,,,,,,other,no,,30.0,Non Biodegradable,non_food,datteri medjoul,non_food
8909509926731.0,Kinder Sorpresa,,,,,,other,no,,30.0,Non Biodegradable,non_food,kinder sorpresa,non_food
8904004441123.0,Motichoor Laddoo,,,,,,other,no,,30.0,Non Biodegradable,non_food,motichoor laddoo,non_food
8994504162017.0,Meiji LUCKY STICK Double Cream,,,,,,cosmetic,no,,30.0,Non Biodegradable,cosmetic,meiji lucky stick double cream,non_food
8994504124312.0,Kẹo Meiji Socola,,,,,,beverage,no,,30.0,Non Biodegradable,beverage,kẹo meiji socola,beverage
8906001022930.0,Muscle Gainer,,,,,,other,no,,30.0,Non Biodegradable,non_food,muscle gainer,non_food
8906010090593.0,Natural Cheddar slices,,Plastic,"['en:palm-oil-free', 'en:non-vegan', 'en:vegetarian-status-unknown']",,,other,no,,30.0,Non Biodegradable,non_food,natural cheddar slices,non_food
8901725101435.0,JALIMALS,,,,,,other,no,,30.0,Non Biodegradable,non_food,jalimals,non_food
8994963002824.0,Noodles Chicken,,Plastikowe,"['en:palm-oil', 'en:maybe-vegan', 'en:maybe-vegetarian']",,,other,no,,50.0,Moderately Biodegradable,non_food,noodles chicken,non_food
8901491435000.0,Potato Chips (Plain Salted flavour) 20rs,,Plastic,"['en:palm-oil', 'en:vegan', 'en:vegetarian']",,,snack,no,,30.0,Non Biodegradable,snack,potato chips (plain salted flavour) 20rs,snack
8904063210678.0,Roasted Crushed Peanuts,,,,,,other,no,,30.0,Non Biodegradable,non_food,roasted crushed peanuts,non_food
8994963002909.0,China Nudeln,,,,,,other,no,,30.0,Non Biodegradable,non_food,china nudeln,non_food
8901155115415.0,Dahi Vada Mix,,,,,,other,no,,30.0,Non Biodegradable,non_food,dahi vada mix,non_food
8934563301156.0,Mien Phu Houng,,,,,,other,no,,30.0,Non Biodegradable,non_food,mien phu houng,non_food
8992753005482.0,Frisian Flag Swiss Chocolate 946 ml,,"en:Cardboard, 23 PBD, FSC, SIG","['en:palm-oil-content-unknown', 'en:non-vegan', 'en:vegetarian-status-unknown']",,,beverage,yes,,100.0,Highly Biodegradable,beverage,frisian flag swiss chocolate 946 ml,confectionery
8904221697860.0,As It Is Whey Protein,,,,,,other,no,,30.0,Non Biodegradable,non_food,as it is whey protein,non_food
8997214270041.0,Fiber Creme,,Botol,"['en:may-contain-palm-oil', 'en:vegan-status-unknown', 'en:vegetarian-status-unknown']",,,other,no,,50.0,Moderately Biodegradable,non_food,fiber creme,non_food
8992993260351.0,Colatta,,"Kertas,Kotak","['en:may-contain-palm-oil', 'en:vegan-status-unknown', 'en:vegetarian-status-unknown']",,,beverage,no,,50.0,Moderately Biodegradable,beverage,colatta,grain
8998888712196.0,Saus Spaghetti,,en:Pouch flask,"['en:may-contain-palm-oil', 'en:vegan-status-unknown', 'en:vegetarian-status-unknown']",,,other,no,,50.0,Moderately Biodegradable,non_food,saus spaghetti,non_food
8998888712295.0,Del Monte BBQ,,en:Pouch flask,"['en:palm-oil-content-unknown', 'en:vegan-status-unknown', 'en:vegetarian-status-unknown']",,,other,no,,50.0,Moderately Biodegradable,non_food,del monte bbq,non_food
8998888461117.0,Maestro,,en:Bag,"['en:palm-oil-content-unknown', 'en:non-vegan', 'en:vegetarian-status-unknown']",,,other,no,,50.0,Moderately Biodegradable,non_food,maestro,non_food
8998888710147.0,Del Monte,,Botol,"['en:palm-oil-content-unknown', 'en:vegan-status-unknown', 'en:vegetarian-status-unknown']",,,other,no,,50.0,Moderately Biodegradable,non_food,del monte,non_food
8995899280157.0,Selera,,Botol,"['en:palm-oil-content-unknown', 'en:non-vegan', 'en:non-vegetarian']",,,other,no,,50.0,Moderately Biodegradable,non_food,selera,non_food
8901262151863.0,Amul Fresh Cream,,,"['en:palm-oil-free', 'en:non-vegan', 'en:vegetarian']",,,cosmetic,no,,40.0,Moderately Biodegradable,cosmetic,amul fresh cream,non_food
8992753101207.0,Kental Manis,,"en:Canned,Kaleng","['en:may-contain-palm-oil', 'en:non-vegan', 'en:vegetarian-status-unknown']",,,other,no,,50.0,Moderately Biodegradable,non_food,kental manis,non_food
8992770096234.0,Saori,,Bottle,"['en:palm-oil-content-unknown', 'en:vegan-status-unknown', 'en:vegetarian-status-unknown']",,,other,no,,50.0,Moderately Biodegradable,non_food,saori,non_food
8992770096135.0,Saori Saus Tiram,,en:Bottle,"['en:palm-oil-content-unknown', 'en:vegan-status-unknown', 'en:vegetarian-status-unknown']",,,other,no,,50.0,Moderately Biodegradable,non_food,saori saus tiram,non_food
8993496001076.0,Sania,,"en:Plastic, 07 OTHER, en:Transparent Plastic","['en:palm-oil', 'en:vegan-status-unknown', 'en:vegetarian-status-unknown']",,,other,no,,30.0,Non Biodegradable,non_food,sania,non_food
8992628020152.0,Bimoli,,"en:Plastic, PET","['en:palm-oil', 'en:vegan-status-unknown', 'en:vegetarian-status-unknown']",,,other,no,,30.0,Non Biodegradable,non_food,bimoli,non_food
8995177102058.0,Gulaku Murni,,"en:Plastic, en:Reuse","['en:palm-oil-content-unknown', 'en:vegan-status-unknown', 'en:vegetarian-status-unknown']",,,other,no,,30.0,Non Biodegradable,non_food,gulaku murni,non_food
8993093665091.0,Cap Pak Tani Gunung,,"en:Plastic, en:Reuse","['en:palm-oil-content-unknown', 'en:vegan-status-unknown', 'en:vegetarian-status-unknown']",,,other,no,,30.0,Non Biodegradable,non_food,cap pak tani gunung,non_food
8993296301116.0,Bogasari Kunci Biru,,"en:Plastic, Plastik","['en:palm-oil-content-unknown', 'en:vegan-status-unknown', 'en:vegetarian-status-unknown']",,,other,no,,30.0,Non Biodegradable,non_food,bogasari kunci biru,non_food
8992993523791.0,Haan Pancake Mix,,"en:Metal, en:Recyclable Metals, 41 ALU, en:Cardboard, Aluminum, Kardus, Kotak","['en:palm-oil-content-unknown', 'en:vegan-status-unknown', 'en:vegetarian-status-unknown']",,,other,yes,,100.0,Highly Biodegradable,non_food,haan pancake mix,non_food
8993172000355.0,Simba Choco Chips,,"id:Kotak,id:Aluminium","['en:palm-oil-content-unknown', 'en:vegan-status-unknown', 'en:vegetarian-status-unknown']",,,snack,no,,60.0,Moderately Biodegradable,snack,simba choco chips,snack
8993175539821.0,Nabati White,,"en:Metal, en:Recyclable Metals, 41 ALU","['en:palm-oil-content-unknown', 'en:non-vegan', 'en:vegetarian-status-unknown']",,,other,no,,60.0,Moderately Biodegradable,non_food,nabati white,non_food
8993175547635.0,Nabati Richeese Black,,"id:Aluminium,Aluminum","['en:palm-oil-content-unknown', 'en:non-vegan', 'en:vegetarian-status-unknown']",,,dairy,no,,60.0,Moderately Biodegradable,dairy,nabati richeese black,dairy
8993175537346.0,nabati wafer,,"Métal,en:Recyclable Metals,Aluminium","['en:palm-oil-content-unknown', 'en:non-vegan', 'en:vegetarian-status-unknown']",,,other,no,,60.0,Moderately Biodegradable,non_food,nabati wafer,non_food
8934637513621.0,Sa Te Tôm,,,,,,other,no,,30.0,Non Biodegradable,non_food,sa te tôm,non_food
8907931000449.0,Garden Veggie Straws,,,,,,other,no,,30.0,Non Biodegradable,non_food,garden veggie straws,non_food
8980203131696.0,Crema Gianduia Visconti,,,,,,other,no,,30.0,Non Biodegradable,non_food,crema gianduia visconti,non_food
8906057810062.0,Spicy plantain chips,,,,,,snack,no,,30.0,Non Biodegradable,snack,spicy plantain chips,snack
8996001302316.0,Roma Malkist Extra Abon,,Bag,"['en:palm-oil-content-unknown', 'en:vegan-status-unknown', 'en:vegetarian-status-unknown']",,,other,no,,50.0,Moderately Biodegradable,non_food,roma malkist extra abon,non_food
8992388145027.0,NÜ Yoghurt Tea,,"Plastic, PET - Polyethylene terephthalate, id:Botol, id:Plastik","['en:palm-oil-content-unknown', 'en:vegan-status-unknown', 'en:vegetarian-status-unknown']",,,beverage,no,,30.0,Non Biodegradable,beverage,nü yoghurt tea,beverage
8998009020186.0,Buavita Juice Jambu 245ml,,"Plastic, Container, Other plastics, SIG","['en:palm-oil-content-unknown', 'en:vegan-status-unknown', 'en:vegetarian-status-unknown']",,,beverage,no,,30.0,Non Biodegradable,beverage,buavita juice jambu 245ml,beverage
8998009020179.0,Buavita Jeruk 245 ml,,"Plastic, Container, Other plastics, SIG","['en:palm-oil-content-unknown', 'en:vegan-status-unknown', 'en:vegetarian-status-unknown']",,,other,no,,30.0,Non Biodegradable,non_food,buavita jeruk 245 ml,non_food
8993175548335.0,nextar nabati strawbery 106g&gt;80g,,en:Box-consist-of-8-each-cookies-packed-in-printed-aluminium-foil,"['en:palm-oil-content-unknown', 'en:vegan-status-unknown', 'en:vegetarian-status-unknown']",,,other,no,,30.0,Non Biodegradable,non_food,nextar nabati strawbery 106g&gt;80g,non_food
8901972060165.0,Dukes Cream 4 Fun Pineapple,,,,,,cosmetic,no,,30.0,Non Biodegradable,cosmetic,dukes cream 4 fun pineapple,non_food
8993207125008.0,Fiesta schnitzel,,en:Plastic,"['en:palm-oil-content-unknown', 'en:vegan-status-unknown', 'en:vegetarian-status-unknown']",,,other,no,,30.0,Non Biodegradable,non_food,fiesta schnitzel,non_food
8906009990453.0,Elite fun for you,,,"['en:may-contain-palm-oil', 'en:non-vegan', 'en:vegetarian-status-unknown']",,,other,no,,40.0,Moderately Biodegradable,non_food,elite fun for you,non_food
8969375621123.0,Cocodrilo,,,,,,other,no,,30.0,Non Biodegradable,non_food,cocodrilo,non_food
8961014017892.0,knorr chili garlic sauce,,pakistan,,,,other,no,,40.0,Moderately Biodegradable,condiment,knorr chili garlic sauce,sauce_condiment
8906014085724.0,semia payasam mix,,,,,,other,no,,30.0,Non Biodegradable,non_food,semia payasam mix,non_food
8902647340025.0,Hata orange,,,,,,other,no,,30.0,Non Biodegradable,non_food,hata orange,non_food
8992761136178.0,Sprite 1L,,"Plastic, Bottle","['en:palm-oil-content-unknown', 'en:vegan-status-unknown', 'en:vegetarian-status-unknown']",,,other,no,,30.0,Non Biodegradable,non_food,sprite 1l,non_food
8936190951032.0,Coconut Milk organic,,,,,,dairy,no,,30.0,Non Biodegradable,dairy,coconut milk organic,dairy
8992388121038.0,Rasa Ayam Bawang Chicken Onion Flavour,,,,,,other,no,,30.0,Non Biodegradable,non_food,rasa ayam bawang chicken onion flavour,non_food
8996001350812.0,เวเฟอร์สติ๊กสอดไส้ครีมช็อกโกแลต,,Box,"['en:palm-oil-content-unknown', 'en:vegan-status-unknown', 'en:vegetarian-status-unknown']",,,other,no,,50.0,Moderately Biodegradable,non_food,เวเฟอร์สติ๊กสอดไส้ครีมช็อกโกแลต,non_food
8936047444786.0,วาฟเฟิลกรอบและคุกกี้รสบัตเตอร์,,en:Box,"['en:palm-oil-content-unknown', 'en:vegan-status-unknown', 'en:vegetarian-status-unknown']",,,other,no,,50.0,Moderately Biodegradable,non_food,วาฟเฟิลกรอบและคุกกี้รสบัตเตอร์,non_food
8908000175235.0,Zen cola,,,,,,beverage,no,,30.0,Non Biodegradable,beverage,zen cola,beverage
8910730031989.0,Miele,,,,,,other,no,,30.0,Non Biodegradable,non_food,miele,non_food
8961100312624.0,Olio di fieno greco,,,,,,other,no,,30.0,Non Biodegradable,non_food,olio di fieno greco,non_food
8902246014273.0,Budweiser Beats,,Can,,,,other,no,,40.0,Moderately Biodegradable,other_food,budweiser beats,other
8997014356570.0,CEDEA Fish Dumpling Cheese,,en:plastic,"['en:palm-oil-content-unknown', 'en:vegan-status-unknown', 'en:vegetarian-status-unknown']",,,dairy,no,,30.0,Non Biodegradable,dairy,cedea fish dumpling cheese,dairy
8997014353135.0,CEDEA Steamboat Ikan Olahan,,Plastic,"['en:palm-oil-content-unknown', 'en:vegan-status-unknown', 'en:vegetarian-status-unknown']",,,beverage,no,,30.0,Non Biodegradable,beverage,cedea steamboat ikan olahan,beverage
8936183450757.0,Nouille fine,,,,,,other,no,,30.0,Non Biodegradable,non_food,nouille fine,non_food
8936143037622.0,Judi,,,,,,other,no,,30.0,Non Biodegradable,non_food,judi,non_food
8904013000007.0,Sat-isabgol Psyllium husk,,,,,,other,no,,30.0,Non Biodegradable,non_food,sat-isabgol psyllium husk,non_food
8901440217909.0,Crushed chilli,,,,,,other,no,,30.0,Non Biodegradable,non_food,crushed chilli,non_food
8992982203307.0,Nestle Pure Life,,"en:Plastic,en:Bottle",,,,other,no,,20.0,Non Biodegradable,non_food,nestle pure life,non_food
8934563251130.0,Artificial Chicken Flavour Pho instant rice noodles,,"Plastic, Bag, Box, Cardboard","['en:palm-oil', 'en:non-vegan', 'en:vegetarian-status-unknown']",,,other,yes,,100.0,Highly Biodegradable,grain,artificial chicken flavour pho instant rice noodles,grain
8906038500074.0,Wheat flour,,,"['en:palm-oil-free', 'en:vegan', 'en:vegetarian']",,,other,no,,40.0,Moderately Biodegradable,grain,wheat flour,grain
8904051326565.0,Keralla Mixture,,,,,,other,no,,30.0,Non Biodegradable,non_food,keralla mixture,non_food
8904374500420.0,Premium Malai kulfi,,,['en:vegetarian'],,,other,no,,35.0,Non Biodegradable,non_food,premium malai kulfi,non_food
8975167356357.0,Tartines de campagne,,,,,,other,no,,30.0,Non Biodegradable,non_food,tartines de campagne,non_food
8935311172363.0,Noodle soup,,,,,,other,no,,30.0,Non Biodegradable,non_food,noodle soup,non_food
8936121110422.0,Vinut mangosteen,,,"['en:palm-oil-content-unknown', 'en:vegan-status-unknown', 'en:vegetarian-status-unknown']",,,other,no,,40.0,Moderately Biodegradable,non_food,vinut mangosteen,non_food
8906078261980.0,Golden Bytes,,,,,,other,no,,30.0,Non Biodegradable,non_food,golden bytes,non_food
8907003505032.0,Pepper Thattai,,Plastic Zip-Loc bag,"['en:palm-oil-free', 'en:vegan-status-unknown', 'en:vegetarian']",,,other,no,,30.0,Non Biodegradable,grain,pepper thattai,grain
8941189700171.0,Rocks Ice Cream,,,,,,cosmetic,no,,30.0,Non Biodegradable,cosmetic,rocks ice cream,frozen_food
8935063601104.0,Eingelegtes Gemüse mit Papaya,,,,,,other,no,,30.0,Non Biodegradable,non_food,eingelegtes gemüse mit papaya,non_food
8901058893434.0,special chicken 65 masala,,Plastic,,,,other,no,,20.0,Non Biodegradable,spices,special chicken 65 masala,spices
8904300200646.0,Mario Masala instant noodles,,hdn,,,,other,no,,40.0,Moderately Biodegradable,spices,mario masala instant noodles,spices
8997025914042.0,Marie susu,,Plastic,"['en:palm-oil-content-unknown', 'en:vegan-status-unknown', 'en:vegetarian-status-unknown']",,,other,no,,30.0,Non Biodegradable,non_food,marie susu,non_food
8901262090469.0,T-Special Premium Dairy Whitener,,,"['en:palm-oil-free', 'en:non-vegan', 'en:vegetarian']",,,other,no,,40.0,Moderately Biodegradable,non_food,t-special premium dairy whitener,non_food
8901491365666.0,Puffcorn,,Plastic,,,,other,no,,20.0,Non Biodegradable,non_food,puffcorn,non_food
8901832202506.0,Annapurna ghee 250ml,,,,,,other,no,,30.0,Non Biodegradable,dairy,annapurna ghee 250ml,dairy
8904063210241.0,Naan Nature,,,,,,other,no,,30.0,Non Biodegradable,non_food,naan nature,non_food
8997232591043.0,CABAI DEWATA 43F1,,,"['en:palm-oil-content-unknown', 'en:vegan-status-unknown', 'en:vegetarian-status-unknown']",,,other,no,,40.0,Moderately Biodegradable,non_food,cabai dewata 43f1,non_food
8997232590046.0,OYONG AZURA F1,,,"['en:palm-oil-content-unknown', 'en:vegan-status-unknown', 'en:vegetarian-status-unknown']",,,other,no,,40.0,Moderately Biodegradable,non_food,oyong azura f1,non_food
8997232591234.0,MELON HIBRIDA ALISHA F1,,,"['en:palm-oil-content-unknown', 'en:vegan-status-unknown', 'en:vegetarian-status-unknown']",,,other,no,,40.0,Moderately Biodegradable,non_food,melon hibrida alisha f1,non_food
8997232591067.0,TOMAT HIBRIDA GAMMARA F1,,,"['en:palm-oil-content-unknown', 'en:vegan-status-unknown', 'en:vegetarian-status-unknown']",,,other,no,,40.0,Moderately Biodegradable,non_food,tomat hibrida gammara f1,non_food
8997232591012.0,TOMAT SERVO F1,,,"['en:palm-oil-content-unknown', 'en:vegan-status-unknown', 'en:vegetarian-status-unknown']",,,other,no,,40.0,Moderately Biodegradable,non_food,tomat servo f1,non_food
8997232590541.0,KANGKUNG SERIMPI,,,"['en:palm-oil-content-unknown', 'en:vegan-status-unknown', 'en:vegetarian-status-unknown']",,,other,no,,40.0,Moderately Biodegradable,non_food,kangkung serimpi,non_food
8997232590398.0,BAWANG MERAH LOKANANTA,,,"['en:palm-oil-content-unknown', 'en:vegan-status-unknown', 'en:vegetarian-status-unknown']",,,other,no,,40.0,Moderately Biodegradable,non_food,bawang merah lokananta,non_food
8998009070044.0,Kraft,,,,,,other,no,,30.0,Non Biodegradable,non_food,kraft,non_food
8901552025492.0,Garam Masala Gewürze,,,,,,other,no,,30.0,Non Biodegradable,spices,garam masala gewürze,spices
8901393020557.0,Tubes mini,,,"['en:may-contain-palm-oil', 'en:non-vegan', 'en:non-vegetarian']",,,other,no,,40.0,Moderately Biodegradable,non_food,tubes mini,non_food
8904063213167.0,Farali Mix Plain,,,,,,other,no,,30.0,Non Biodegradable,non_food,farali mix plain,non_food
8998898151442.0,TOLAK ANGIN ANAK DOS BESAR(12),,,,,,other,no,,30.0,Non Biodegradable,non_food,tolak angin anak dos besar(12),non_food
8904147434709.0,Citrus acid (Limbu Phool),,,,,,other,no,,30.0,Non Biodegradable,non_food,citrus acid (limbu phool),non_food
8992388144013.0,Mi Instan Goreng,,,,,,other,no,,30.0,Non Biodegradable,non_food,mi instan goreng,non_food
8995899251539.0,BonChili,,,,,,other,no,,30.0,Non Biodegradable,non_food,bonchili,non_food
8904340700328.0,Pulse Kachcha aam,,,,,,other,no,,30.0,Non Biodegradable,non_food,pulse kachcha aam,non_food
8908003115610.0,Chai Biscuit,,,"['en:palm-oil-content-unknown', 'en:non-vegan', 'en:vegetarian-status-unknown']",,,snack,no,,40.0,Moderately Biodegradable,snack,chai biscuit,confectionery
8944000194210.0,mizan,,,,,,other,no,,30.0,Non Biodegradable,non_food,mizan,non_food
8944000195910.0,Centerfruit,,,,,,other,no,,30.0,Non Biodegradable,non_food,centerfruit,non_food
8901207040337.0,Chyawanprash Awaleha,,,"['en:may-contain-palm-oil', 'en:vegan-status-unknown', 'en:vegetarian-status-unknown']",,,other,no,,40.0,Moderately Biodegradable,non_food,chyawanprash awaleha,non_food
8904063209474.0,Besan Paratha,,,,,,other,no,,30.0,Non Biodegradable,non_food,besan paratha,non_food
8934579100507.0,Beef Flavor Instant Pho,,,,,,other,no,,30.0,Non Biodegradable,non_food,beef flavor instant pho,non_food
8901063151437.0,Tiger Glucose Biscuits,,,,,,snack,no,,30.0,Non Biodegradable,snack,tiger glucose biscuits,confectionery
8904063203090.0,Magic Makhana,,,,,,other,no,,30.0,Non Biodegradable,non_food,magic makhana,non_food
8964000979587.0,Dip n lick,,,,,,other,no,,30.0,Non Biodegradable,non_food,dip n lick,non_food
8964001247999.0,Roo blue balls,,,,,,other,no,,30.0,Non Biodegradable,non_food,roo blue balls,non_food
89270622.0,Pesto,,,,,,other,no,,30.0,Non Biodegradable,non_food,pesto,non_food
8901138834210.0,Ashwagandha,,,,,,other,no,,30.0,Non Biodegradable,non_food,ashwagandha,non_food
8901777182093.0,Coconut chutney,,,,,,other,no,,30.0,Non Biodegradable,condiment,coconut chutney,sauce_condiment
8994963002060.0,Mi goreng hot and spicy,,,,,,other,no,,30.0,Non Biodegradable,non_food,mi goreng hot and spicy,non_food
8936115210992.0,Fried red onion,,,,,,other,no,,30.0,Non Biodegradable,non_food,fried red onion,non_food
8901491001052.0,Lays salted Chips 30,,,,,,snack,no,,30.0,Non Biodegradable,snack,lays salted chips 30,snack
8960376025019.0,Galletas sandwich con crema,,,,,,other,no,,30.0,Non Biodegradable,non_food,galletas sandwich con crema,non_food
8901262010153.0,amul butter,,,,,,dairy,no,,30.0,Non Biodegradable,dairy,amul butter,dairy
8901246003508.0,Eggless Mayonnaise,,nl:Plastic Sachet,,,,other,no,,20.0,Non Biodegradable,condiment,eggless mayonnaise,other
8906079340394.0,Owreal om shanti,,,,,,other,no,,30.0,Non Biodegradable,non_food,owreal om shanti,non_food
8906087450979.0,Kodo Millet Vermicelli,,,,,,other,no,,30.0,Non Biodegradable,non_food,kodo millet vermicelli,non_food
8901088055772.0,Saftoa 0ats,,,"['en:palm-oil-free', 'en:vegan', 'en:vegetarian']",,,other,no,,40.0,Moderately Biodegradable,non_food,saftoa 0ats,non_food
8901491001069.0,India’s Magic Masala 30,,,,,,other,no,,30.0,Non Biodegradable,spices,india’s magic masala 30,spices
8938507039389.0,Chocolate pie,,,,,,beverage,no,,30.0,Non Biodegradable,beverage,chocolate pie,confectionery
8906049492634.0,Thoughtful Organic Whole Wheat,,Plastic,"['en:palm-oil-free', 'en:vegan', 'en:vegetarian']",,,other,no,,30.0,Non Biodegradable,grain,thoughtful organic whole wheat,grain
8904192211553.0,Thoughtful Kabuki Channa,,Plastic,,,,other,no,,20.0,Non Biodegradable,non_food,thoughtful kabuki channa,non_food
8901725107659.0,Rich Butter Cookies,,,,,,dairy,no,,30.0,Non Biodegradable,snack,rich butter cookies,dairy
8936121110453.0,Peach juice drink,,,,,,beverage,no,,30.0,Non Biodegradable,beverage,peach juice drink,beverage
8998389162353.0,Majorico Chocloate Wafer Roll,,,,,,other,no,,30.0,Non Biodegradable,non_food,majorico chocloate wafer roll,non_food
8936079140519.0,Cà phê sūa,,,,,,other,no,,30.0,Non Biodegradable,non_food,cà phê sūa,non_food
8997009071037.0,Ashitaki Creamy Latte Original,,,,,,cosmetic,no,,30.0,Non Biodegradable,cosmetic,ashitaki creamy latte original,non_food
8997002051494.0,Kuaci Biji Bunga Matahari,,Paper,"['en:palm-oil-content-unknown', 'en:vegan-status-unknown', 'en:vegetarian-status-unknown']",,,other,yes,,100.0,Highly Biodegradable,non_food,kuaci biji bunga matahari,non_food
8935311172042.0,Vegiterian flavour instant noodle soup,,,,,,other,no,,30.0,Non Biodegradable,non_food,vegiterian flavour instant noodle soup,non_food
8901777674147.0,Rajbhog Kulfi,,,,,,other,no,,30.0,Non Biodegradable,non_food,rajbhog kulfi,non_food
8906020580145.0,Wheat Lachha Parantha,,,,,,other,no,,30.0,Non Biodegradable,grain,wheat lachha parantha,grain
89150016.0,Artificial vanilla extract,,,,,,other,no,,30.0,Non Biodegradable,non_food,artificial vanilla extract,non_food
8961014004175.0,Chicken corn soup,,,,,,other,no,,30.0,Non Biodegradable,non_food,chicken corn soup,non_food
8961014004168.0,Hot and sour soup,,,,,,other,no,,30.0,Non Biodegradable,non_food,hot and sour soup,non_food
8935001724872.0,Mentos raison,,Plastic holder,"['en:palm-oil-content-unknown', 'en:vegan-status-unknown', 'en:vegetarian-status-unknown']",,,other,no,,30.0,Non Biodegradable,non_food,mentos raison,non_food
8901786341009.0,Everest Dry Ginger Powder Carton,,,,,,other,no,,30.0,Non Biodegradable,spices,everest dry ginger powder carton,other
8938504526271.0,Sauce poisson (nuoc mam),,Bouteille,"['en:palm-oil-free', 'en:non-vegan', 'en:non-vegetarian']",,,other,no,,50.0,Moderately Biodegradable,condiment,sauce poisson (nuoc mam),sauce_condiment
8996001356661.0,Cal cheese,,,,,,dairy,no,,30.0,Non Biodegradable,dairy,cal cheese,dairy
8901030516276.0,Knorr Mixed Vegtable soup,,,,,,other,no,,30.0,Non Biodegradable,non_food,knorr mixed vegtable soup,non_food
8901414043411.0,Bikano Diet Chidwa,,,,,,other,no,,30.0,Non Biodegradable,non_food,bikano diet chidwa,non_food
8964000684474.0,Marie biscuit,,,,,,snack,no,,30.0,Non Biodegradable,snack,marie biscuit,confectionery
8935311172103.0,Beef noodle soup,,,,,,other,no,,30.0,Non Biodegradable,non_food,beef noodle soup,non_food
8964000610770.0,Safwaan Mango Juice,,,,,,beverage,no,,30.0,Non Biodegradable,beverage,safwaan mango juice,beverage
8964001525882.0,Opus,,,,,,other,no,,30.0,Non Biodegradable,non_food,opus,non_food
8936184240463.0,Dao watermelon,,,,,,other,no,,30.0,Non Biodegradable,non_food,dao watermelon,non_food
8907316003904.0,Hot and Sweet Tomato Sauce,,,,,,other,no,,30.0,Non Biodegradable,confectionery,hot and sweet tomato sauce,confectionery
8901810010031.0,lavender incense sticks,,poperius,,,,other,no,,40.0,Moderately Biodegradable,non_food,lavender incense sticks,non_food
8908004362419.0,Pattumallay,,,,,,other,no,,30.0,Non Biodegradable,non_food,pattumallay,non_food
8934579100477.0,Instant Nudeln shrimp,,,,,,other,no,,30.0,Non Biodegradable,non_food,instant nudeln shrimp,non_food
8941100511084.0,Radhuni Borhani Masala,,,,,,other,no,,30.0,Non Biodegradable,spices,radhuni borhani masala,spices
8904190108091.0,Cuor di forno,,,,,,other,no,,30.0,Non Biodegradable,non_food,cuor di forno,non_food
8934673200271.0,Créme Caramel,,,,,,other,no,,30.0,Non Biodegradable,non_food,créme caramel,non_food
8964000843512.0,lychee flavored drink,,,,,,beverage,no,,30.0,Non Biodegradable,beverage,lychee flavored drink,beverage
8936093330798.0,Vegan Roasted Pork,,"Sec, Film plastique","['en:palm-oil-free', 'en:vegan', 'en:vegetarian']",,,other,no,,50.0,Moderately Biodegradable,non_food,vegan roasted pork,non_food
8935001725114.0,Chupa chups bites,,,,,,other,no,,30.0,Non Biodegradable,non_food,chupa chups bites,non_food
8994903000019.0,RACUN TIKUS RATGON 100GR,,,"['en:palm-oil-content-unknown', 'en:vegan-status-unknown', 'en:vegetarian-status-unknown']",,,other,no,,40.0,Moderately Biodegradable,non_food,racun tikus ratgon 100gr,non_food
8906001384045.0,แครกเกอร์รสดั้งเดิม,,Box,"['en:may-contain-palm-oil', 'en:vegan-status-unknown', 'en:vegetarian-status-unknown']",,,other,no,,50.0,Moderately Biodegradable,non_food,แครกเกอร์รสดั้งเดิม,non_food
8938504874198.0,Mung beans cake - original,,,,,,other,no,,30.0,Non Biodegradable,non_food,mung beans cake - original,non_food
8961005070356.0,Mixed bonless pickle,,,,,,other,no,,30.0,Non Biodegradable,non_food,mixed bonless pickle,non_food
8980170622238.0,Kebab di Pollo,,,,,,other,no,,30.0,Non Biodegradable,non_food,kebab di pollo,non_food
8901414018204.0,Ramadana chikki,,,['en:vegetarian'],,,other,no,,35.0,Non Biodegradable,non_food,ramadana chikki,non_food
8936046120049.0,Lemon chili sauce,,,,,,other,no,,30.0,Non Biodegradable,condiment,lemon chili sauce,sauce_condiment
8904063215383.0,Peanut gajjak,,,,,,other,no,,30.0,Non Biodegradable,non_food,peanut gajjak,non_food
8901030831706.0,Mixed fruit Jam,,,"['en:palm-oil-content-unknown', 'en:vegan-status-unknown', 'en:vegetarian-status-unknown']",,,other,no,,40.0,Moderately Biodegradable,non_food,mixed fruit jam,non_food
8998866200509.0,Mi Sedaap ayam sepesial,,,"['en:palm-oil-content-unknown', 'en:vegan-status-unknown', 'en:vegetarian-status-unknown']",,,other,no,,40.0,Moderately Biodegradable,non_food,mi sedaap ayam sepesial,non_food
8961859551124.0,Triskis,,,,,,other,no,,30.0,Non Biodegradable,non_food,triskis,non_food
8906048925621.0,Instant Ragi Dosa Mix,,,['en:vegetarian'],,,other,no,,35.0,Non Biodegradable,non_food,instant ragi dosa mix,non_food
8901792100157.0,Rice Flakes Red,,,,,,other,no,,30.0,Non Biodegradable,grain,rice flakes red,grain
8911670045661.0,Sliced pickled turnip,,,,,,other,no,,30.0,Non Biodegradable,non_food,sliced pickled turnip,non_food
8906081381224.0,Telugu Mixed Vegetable Pickle,,,,,,other,no,,30.0,Non Biodegradable,non_food,telugu mixed vegetable pickle,non_food
8901595972142.0,Veg Manchurian masala,,,"['en:palm-oil-free', 'en:non-vegan', 'en:vegetarian-status-unknown']",,,other,no,,40.0,Moderately Biodegradable,spices,veg manchurian masala,spices
8908001105736.0,Sea salt grinder,,,"['en:palm-oil-free', 'en:vegan', 'en:vegetarian']",,,other,no,,40.0,Moderately Biodegradable,spices,sea salt grinder,other
8908004791837.0,Simba lagar,,,,,,other,no,,30.0,Non Biodegradable,non_food,simba lagar,non_food
8936004886888.0,White grass jelly,,,,,,other,no,,30.0,Non Biodegradable,non_food,white grass jelly,non_food
8936183450733.0,Nouilles instantanées,,,,,,other,no,,30.0,Non Biodegradable,non_food,nouilles instantanées,non_food
8964001207733.0,Sara,,,,,,other,no,,30.0,Non Biodegradable,non_food,sara,non_food
8962700197508.0,Velours de vinaigre balsamique de modène,,,,,,other,no,,30.0,Non Biodegradable,non_food,velours de vinaigre balsamique de modène,non_food
8934637514673.0,sriracha hot sauce,,,"['en:palm-oil-free', 'en:vegan-status-unknown', 'en:vegetarian-status-unknown']",,,other,no,,40.0,Moderately Biodegradable,condiment,sriracha hot sauce,sauce_condiment
8936190138044.0,Passion Fruit Juice,,,,,,beverage,no,,30.0,Non Biodegradable,beverage,passion fruit juice,beverage
8901719306235.0,Kreams gold,,,"['en:palm-oil', 'en:maybe-vegan', 'en:maybe-vegetarian']",,,other,no,,40.0,Moderately Biodegradable,non_food,kreams gold,non_food
8936083321973.0,Cashews,,,,,,other,no,,30.0,Non Biodegradable,non_food,cashews,non_food
8901155118218.0,Uttapam,,,,,,other,no,,30.0,Non Biodegradable,non_food,uttapam,non_food
8901058117783.0,Maggi Hot & Sweet Tomato Chilli Sauce,,,,,,other,no,,30.0,Non Biodegradable,confectionery,maggi hot & sweet tomato chilli sauce,confectionery
8906053840841.0,Bhel,,,,,,other,no,,30.0,Non Biodegradable,non_food,bhel,non_food
8908000339347.0,شاي كرك,,,,,,other,no,,30.0,Non Biodegradable,non_food,شاي كرك,non_food
8938506009512.0,Rice Noodles,,Plastic,"['en:palm-oil-free', 'en:vegan', 'en:vegetarian']",,,other,no,,30.0,Non Biodegradable,grain,rice noodles,grain
8901042956763.0,Lemon Rice,,,"['en:palm-oil-free', 'en:vegan-status-unknown', 'en:vegetarian-status-unknown']",,,other,no,,40.0,Moderately Biodegradable,grain,lemon rice,grain
8992222092678.0,Soda drink,,,,,,beverage,no,,30.0,Non Biodegradable,beverage,soda drink,beverage
8901560230314.0,NiLoNs,,,,,,other,no,,30.0,Non Biodegradable,non_food,nilons,non_food
8908000339767.0,Karak tea premix,,,,,,beverage,no,,30.0,Non Biodegradable,beverage,karak tea premix,beverage
8906002004430.0,Veg mayonnaise,,plastic pouch,"['en:palm-oil-free', 'en:non-vegan', 'en:vegetarian']",,,other,no,,30.0,Non Biodegradable,condiment,veg mayonnaise,other
8935001711575.0,Chewing gum fresh action,,,,,,other,no,,30.0,Non Biodegradable,non_food,chewing gum fresh action,non_food
8908001105705.0,seasoned salt,,,,,,other,no,,30.0,Non Biodegradable,spices,seasoned salt,other
8964000684122.0,Peanut Pik Biscuits,,,,,,snack,no,,30.0,Non Biodegradable,snack,peanut pik biscuits,confectionery
8904063240019.0,Haldiram Nut Cracker,,Plastic,"['en:palm-oil-content-unknown', 'en:vegan-status-unknown', 'en:vegetarian-status-unknown']",,,other,no,,30.0,Non Biodegradable,snack,haldiram nut cracker,snack
8936046120124.0,Tamarind Chili Sauce,,,,,,other,no,,30.0,Non Biodegradable,condiment,tamarind chili sauce,sauce_condiment
8908000729100.0,Jeera soda,,,,,,beverage,no,,30.0,Non Biodegradable,beverage,jeera soda,beverage
8906035030758.0,freedom kachi ghani mustard oil,,,,,,other,no,,30.0,Non Biodegradable,non_food,freedom kachi ghani mustard oil,non_food
8904063209726.0,Dilli style Choley,,,"['en:vegan', 'en:vegetarian']",,,other,no,,40.0,Moderately Biodegradable,non_food,dilli style choley,non_food
8904018603289.0,Chia Cinnamon mix,,,['en:vegetarian'],,,other,no,,35.0,Non Biodegradable,non_food,chia cinnamon mix,non_food
8904063215390.0,Sugar rewari,,,,,,other,no,,30.0,Non Biodegradable,non_food,sugar rewari,non_food
8906014080071.0,Chemba Puttu Podi,,,,,,other,no,,30.0,Non Biodegradable,non_food,chemba puttu podi,non_food
8998898830101.0,kukubima,,,,,,other,no,,30.0,Non Biodegradable,non_food,kukubima,non_food
8997232590534.0,BENIH PAKCOY NAULI,,,"['en:palm-oil-content-unknown', 'en:vegan-status-unknown', 'en:vegetarian-status-unknown']",,,other,no,,40.0,Moderately Biodegradable,non_food,benih pakcoy nauli,non_food
8934746053940.0,Shrimp chips - beignets de crevettes,,Carton,"['en:palm-oil-free', 'en:non-vegan', 'en:non-vegetarian']",,,snack,no,,50.0,Moderately Biodegradable,snack,shrimp chips - beignets de crevettes,snack
8904063252814.0,Samosa,,,,,,other,no,,30.0,Non Biodegradable,non_food,samosa,non_food
8961008213392.0,Milk Pak full cream milk,,,,,,dairy,no,,30.0,Non Biodegradable,dairy,milk pak full cream milk,dairy
8904063281166.0,Muli Paratha,,,,,,other,no,,30.0,Non Biodegradable,non_food,muli paratha,non_food
8997220410028.0,Bulgarian Style Yogurt,,,,,,dairy,no,,30.0,Non Biodegradable,dairy,bulgarian style yogurt,dairy
8902061154857.0,a pen,,,,,,other,no,,30.0,Non Biodegradable,non_food,a pen,non_food
8936101341808.0,Green peas with wasabi,,,,,,other,no,,30.0,Non Biodegradable,non_food,green peas with wasabi,non_food
8906010500085.0,Chevdo,,,,,,other,no,,30.0,Non Biodegradable,non_food,chevdo,non_food
8901052031467.0,Kanan Devan,,,,,,other,no,,30.0,Non Biodegradable,non_food,kanan devan,non_food
8901888004154.0,Hajmola Anardana,,,,,,other,no,,30.0,Non Biodegradable,non_food,hajmola anardana,non_food
8906019564019.0,bites chana dal,,,,,,other,no,,30.0,Non Biodegradable,grain,bites chana dal,grain
8938506597057.0,Kẹo Dố Lạc Peanut Candy,,,,,,other,no,,30.0,Non Biodegradable,confectionery,kẹo dố lạc peanut candy,confectionery
8964000094402.0,Habib VTF VEGETABLE GHEE/ghee végétalien,,,"['en:vegan', 'en:vegetarian']",,,other,no,,40.0,Moderately Biodegradable,dairy,habib vtf vegetable ghee/ghee végétalien,dairy
8936184240500.0,DAO Melon,,,,,,other,no,,30.0,Non Biodegradable,non_food,dao melon,non_food
8934561244813.0,Thai instant noodles,,,,,,other,no,,30.0,Non Biodegradable,non_food,thai instant noodles,non_food
8976802513739.0,barilla tomato sauce with basil,,,,,,other,no,,30.0,Non Biodegradable,confectionery,barilla tomato sauce with basil,confectionery
8994963002886.0,Noodles Shrimp Flavour,,,,,,other,no,,30.0,Non Biodegradable,non_food,noodles shrimp flavour,non_food
8904063230034.0,Haldiram’s,,,,,,other,no,,30.0,Non Biodegradable,non_food,haldiram’s,non_food
8901155492622.0,Masala aux pois chiches,,,,,,other,no,,30.0,Non Biodegradable,spices,masala aux pois chiches,spices
8901719902482.0,Rusk,,,,,,other,no,,30.0,Non Biodegradable,non_food,rusk,non_food
8997014631202.0,Sucre d’Arenga,,,,,,other,no,,30.0,Non Biodegradable,non_food,sucre d’arenga,non_food
8901138501679.0,bacopa,,,,,,other,no,,30.0,Non Biodegradable,non_food,bacopa,non_food
8901242289104.0,Hot and sour vegetable soup,,,,,,other,no,,30.0,Non Biodegradable,non_food,hot and sour vegetable soup,non_food
8901719104046.0,Hide & Seek,,,"['en:palm-oil', 'en:vegan-status-unknown', 'en:vegetarian-status-unknown']",,,other,no,,40.0,Moderately Biodegradable,non_food,hide & seek,non_food
8935051802438.0,5i,,,,,,other,no,,30.0,Non Biodegradable,non_food,5i,non_food
8908003113784.0,Creamy Peanut Butter,,,,,,dairy,no,,30.0,Non Biodegradable,dairy,creamy peanut butter,dairy
8964000057582.0,Joshanda instant herbal tea,,,,,,beverage,no,,30.0,Non Biodegradable,beverage,joshanda instant herbal tea,beverage
8904010640138.0,Ragi puttu podi,,,,,,other,no,,30.0,Non Biodegradable,non_food,ragi puttu podi,non_food
8901764125157.0,minute maid Guava juice 1ltr,,,,,,beverage,no,,30.0,Non Biodegradable,beverage,minute maid guava juice 1ltr,beverage
8908010856001.0,goa dairy,,,,,,other,no,,30.0,Non Biodegradable,non_food,goa dairy,non_food
8936047444984.0,Majestic Luxury Butter Cookies and Stick Biscuits,,,,,,dairy,no,,30.0,Non Biodegradable,snack,majestic luxury butter cookies and stick biscuits,dairy
8966000001930.0,Shahi meva,,,"['en:palm-oil-free', 'en:vegan-status-unknown', 'en:vegetarian-status-unknown']",,,other,no,,40.0,Moderately Biodegradable,non_food,shahi meva,non_food
8901779324101.0,saras,,,,,,other,no,,30.0,Non Biodegradable,non_food,saras,non_food
8998009010590.0,ULTRA MILK MINI CHOCO,,Tetra Pak,,,,dairy,no,,40.0,Moderately Biodegradable,dairy,ultra milk mini choco,dairy
8992936115069.0,Teh Celup,,en:Tea bag,,,,other,no,,40.0,Moderately Biodegradable,non_food,teh celup,non_food
8901302097571.0,اوترفيسين,,سوريا,,,,other,no,,40.0,Moderately Biodegradable,non_food,اوترفيسين,non_food
8901063136274.0,Marigold,,,,,,other,no,,30.0,Non Biodegradable,non_food,marigold,non_food
8902080011612.0,Pomegranate Delight,,Tetra Pak,"['en:palm-oil-content-unknown', 'en:vegan-status-unknown', 'en:vegetarian-status-unknown']",,,other,no,,50.0,Moderately Biodegradable,non_food,pomegranate delight,non_food
8906012240323.0,Methi pachak,,,,,,other,no,,30.0,Non Biodegradable,non_food,methi pachak,non_food
8906018140252.0,Spring Roll Sheets,,,,,,other,no,,30.0,Non Biodegradable,non_food,spring roll sheets,non_food
8908001017237.0,Nacho Crisps Sizzling Jalapeno,,Plastic,"['en:palm-oil-free', 'en:non-vegan', 'en:vegetarian-status-unknown']",,,other,no,,30.0,Non Biodegradable,non_food,nacho crisps sizzling jalapeno,snack
8901030857973.0,Kissan peanut butter,,Jar,"['en:may-contain-palm-oil', 'en:vegan', 'en:vegetarian']",,,dairy,no,,50.0,Moderately Biodegradable,dairy,kissan peanut butter,dairy
8906002006236.0,Dr. Oetker Peanut Butter,,,['en:vegetarian'],,,dairy,no,,35.0,Non Biodegradable,dairy,dr. oetker peanut butter,dairy
8904304365877.0,Coolberg Non Alcoholic Beer,,,,,,other,no,,30.0,Non Biodegradable,non_food,coolberg non alcoholic beer,non_food
8906059635106.0,Epigamia Greek Yogurt Vanilla Bean,,,,,,dairy,no,,30.0,Non Biodegradable,dairy,epigamia greek yogurt vanilla bean,dairy
8901777030660.0,Duran,,,,,,other,no,,30.0,Non Biodegradable,non_food,duran,non_food
8901030735363.0,Oreo and cream,,,,,,cosmetic,no,,30.0,Non Biodegradable,cosmetic,oreo and cream,snack
8908000295186.0,Mukharochak chira bhaja,,,['en:vegetarian'],,,other,no,,35.0,Non Biodegradable,non_food,mukharochak chira bhaja,non_food
8906068352247.0,Gulkand,,,,,,other,no,,30.0,Non Biodegradable,non_food,gulkand,non_food
8995899210215.0,Mi Bon Cabe,,,,,,other,no,,30.0,Non Biodegradable,non_food,mi bon cabe,non_food
8927234887882.0,Melinjo,,,,,,other,no,,30.0,Non Biodegradable,non_food,melinjo,non_food
8904214501471.0,Surati Special,,,"['en:palm-oil', 'en:non-vegan', 'en:vegetarian-status-unknown']",,,other,no,,40.0,Moderately Biodegradable,non_food,surati special,non_food
8961003602016.0,Milco Lu Double Milk Sandwich,,,,,,dairy,no,,30.0,Non Biodegradable,dairy,milco lu double milk sandwich,dairy
8901491435109.0,Potato chips (Spicy Treat flavour)20rs,,Plastic,"['en:palm-oil', 'en:non-vegan', 'en:vegetarian']",,,snack,no,,30.0,Non Biodegradable,snack,potato chips (spicy treat flavour)20rs,snack
8906090572859.0,Too Yumm! Rings - Tomato Twist,,,"['en:palm-oil', 'en:vegan-status-unknown', 'en:vegetarian']",,,other,no,,40.0,Moderately Biodegradable,non_food,too yumm! rings - tomato twist,non_food
8901719108532.0,Parle cream n onion chips,,,,,,snack,no,,30.0,Non Biodegradable,snack,parle cream n onion chips,snack
8901393015836.0,Alpenliebe gold cream strawberry flavor candy 152g,,,,,,cosmetic,no,,30.0,Non Biodegradable,confectionery,alpenliebe gold cream strawberry flavor candy 152g,confectionery
8902080011438.0,Orange Delight,,Tetra Pak,"['en:palm-oil-content-unknown', 'en:vegan-status-unknown', 'en:vegetarian-status-unknown']",,,other,no,,50.0,Moderately Biodegradable,non_food,orange delight,non_food
8996001523247.0,Mi Gelas Baso Sapi 26gr,,,,,,other,no,,30.0,Non Biodegradable,non_food,mi gelas baso sapi 26gr,non_food
8901595851225.0,Egg hasta noodles,,,,,,other,no,,30.0,Non Biodegradable,non_food,egg hasta noodles,non_food
8936061355020.0,Filet de pangasus,,,,,,other,no,,30.0,Non Biodegradable,non_food,filet de pangasus,non_food
8908002026993.0,Atta Patti,,,,,,other,no,,30.0,Non Biodegradable,grain,atta patti,grain
8904063281555.0,Dal Makhani,,,,,,other,no,,30.0,Non Biodegradable,grain,dal makhani,grain
8904209303790.0,aachi mango thokku pickle,,Plastic,,,,other,no,,20.0,Non Biodegradable,non_food,aachi mango thokku pickle,non_food
8998009010576.0,Ultramilk Susu UHT Stroberi E-1B,,"en:Cardboard, 23 PBD","['en:palm-oil-content-unknown', 'en:non-vegan', 'en:vegetarian-status-unknown']",,,dairy,yes,,100.0,Highly Biodegradable,dairy,ultramilk susu uht stroberi e-1b,dairy
8997025060022.0,Big Cola,,en:Plastic,"['en:palm-oil-content-unknown', 'en:vegan-status-unknown', 'en:vegetarian-status-unknown']",,,beverage,no,,30.0,Non Biodegradable,beverage,big cola,beverage
8935001725039.0,Mentos pure fresh,,,,,,other,no,,30.0,Non Biodegradable,non_food,mentos pure fresh,non_food
8935001725756.0,Incredible chew,,,"['en:may-contain-palm-oil', 'en:vegan-status-unknown', 'en:vegetarian-status-unknown']",,,other,no,,40.0,Moderately Biodegradable,other_food,incredible chew,other
8906071450961.0,Pasta Sauce,,,,,,other,no,,30.0,Non Biodegradable,condiment,pasta sauce,sauce_condiment
8906095290277.0,Kayi Kodubale,,,,,,other,no,,30.0,Non Biodegradable,non_food,kayi kodubale,non_food
8901571003266.0,ENO Fruit Salt,,,,,,other,no,,30.0,Non Biodegradable,spices,eno fruit salt,other
8906010501242.0,wheelos masala flavour,,,['en:vegetarian'],,,other,no,,35.0,Non Biodegradable,spices,wheelos masala flavour,spices
8906010505219.0,Tomato Twist,,,,,,other,no,,30.0,Non Biodegradable,non_food,tomato twist,non_food
8941170014089.0,Yumzy Chicken Noodles,,en:mixed plastic film-packet,,,,other,no,,20.0,Non Biodegradable,non_food,yumzy chicken noodles,non_food
8936017367831.0,Chin-su,,,,,,other,no,,30.0,Non Biodegradable,non_food,chin-su,non_food
8906001385752.0,Cremica,,,,,,other,no,,30.0,Non Biodegradable,non_food,cremica,non_food
8991998010824.0,Mocha coffe latte,,,,,,other,no,,30.0,Non Biodegradable,non_food,mocha coffe latte,non_food
8901042955117.0,Tomato Pickle,,,,,,other,no,,30.0,Non Biodegradable,non_food,tomato pickle,non_food
8901552023610.0,Mini tandoori paneer samosa,,,,,,dairy,no,,30.0,Non Biodegradable,dairy,mini tandoori paneer samosa,dairy
8901207027536.0,Pomegranate Fruit Juice Nectar,,,,,,beverage,no,,30.0,Non Biodegradable,beverage,pomegranate fruit juice nectar,beverage
8901088203630.0,parachut,,بلاستك,,,,other,no,,40.0,Moderately Biodegradable,non_food,parachut,non_food
8934561262220.0,Vietnamese stule instant rice noodles,,,,,,other,no,,30.0,Non Biodegradable,grain,vietnamese stule instant rice noodles,grain
89667668.0,Écrasé de pomme de terre,,,,,,other,no,,30.0,Non Biodegradable,non_food,écrasé de pomme de terre,non_food
8906059910005.0,Golden Pack Corn-Puffs,,,,,,other,no,,30.0,Non Biodegradable,non_food,golden pack corn-puffs,non_food
8901777768181.0,Butterscoth ice cream,,,,,,dairy,no,,30.0,Non Biodegradable,dairy,butterscoth ice cream,dairy
8901063136250.0,Little Hearts Biscuits,,,"['en:palm-oil', 'en:non-vegan', 'en:vegetarian-status-unknown']",,,snack,no,,40.0,Moderately Biodegradable,snack,little hearts biscuits,confectionery
8993175537124.0,titi,,,,,,other,no,,30.0,Non Biodegradable,non_food,titi,non_food
8907735122675.0,Sapori di Vipiteno,,,,,,other,no,,30.0,Non Biodegradable,non_food,sapori di vipiteno,non_food
8904063206350.0,spiced rice flour noodles,,Plastic,"['en:palm-oil', 'en:vegan-status-unknown', 'en:vegetarian']",,,other,no,,30.0,Non Biodegradable,grain,spiced rice flour noodles,spices
8901047009051.0,Kohinoor,,,"['en:palm-oil-free', 'en:vegan', 'en:vegetarian']",,,other,no,,40.0,Moderately Biodegradable,non_food,kohinoor,non_food
8936143037639.0,Basil seed juice,,,,,,beverage,no,,30.0,Non Biodegradable,beverage,basil seed juice,beverage
8904082785652.0,Dry Methi Bhakri,,,,,,other,no,,30.0,Non Biodegradable,non_food,dry methi bhakri,non_food
8904004418910.0,Takatak,,,,,,other,no,,30.0,Non Biodegradable,non_food,takatak,non_food
8936193070044.0,Cooling tea,,,,,,beverage,no,,30.0,Non Biodegradable,beverage,cooling tea,beverage
8906002525430.0,ZKhusboo,,,,,,other,no,,30.0,Non Biodegradable,non_food,zkhusboo,non_food
8992741905787.0,Youvit Multivitamin,,,,,,other,no,,30.0,Non Biodegradable,non_food,youvit multivitamin,non_food
8906734518229.0,kerala mixture,,,,,,other,no,,30.0,Non Biodegradable,non_food,kerala mixture,non_food
8934746053155.0,Prawn crackers,,,,,,other,no,,30.0,Non Biodegradable,snack,prawn crackers,snack
8901058893229.0,Maggi Sauce,,,,,,other,no,,30.0,Non Biodegradable,condiment,maggi sauce,sauce_condiment
8904083517719.0,Peanut Brittle (Chikki),,,['en:vegetarian'],,,other,no,,35.0,Non Biodegradable,non_food,peanut brittle (chikki),non_food
8993200667406.0,Cimory Squeeze Yogurt,,,,,,dairy,no,,30.0,Non Biodegradable,dairy,cimory squeeze yogurt,dairy
8996001523216.0,Mi Gelas Ayam Bawang 26gr,,Plastic,,,,other,no,,20.0,Non Biodegradable,non_food,mi gelas ayam bawang 26gr,non_food
8998008009526.0,Rispapir for ferske vårruller,,Plastic,"['en:palm-oil-free', 'en:vegan', 'en:vegetarian']",,,other,no,,30.0,Non Biodegradable,non_food,rispapir for ferske vårruller,non_food
8965320013258.0,skoper,,,,,,other,no,,30.0,Non Biodegradable,non_food,skoper,non_food
8941100294413.0,Maggi noodles,,,,,,other,no,,30.0,Non Biodegradable,non_food,maggi noodles,non_food
8935024141595.0,INSTANT COFFE,,,,,,other,no,,30.0,Non Biodegradable,non_food,instant coffe,non_food
8936096670129.0,Banh Gao,,,,,,other,no,,30.0,Non Biodegradable,non_food,banh gao,non_food
8992741943727.0,Bolicious Sweet Lychee,,,,,,other,no,,30.0,Non Biodegradable,confectionery,bolicious sweet lychee,confectionery
8934878082160.0,Young Coconut Candy,,,,,,other,no,,30.0,Non Biodegradable,confectionery,young coconut candy,confectionery
8996001603284.0,Pandesal Mate,,,,,,other,no,,30.0,Non Biodegradable,non_food,pandesal mate,non_food
8996001302026.0,Malkist Crackers,,,,,,other,no,,30.0,Non Biodegradable,snack,malkist crackers,snack
8999178752328.0,Twiscorn,,,,,,other,no,,30.0,Non Biodegradable,non_food,twiscorn,non_food
8992718853929.0,Ramen Curry,,,,,,other,no,,30.0,Non Biodegradable,non_food,ramen curry,non_food
8934588873058.0,Oolong Tea,,,,,,beverage,no,,30.0,Non Biodegradable,beverage,oolong tea,beverage
8908001105804.0,Hickory smoked bacon,,,,,,other,no,,30.0,Non Biodegradable,non_food,hickory smoked bacon,non_food
8906005505576.0,Dahi Kebab,,,,,,other,no,,30.0,Non Biodegradable,non_food,dahi kebab,non_food
8904063259509.0,Kadhai paneer,,,"['en:vegan', 'en:vegetarian']",,,dairy,no,,40.0,Moderately Biodegradable,dairy,kadhai paneer,dairy
8936040379993.0,frozen red dragon fruit in cubes,,,,,,other,no,,30.0,Non Biodegradable,non_food,frozen red dragon fruit in cubes,non_food
8906012845764.0,بودرة أطفال حماية,,ورق,,,,other,no,,40.0,Moderately Biodegradable,non_food,بودرة أطفال حماية,non_food
8904073704945.0,Muskatblütenpulver,,,,,,other,no,,30.0,Non Biodegradable,non_food,muskatblütenpulver,non_food
8904064672802.0,Frozen home made chappathi,,,,,,other,no,,30.0,Non Biodegradable,non_food,frozen home made chappathi,non_food
8996840003962.0,Montreal style steak spices,,,,,,beverage,no,,30.0,Non Biodegradable,beverage,montreal style steak spices,spices
8936101341211.0,Peanuts with coconut,,en:Metal can,,,,other,no,,50.0,Moderately Biodegradable,non_food,peanuts with coconut,non_food
8938506009420.0,Riz gluant,,,,,,other,no,,30.0,Non Biodegradable,non_food,riz gluant,non_food
8907316004185.0,Gherkins,,,,,,other,no,,30.0,Non Biodegradable,non_food,gherkins,non_food
8901389200031.0,Rajnigandha,,,,,,other,no,,30.0,Non Biodegradable,non_food,rajnigandha,non_food
8935311130349.0,Nouilles instantanées au légume,,,,,,other,no,,30.0,Non Biodegradable,non_food,nouilles instantanées au légume,non_food
8934673314909.0,Sweetened Condensed Creamer,,,,,,cosmetic,no,,30.0,Non Biodegradable,confectionery,sweetened condensed creamer,confectionery
8906032018827.0,Soy chunks,,,,,,other,no,,30.0,Non Biodegradable,non_food,soy chunks,non_food
8904083512059.0,Brown sonamosari rice,,,,,,other,no,,30.0,Non Biodegradable,grain,brown sonamosari rice,grain
8904004407617.0,Taka-tak,,,,,,other,no,,30.0,Non Biodegradable,non_food,taka-tak,non_food
8941170015352.0,8941170015352,,,,,,other,no,,30.0,Non Biodegradable,non_food,8941170015352,non_food
8906117001775.0,classic basmati rice,,,"['en:palm-oil-content-unknown', 'en:vegan', 'en:vegetarian']",,,other,no,,40.0,Moderately Biodegradable,dairy,classic basmati rice,dairy
8935049013426.0,Sữa tươi tiệt trùng không đường 100% sữa New Zealand,,,,,,other,no,,30.0,Non Biodegradable,non_food,sữa tươi tiệt trùng không đường 100% sữa new zealand,non_food
8991001122001.0,Delfi - Almond,,,,,,other,no,,30.0,Non Biodegradable,non_food,delfi - almond,non_food
8997212800356.0,Fox's Spring Tea,,,,,,beverage,no,,30.0,Non Biodegradable,beverage,fox's spring tea,beverage
8997212800325.0,Fox's Berries,,,"['en:palm-oil-content-unknown', 'en:vegan-status-unknown', 'en:vegetarian-status-unknown']",,,other,no,,40.0,Moderately Biodegradable,non_food,fox's berries,non_food
8997237720653.0,Delico (violet),,,,,,other,no,,30.0,Non Biodegradable,non_food,delico (violet),non_food
8997237720349.0,Delico (red),,,,,,other,no,,30.0,Non Biodegradable,non_food,delico (red),non_food
8901058892772.0,2 minute noodles,,,,,,other,no,,30.0,Non Biodegradable,non_food,2 minute noodles,non_food
8964000684023.0,The original zeera biscuit Click,,,,,,snack,no,,30.0,Non Biodegradable,snack,the original zeera biscuit click,confectionery
8964000684092.0,Gluco,,,,,,other,no,,30.0,Non Biodegradable,non_food,gluco,non_food
8904004401721.0,Navratan mix,,,,,,other,no,,30.0,Non Biodegradable,non_food,navratan mix,non_food
8936017366926.0,Tam Thai Tu,,,,,,other,no,,30.0,Non Biodegradable,non_food,tam thai tu,non_food
8919730068551.0,Frollini,,,,,,other,no,,30.0,Non Biodegradable,non_food,frollini,non_food
8935048605479.0,Thé glacé au Lotus,,,,,,other,no,,30.0,Non Biodegradable,non_food,thé glacé au lotus,non_food
8904004407914.0,MASALA CHANA,,,"['en:palm-oil', 'en:vegan', 'en:vegetarian']",,,other,no,,40.0,Moderately Biodegradable,spices,masala chana,spices
8901192001207.0,Catch Black Salt,,,,,,other,no,,30.0,Non Biodegradable,spices,catch black salt,other
8904209317148.0,Kasmiri Curry Paste,,,,,,other,no,,30.0,Non Biodegradable,non_food,kasmiri curry paste,non_food
8906077360400.0,Bombay Puri,,Plastic bag,"['en:palm-oil', 'en:vegan-status-unknown', 'en:vegetarian']",,,other,no,,30.0,Non Biodegradable,non_food,bombay puri,non_food
8901552021111.0,Potato Paneer Schezwan Kathi Roll,,,,,,dairy,no,,30.0,Non Biodegradable,dairy,potato paneer schezwan kathi roll,dairy
8901552017831.0,Chatapata Aloo Kathi Roll,,,,,,other,no,,30.0,Non Biodegradable,non_food,chatapata aloo kathi roll,non_food
8961008212975.0,Dairy cream milk pak,,,,,,dairy,no,,30.0,Non Biodegradable,dairy,dairy cream milk pak,dairy
8904082780206.0,Khatta Dhokla Mix,,,,,,other,no,,30.0,Non Biodegradable,grain,khatta dhokla mix,grain
8906010505134.0,Balaji Namkeen,,,,,,snack,no,,30.0,Non Biodegradable,snack,balaji namkeen,snack
8906010505424.0,Chataka Pataka flaming hot,,,,,,other,no,,30.0,Non Biodegradable,non_food,chataka pataka flaming hot,non_food
8906010505127.0,Chataka Pataka Masala Masti,,,,,,other,no,,30.0,Non Biodegradable,spices,chataka pataka masala masti,spices
8906078260013.0,Golden Bytes Cashew Cookie,,,,,,snack,no,,30.0,Non Biodegradable,snack,golden bytes cashew cookie,confectionery
8901548310038.0,dark chocolate cocorich,,,,,,beverage,no,,30.0,Non Biodegradable,beverage,dark chocolate cocorich,confectionery
8935311172349.0,Dried rice noodles,,en:Plastic,,,,other,no,,20.0,Non Biodegradable,grain,dried rice noodles,grain
8906005503336.0,Chat Papdi,,,,,,other,no,,30.0,Non Biodegradable,non_food,chat papdi,non_food
8908012203216.0,Fittr,,,,,,other,no,,30.0,Non Biodegradable,non_food,fittr,non_food
8938503430036.0,Pangasius Steak,,,,,,beverage,no,,30.0,Non Biodegradable,beverage,pangasius steak,beverage
8908001705448.0,Paper Boat Aamras drink 200ml,,,"['en:palm-oil-content-unknown', 'en:vegan-status-unknown', 'en:vegetarian']",,,beverage,no,,40.0,Moderately Biodegradable,beverage,paper boat aamras drink 200ml,beverage
8906097332586.0,Desi Rusk,,,,,,other,no,,30.0,Non Biodegradable,non_food,desi rusk,non_food
8908001705042.0,Aam panna,,,,,,other,no,,30.0,Non Biodegradable,non_food,aam panna,non_food
8908009186713.0,olena womans protein & superfoods,,Plastic,['en:vegetarian'],,,other,no,,25.0,Non Biodegradable,other_food,olena womans protein & superfoods,protein
8934680114271.0,Toasted Chips - Sour Cream & Onion,,,,,,snack,no,,30.0,Non Biodegradable,snack,toasted chips - sour cream & onion,snack
8904084900039.0,Chele di granchio,,,,,,other,no,,30.0,Non Biodegradable,non_food,chele di granchio,non_food
8908005658078.0,osam misti dahi,,,"['en:palm-oil-content-unknown', 'en:non-vegan', 'en:non-vegetarian']",,,other,no,,40.0,Moderately Biodegradable,non_food,osam misti dahi,non_food
8904071700024.0,Salt-n-Pepper Banana Chips,,,"['en:palm-oil', 'en:vegan-status-unknown', 'en:vegetarian-status-unknown']",,,snack,no,,40.0,Moderately Biodegradable,snack,salt-n-pepper banana chips,snack
8901777872031.0,Malai Kulfi,,,,,,other,no,,30.0,Non Biodegradable,non_food,malai kulfi,non_food
8904063211408.0,Fried rice with manchurian,,,,,,other,no,,30.0,Non Biodegradable,grain,fried rice with manchurian,grain
8998288360348.0,Jubes,,,,,,other,no,,30.0,Non Biodegradable,non_food,jubes,non_food
8901207005671.0,Dabur Chyawanprash,,,,,,other,no,,30.0,Non Biodegradable,non_food,dabur chyawanprash,non_food
8995899215036.0,boncabe,,annwmw,"['en:palm-oil-content-unknown', 'en:vegan-status-unknown', 'en:vegetarian-status-unknown']",,,other,no,,50.0,Moderately Biodegradable,non_food,boncabe,non_food
8908009918406.0,Collagen,,,,,,other,no,,30.0,Non Biodegradable,non_food,collagen,non_food
8901052005468.0,Marsala Chai,,,,,,other,no,,30.0,Non Biodegradable,non_food,marsala chai,non_food
8941139010572.0,Puffed Rice,,,,,,other,no,,30.0,Non Biodegradable,grain,puffed rice,grain
8901088026277.0,Pure Coconut Oil 2yrs prod,,,,,,other,no,,30.0,Non Biodegradable,non_food,pure coconut oil 2yrs prod,non_food
8996001350836.0,WAFELLO CHOCO WAFER 48G,,,,,,other,no,,30.0,Non Biodegradable,non_food,wafello choco wafer 48g,non_food
8995151120245.0,Bengkoang,,,"['en:palm-oil-content-unknown', 'en:vegan-status-unknown', 'en:vegetarian-status-unknown']",,,other,no,,40.0,Moderately Biodegradable,non_food,bengkoang,non_food
8901548310021.0,Dark chocolate,,,,,,beverage,no,,30.0,Non Biodegradable,beverage,dark chocolate,confectionery
8993500190024.0,Pop Up,,,,,,other,no,,30.0,Non Biodegradable,non_food,pop up,non_food
8934678020218.0,Vaječné těstoviny premium,,plastic,"['en:may-contain-palm-oil', 'en:non-vegan', 'en:vegetarian-status-unknown']",,,other,no,,30.0,Non Biodegradable,non_food,vaječné těstoviny premium,non_food
8964000861783.0,Roasted Grams,,,,,,other,no,,30.0,Non Biodegradable,non_food,roasted grams,non_food
8936010681460.0,Pho Ha Noi,,,,,,other,no,,30.0,Non Biodegradable,non_food,pho ha noi,non_food
8992388134144.0,Gurimi Mi Goreng,,,"['en:palm-oil', 'en:vegan-status-unknown', 'en:vegetarian-status-unknown']",,,other,no,,40.0,Moderately Biodegradable,non_food,gurimi mi goreng,non_food
8901030824777.0,Sweet corn vegetable soup,,,,,,other,no,,30.0,Non Biodegradable,confectionery,sweet corn vegetable soup,confectionery
8901030516580.0,Chicken delite soup,,,,,,other,no,,30.0,Non Biodegradable,non_food,chicken delite soup,non_food
8941100511763.0,KASUNDI mustard sauce,,,,,,other,no,,30.0,Non Biodegradable,condiment,kasundi mustard sauce,sauce_condiment
8936121110408.0,Passion fruit,,,,,,other,no,,30.0,Non Biodegradable,non_food,passion fruit,non_food
8902579000318.0,The still apple drink,,,,,,beverage,no,,30.0,Non Biodegradable,beverage,the still apple drink,beverage
8906006171503.0,Oyes,,,,,,other,no,,30.0,Non Biodegradable,non_food,oyes,non_food
8934966041703.0,Banh Trang Tron An Lien,,,,,,other,no,,30.0,Non Biodegradable,non_food,banh trang tron an lien,non_food
8936076181904.0,Spring Roll Wrapper,,,,,,other,no,,30.0,Non Biodegradable,non_food,spring roll wrapper,non_food
8901491001168.0,Masala munch,,,,,,other,no,,30.0,Non Biodegradable,spices,masala munch,spices
8904004407518.0,Nimbu masala,,,,,,other,no,,30.0,Non Biodegradable,spices,nimbu masala,spices
8901155411326.0,Gits ready meals Chickpea Masala,,,"['en:palm-oil-free', 'en:vegan', 'en:vegetarian']",,,other,no,,40.0,Moderately Biodegradable,spices,gits ready meals chickpea masala,spices
8902434111111.0,Choco bar,,,,,,other,no,,30.0,Non Biodegradable,confectionery,choco bar,confectionery
8906052051095.0,Roasted Peanuts,,,,,,other,no,,30.0,Non Biodegradable,non_food,roasted peanuts,non_food
8901042956718.0,Sambar rice,,,,,,other,no,,30.0,Non Biodegradable,confectionery,sambar rice,grain
89134955.0,Southwest Chicken Burrito,,,,,,other,no,,30.0,Non Biodegradable,non_food,southwest chicken burrito,non_food
8964807520111.0,Gazpacho tradicional,,,,,,other,no,,30.0,Non Biodegradable,non_food,gazpacho tradicional,non_food
8906002080328.0,Sambar Powder,,plastic,,,,other,no,,20.0,Non Biodegradable,confectionery,sambar powder,confectionery
8908015543050.0,Black currant flavoured pea protein,,,"['en:vegan', 'en:vegetarian']",,,other,no,,40.0,Moderately Biodegradable,non_food,black currant flavoured pea protein,non_food
8908002180367.0,Tim Tim walnut,,Paper,,,,other,yes,,90.0,Highly Biodegradable,non_food,tim tim walnut,non_food
8992388134298.0,Nouille au fromage épicé,,,,,,other,no,,30.0,Non Biodegradable,non_food,nouille au fromage épicé,non_food
8906094490180.0,Oats noodles,,,,,,other,no,,30.0,Non Biodegradable,cereal,oats noodles,cereal
8994963001377.0,Instant Noodles: Vegetable Flavour,,,,,,other,no,,30.0,Non Biodegradable,non_food,instant noodles: vegetable flavour,non_food
8906066993879.0,Masala Roasted Chana,,polythene,"['en:may-contain-palm-oil', 'en:vegan-status-unknown', 'en:vegetarian-status-unknown']",,,other,no,,30.0,Non Biodegradable,spices,masala roasted chana,spices
8906090572842.0,Potato Stix,,,,,,other,no,,30.0,Non Biodegradable,non_food,potato stix,non_food
8997015940143.0,Basreng,,,,,,other,no,,30.0,Non Biodegradable,non_food,basreng,non_food
8941152010924.0,Original Chinigura Aromatic Rice,,,,,,other,no,,30.0,Non Biodegradable,grain,original chinigura aromatic rice,grain
8904063257086.0,Bhel puri,,,,,,other,no,,30.0,Non Biodegradable,non_food,bhel puri,non_food
8904063281470.0,Milk Came,,,"['en:may-contain-palm-oil', 'en:non-vegan', 'en:vegetarian-status-unknown']",,,dairy,no,,40.0,Moderately Biodegradable,dairy,milk came,dairy
8992718853776.0,Nissin Ramen Yakisoba rasa Takoyaki,,Plastic,"['en:palm-oil-content-unknown', 'en:vegan-status-unknown', 'en:vegetarian-status-unknown']",,,other,no,,30.0,Non Biodegradable,non_food,nissin ramen yakisoba rasa takoyaki,non_food
8934563065249.0,Muối chấm hảo hảo tôm chua cay,,,,,,other,no,,30.0,Non Biodegradable,non_food,muối chấm hảo hảo tôm chua cay,non_food
8901262152952.0,Protein Buttermilk,,"Tetra Pak,paper,plastic","['en:palm-oil-content-unknown', 'en:non-vegan', 'en:vegetarian-status-unknown']",,,dairy,yes,,100.0,Highly Biodegradable,dairy,protein buttermilk,dairy
8901063136687.0,Nice time cookies,,,"['en:palm-oil', 'en:non-vegan', 'en:vegetarian-status-unknown']",,,snack,no,,40.0,Moderately Biodegradable,snack,nice time cookies,confectionery
8901565001728.0,Piknik Classic Tomato Chilli (fried Indian snack),,Plastic,"['en:may-contain-palm-oil', 'en:vegan-status-unknown', 'en:vegetarian-status-unknown']",,,snack,no,,30.0,Non Biodegradable,snack,piknik classic tomato chilli (fried indian snack),dairy
8991002301443.0,Gingerbon,,,,,,other,no,,30.0,Non Biodegradable,non_food,gingerbon,non_food
8993175539241.0,richoco,,plasric,,,,other,no,,40.0,Moderately Biodegradable,non_food,richoco,non_food
8901725113735.0,Sunfeast Caker Layered with Butterscotch Crème,,,,,,dairy,no,,30.0,Non Biodegradable,dairy,sunfeast caker layered with butterscotch crème,dairy
8904064628038.0,Mango Thokku Pickle,,,,,,other,no,,30.0,Non Biodegradable,non_food,mango thokku pickle,non_food
8936010681576.0,Kool,,,,,,other,no,,30.0,Non Biodegradable,non_food,kool,non_food
8906094760153.0,Max pickle,,bolle,,,,other,no,,40.0,Moderately Biodegradable,non_food,max pickle,non_food
8935024126844.0,G7 coffee,,,,,,beverage,no,,30.0,Non Biodegradable,beverage,g7 coffee,beverage
8904063230188.0,Chana Jor Garam,,,,,,other,no,,30.0,Non Biodegradable,non_food,chana jor garam,non_food
8904109466199.0,Indian Gooseberry Tangy Candy,,,,,,other,no,,30.0,Non Biodegradable,confectionery,indian gooseberry tangy candy,confectionery
8906046143485.0,Black chia seeds,,Plastic,"['en:palm-oil-content-unknown', 'en:vegan', 'en:vegetarian']",,,other,no,,30.0,Non Biodegradable,non_food,black chia seeds,non_food
8906021120180.0,Aachi Badam Powder Mix,,,,,,other,no,,30.0,Non Biodegradable,spices,aachi badam powder mix,other
8960901140000.0,Coconut pot,,,,,,other,no,,30.0,Non Biodegradable,non_food,coconut pot,non_food
8961414010677.0,Florbú,,,,,,other,no,,30.0,Non Biodegradable,non_food,florbú,non_food
8997017790944.0,pensil,,,,,,other,no,,30.0,Non Biodegradable,non_food,pensil,non_food
8935001725572.0,Mentos white,,,,,,other,no,,30.0,Non Biodegradable,non_food,mentos white,non_food
8901155125117.0,Phirni,,,,,,other,no,,30.0,Non Biodegradable,non_food,phirni,non_food
8942485014788.0,snack,,Hârtie,"['en:palm-oil-free', 'en:vegan', 'en:vegetarian']",,,snack,no,,50.0,Moderately Biodegradable,snack,snack,snack
8936183450061.0,Galettes de riz,,,,,,other,no,,30.0,Non Biodegradable,non_food,galettes de riz,non_food
8904147435638.0,Surti Mamra,,,,,,other,no,,30.0,Non Biodegradable,non_food,surti mamra,non_food
8961100001019.0,Tibet snow,,,,,,other,no,,30.0,Non Biodegradable,non_food,tibet snow,non_food
8906090571241.0,Multigrain Chips,,,,,,snack,no,,30.0,Non Biodegradable,snack,multigrain chips,snack
8935001775577.0,kẹo,,,,,,other,no,,30.0,Non Biodegradable,non_food,kẹo,non_food
8935001715511.0,kẹo nho,,kẹo nhai,,,,other,no,,40.0,Moderately Biodegradable,non_food,kẹo nho,non_food
8901262151269.0,Amul Moti,,India,"['en:palm-oil-free', 'en:non-vegan', 'en:vegetarian']",,,other,no,,50.0,Moderately Biodegradable,non_food,amul moti,non_food
8901414001008.0,Bhelpuri Mixture Хрустящая смесь с воздушным рисом,,,"['en:palm-oil-content-unknown', 'en:vegan-status-unknown', 'en:vegetarian-status-unknown']",,,other,no,,40.0,Moderately Biodegradable,non_food,bhelpuri mixture хрустящая смесь с воздушным рисом,non_food
8901414000636.0,Crunchy Munchy masala masti,,,,,,other,no,,30.0,Non Biodegradable,spices,crunchy munchy masala masti,spices
8906000212332.0,Atta multi grain,,,,,,other,no,,30.0,Non Biodegradable,grain,atta multi grain,grain
8935048600696.0,Scdn,,,,,,other,no,,30.0,Non Biodegradable,non_food,scdn,non_food
8904004403565.0,chana crackers,,,,,,other,no,,30.0,Non Biodegradable,snack,chana crackers,snack
8935000901823.0,Noix de coco confite,,,,,,other,no,,30.0,Non Biodegradable,non_food,noix de coco confite,non_food
8901262130288.0,Amul Pro,,,,,,other,no,,30.0,Non Biodegradable,non_food,amul pro,non_food
8904004406382.0,Agra taj petha,,,,,,other,no,,30.0,Non Biodegradable,non_food,agra taj petha,non_food
8992984910135.0,Belibis,,,,,,other,no,,30.0,Non Biodegradable,non_food,belibis,non_food
8904083516453.0,Pearled little millet,,,"['en:palm-oil-content-unknown', 'en:vegan-status-unknown', 'en:vegetarian-status-unknown']",,,other,no,,40.0,Moderately Biodegradable,non_food,pearled little millet,non_food
8904083516460.0,Pearled Barnyard Millet,,,"['en:palm-oil-content-unknown', 'en:vegan-status-unknown', 'en:vegetarian-status-unknown']",,,other,no,,40.0,Moderately Biodegradable,confectionery,pearled barnyard millet,confectionery
8906081387110.0,Little millet idli rava,,,,,,other,no,,30.0,Non Biodegradable,non_food,little millet idli rava,non_food
8997033003141.0,Uzené čočkové stripsy,,"Paper,Plastic,green dot","['en:palm-oil-content-unknown', 'en:vegan', 'en:vegetarian']",,,other,yes,,100.0,Highly Biodegradable,non_food,uzené čočkové stripsy,non_food
8901751801804.0,Om Shanti,,,,,,other,no,,30.0,Non Biodegradable,non_food,om shanti,non_food
8904245201029.0,Raddish Oil,,paper,,,,other,yes,,90.0,Highly Biodegradable,non_food,raddish oil,non_food
8906057900268.0,Momo masala,,,,,,other,no,,30.0,Non Biodegradable,spices,momo masala,spices
8904063252883.0,Jumbo Aloo Tikki,,,,,,other,no,,30.0,Non Biodegradable,non_food,jumbo aloo tikki,non_food
8936020052533.0,Pure Young Coconut Water,,,"['en:palm-oil-content-unknown', 'en:vegan', 'en:vegetarian']",,,other,no,,40.0,Moderately Biodegradable,non_food,pure young coconut water,non_food
8906029400208.0,Organic moong dhal,,,,,,other,no,,30.0,Non Biodegradable,non_food,organic moong dhal,non_food
8906021925259.0,شهد. SHAHD,,,,,,other,no,,30.0,Non Biodegradable,non_food,شهد. shahd,non_food
8906041450168.0,Flocons de riz blanc/White rice flakes,,,,,,other,no,,30.0,Non Biodegradable,grain,flocons de riz blanc/white rice flakes,grain
8906014086516.0,Brahmins palakkadan vadi matta rice,,,,,,other,no,,30.0,Non Biodegradable,grain,brahmins palakkadan vadi matta rice,grain
89780602.0,Patate douce curry et graines de lin,,,,,,other,no,,30.0,Non Biodegradable,non_food,patate douce curry et graines de lin,non_food
8964002343201.0,Gatorade,,,,,,other,no,,30.0,Non Biodegradable,non_food,gatorade,non_food
8936121115977.0,Cocktail Basil Seed,,,,,,other,no,,30.0,Non Biodegradable,non_food,cocktail basil seed,non_food
8904017013133.0,Roasted Chana with Skin,,,,,,other,no,,30.0,Non Biodegradable,non_food,roasted chana with skin,non_food
89948989.0,Gummi zone (burger),,,,,,other,no,,30.0,Non Biodegradable,non_food,gummi zone (burger),non_food
8996006856180.0,teh botol,,,,,,other,no,,30.0,Non Biodegradable,non_food,teh botol,non_food
8996840003580.0,Assainissement pour légumes,,,,,,other,no,,30.0,Non Biodegradable,non_food,assainissement pour légumes,non_food
8901030779688.0,Lipton GREEN TEA Pure &Light,,,,,,beverage,no,,30.0,Non Biodegradable,beverage,lipton green tea pure &light,beverage
8964000100783.0,arman sheikh,,,"['en:palm-oil-content-unknown', 'en:vegan-status-unknown', 'en:vegetarian-status-unknown']",,,other,no,,40.0,Moderately Biodegradable,non_food,arman sheikh,non_food
8904359401841.0,Banana chips Peri-Peri,,,,,,snack,no,,30.0,Non Biodegradable,snack,banana chips peri-peri,snack
8961100093830.0,Fries masala,,,,,,other,no,,30.0,Non Biodegradable,spices,fries masala,spices
8908013746040.0,Organic Mojito,,,,,,other,no,,30.0,Non Biodegradable,non_food,organic mojito,non_food
8906023417745.0,Tadka chaach,,,,,,other,no,,30.0,Non Biodegradable,non_food,tadka chaach,non_food
8961008213415.0,Milk pack,,,,,,dairy,no,,30.0,Non Biodegradable,dairy,milk pack,dairy
8904063281173.0,Mix Veg Paratha,,,,,,other,no,,30.0,Non Biodegradable,non_food,mix veg paratha,non_food
8962600028605.0,Takis queso TNT,,,,,,other,no,,30.0,Non Biodegradable,non_food,takis queso tnt,non_food
8906068220003.0,Bhakri,,,,,,other,no,,30.0,Non Biodegradable,non_food,bhakri,non_food
8906041450311.0,Gingelly oil,,,,,,other,no,,30.0,Non Biodegradable,non_food,gingelly oil,non_food
8902080504060.0,Packaged Drinking Water,,,"['en:palm-oil-content-unknown', 'en:vegan-status-unknown', 'en:vegetarian']",,,beverage,no,,40.0,Moderately Biodegradable,beverage,packaged drinking water,beverage
8906074441164.0,TAIYO,,,,,,other,no,,30.0,Non Biodegradable,non_food,taiyo,non_food
8904067710990.0,Нут очищенный обжаренный со специями (Тандури масла),,,,,,other,no,,30.0,Non Biodegradable,non_food,нут очищенный обжаренный со специями (тандури масла),non_food
8935311140713.0,Bún Bò Huê,,"Plastic,PP - Polypropylene","['en:palm-oil', 'en:vegan-status-unknown', 'en:vegetarian-status-unknown']",,,other,no,,30.0,Non Biodegradable,non_food,bún bò huê,non_food
8964000074503.0,Adam's Yoghurt 200g,,,,,,other,no,,30.0,Non Biodegradable,non_food,adam's yoghurt 200g,non_food
8908014426330.0,Laccha paratha,,,,,,other,no,,30.0,Non Biodegradable,non_food,laccha paratha,non_food
8934579020010.0,Mi Chay Vegetarian Instant Noodle,,,"['en:palm-oil', 'en:vegan-status-unknown', 'en:vegetarian']",,,other,no,,40.0,Moderately Biodegradable,non_food,mi chay vegetarian instant noodle,non_food
8938504526714.0,fish sauce,,,,,,other,no,,30.0,Non Biodegradable,condiment,fish sauce,sauce_condiment
8934563548155.0,Chicken flavor noodle,,,,,,other,no,,30.0,Non Biodegradable,non_food,chicken flavor noodle,non_food
8993007000062.0,Indomilk Jeju UHT Chocolate milk,,,"['en:palm-oil-content-unknown', 'en:non-vegan', 'en:vegetarian-status-unknown']",,,dairy,no,,40.0,Moderately Biodegradable,beverage,indomilk jeju uht chocolate milk,dairy
89820070.0,Siggi’s Skyr,,,,,,other,no,,30.0,Non Biodegradable,non_food,siggi’s skyr,non_food
8901262200028.0,Dahi,,,,,,other,no,,30.0,Non Biodegradable,non_food,dahi,non_food
8906011732256.0,aaaa,,,"['en:palm-oil-content-unknown', 'en:vegan-status-unknown', 'en:vegetarian-status-unknown']",,,other,no,,40.0,Moderately Biodegradable,non_food,aaaa,non_food
8901552013550.0,Paneer Bhurji Kathi Roll,,,,,,dairy,no,,30.0,Non Biodegradable,dairy,paneer bhurji kathi roll,dairy
8993007001465.0,Susu Cap Enaak Coklat,,,"['en:palm-oil-content-unknown', 'en:vegan-status-unknown', 'en:vegetarian-status-unknown']",,,other,no,,40.0,Moderately Biodegradable,non_food,susu cap enaak coklat,non_food
8906145010220.0,Queues de crevettes,,,,,,other,no,,30.0,Non Biodegradable,non_food,queues de crevettes,non_food
8904206004317.0,Spirulina Powder,,,"['en:vegan', 'en:vegetarian']",,,other,no,,40.0,Moderately Biodegradable,spices,spirulina powder,other
8997023620594.0,sarikurma,,,,,,other,no,,30.0,Non Biodegradable,non_food,sarikurma,non_food
8997229820460.0,Hni health,,,,,,other,no,,30.0,Non Biodegradable,non_food,hni health,non_food
8903386501456.0,Red mukhwas,,,,,,other,no,,30.0,Non Biodegradable,non_food,red mukhwas,non_food
8992388134540.0,Spicy beef noodles,,,,,,other,no,,30.0,Non Biodegradable,non_food,spicy beef noodles,non_food
8901719506345.0,Kreams - Gold Cardamom,,,,,,other,no,,30.0,Non Biodegradable,non_food,kreams - gold cardamom,non_food
8997023622383.0,HIBIS HNI,,1,,,,other,no,,40.0,Moderately Biodegradable,non_food,hibis hni,non_food
8999099920585.0,SGM ANANDA,,1,"['en:palm-oil-content-unknown', 'en:vegan-status-unknown', 'en:vegetarian-status-unknown']",,,other,no,,50.0,Moderately Biodegradable,non_food,sgm ananda,non_food
8992694241031.0,Zwitsal,,1,,,,other,no,,40.0,Moderately Biodegradable,non_food,zwitsal,non_food
8903179014873.0,Trofie,,,,,,other,no,,30.0,Non Biodegradable,non_food,trofie,non_food
8906002082506.0,Sakthi ragi flour,,,,,,other,no,,30.0,Non Biodegradable,grain,sakthi ragi flour,grain
8904063211064.0,Cocktail Samosa,,,,,,other,no,,30.0,Non Biodegradable,non_food,cocktail samosa,non_food
8906069651349.0,Brunos,,,,,,other,no,,30.0,Non Biodegradable,non_food,brunos,non_food
8935311110389.0,Bánh Đa Cua Vifon,,,,,,other,no,,30.0,Non Biodegradable,non_food,bánh đa cua vifon,non_food
8964000843925.0,Fruiti-O smile Apple fruit drink,,,,,,beverage,no,,30.0,Non Biodegradable,beverage,fruiti-o smile apple fruit drink,beverage
8906066110061.0,Atea,,,"['en:palm-oil-content-unknown', 'en:vegan-status-unknown', 'en:vegetarian-status-unknown']",,,beverage,no,,40.0,Moderately Biodegradable,beverage,atea,beverage
8901207095368.0,8901207095368,,,,,,other,no,,30.0,Non Biodegradable,non_food,8901207095368,non_food
8964000938461.0,Rewari,,,,,,other,no,,30.0,Non Biodegradable,non_food,rewari,non_food
8904084900633.0,Imitation Snow crab,,,,,,other,no,,30.0,Non Biodegradable,non_food,imitation snow crab,non_food
8906080601576.0,Aam padpad,,,,,,other,no,,30.0,Non Biodegradable,non_food,aam padpad,non_food
8994963002817.0,Gebakken Noedels mm RESTA 09:49 STION/SUGGESTION D,,,"['en:palm-oil-content-unknown', 'en:vegan-status-unknown', 'en:vegetarian-status-unknown']",,,other,no,,40.0,Moderately Biodegradable,non_food,gebakken noedels mm resta 09:49 stion/suggestion d,non_food
8936190130369.0,Aqua de coco,,,,,,other,no,,30.0,Non Biodegradable,non_food,aqua de coco,non_food
8901844170817.0,Jayamani sweet,,,,,,other,no,,30.0,Non Biodegradable,confectionery,jayamani sweet,confectionery
8901552014137.0,Masala vegetable burger pattice,,,,,,other,no,,30.0,Non Biodegradable,spices,masala vegetable burger pattice,spices
8934566004061.0,Mien cua crab vermicelli,,,,,,other,no,,30.0,Non Biodegradable,non_food,mien cua crab vermicelli,non_food
8901262040051.0,Shrikhand,,,,,,other,no,,30.0,Non Biodegradable,non_food,shrikhand,non_food
8906015880038.0,HAKKA NOODLES,,,,,,other,no,,30.0,Non Biodegradable,non_food,hakka noodles,non_food
8901001555266.0,Fruit nut chutney,,,,,,other,no,,30.0,Non Biodegradable,condiment,fruit nut chutney,sauce_condiment
8902050002039.0,Cornflakes Chiwda (fried Indian snack),,Plastic,"['en:may-contain-palm-oil', 'en:vegan', 'en:vegetarian']",,,snack,no,,30.0,Non Biodegradable,snack,cornflakes chiwda (fried indian snack),snack
8934614015025.0,Sữa Fami 200ml,,,,,,other,no,,30.0,Non Biodegradable,non_food,sữa fami 200ml,non_food
8906005670441.0,Yellow Chana,,plastic,"['en:palm-oil-content-unknown', 'en:vegan-status-unknown', 'en:vegetarian-status-unknown']",,,other,no,,30.0,Non Biodegradable,non_food,yellow chana,non_food
8906082650138.0,Athavale's Patal Poha Chivada (Indian Snack),,Plastic,"['en:palm-oil', 'en:vegan-status-unknown', 'en:vegetarian']",,,snack,no,,30.0,Non Biodegradable,snack,athavale's patal poha chivada (indian snack),snack
8906010501952.0,Balaji Wafers Rumbles Potato Chips Pudina Twist flavour,,Plastic,"['en:palm-oil', 'en:vegan-status-unknown', 'en:vegetarian']",,,snack,no,,30.0,Non Biodegradable,snack,balaji wafers rumbles potato chips pudina twist flavour,snack
8961003026010.0,Oreo,,,,,,other,no,,30.0,Non Biodegradable,non_food,oreo,non_food
8938507849902.0,Coconut watee,,,,,,other,no,,30.0,Non Biodegradable,non_food,coconut watee,non_food
8966000028029.0,Irganic Brown Long Grain Rice,,,,,,other,no,,30.0,Non Biodegradable,grain,irganic brown long grain rice,grain
8906135070197.0,Finger millet noodles,,,,,,other,no,,30.0,Non Biodegradable,non_food,finger millet noodles,non_food
8901233028651.0,Nutties,,"paper,plastic","['en:palm-oil-content-unknown', 'en:non-vegan', 'en:vegetarian']",,,other,yes,,100.0,Highly Biodegradable,non_food,nutties,non_food
8902050000028.0,LaxmiNarayan Patal Poha Chiwda (Indian snack),,Plastic,"['en:palm-oil-free', 'en:vegan-status-unknown', 'en:vegetarian']",,,snack,no,,30.0,Non Biodegradable,snack,laxminarayan patal poha chiwda (indian snack),snack
8991998011029.0,Classic coffee Latte,,,,,,beverage,no,,30.0,Non Biodegradable,beverage,classic coffee latte,dairy
8904067702520.0,Peanuts,,,,,,other,no,,30.0,Non Biodegradable,non_food,peanuts,non_food
8936190950110.0,Organic coco milk,,,,,,dairy,no,,30.0,Non Biodegradable,dairy,organic coco milk,dairy
8943911338775.0,Mini croissant,,,,,,other,no,,30.0,Non Biodegradable,non_food,mini croissant,non_food
8904064617513.0,Rice flour,,,,,,other,no,,30.0,Non Biodegradable,grain,rice flour,grain
8904209301017.0,Aachi diet dosa,,,,,,other,no,,30.0,Non Biodegradable,non_food,aachi diet dosa,non_food
8904064615144.0,Besan flour,,,,,,other,no,,30.0,Non Biodegradable,grain,besan flour,grain
8904209314093.0,Uttappam mix,,,,,,other,no,,30.0,Non Biodegradable,non_food,uttappam mix,non_food
8904064643512.0,Paniviragu,,,,,,other,no,,30.0,Non Biodegradable,non_food,paniviragu,non_food
8901030421501.0,Cassatta,"Desserts, Frozen foods, Frozen desserts, Ice creams and sorbets, Ice creams",Box,"['en:palm-oil', 'en:non-vegan', 'en:vegetarian']",,,other,no,,50.0,Moderately Biodegradable,grain,cassatta,grain
8901030461224.0,chinese manchurian,,,[],,unknown,other,no,,30.0,Non Biodegradable,non_food,chinese manchurian,non_food
8901030515293.0,Green Tea- Honey Lemon,"Plant-based foods and beverages, Beverages, Hot beverages, Plant-based beverages, Teas, Green teas",,[],80.0,a,beverage,no,80.0,38.0,Non Biodegradable,beverage,green tea- honey lemon,beverage
8901030518232.0,Cup-a-Soup Sweet Corn Veg,"Plant-based foods and beverages, Plant-based foods, Fruits and vegetables based foods, Meals, Dried products, Soups, Vegetable soups",,"['en:palm-oil', 'en:vegan-status-unknown', 'en:vegetarian-status-unknown']",68.0,b,other,no,68.0,46.8,Moderately Biodegradable,confectionery,cup-a-soup sweet corn veg,confectionery
8901030534898.0,Kissan Fresh Tomato Ketchup,Tomato Ketchup,,['en:vegetarian'],74.0,b,other,no,74.0,42.4,Moderately Biodegradable,condiment,kissan fresh tomato ketchup,sauce_condiment
8901030535048.0,Kissan Mix Fruit Jam,"Plant-based foods and beverages, Plant-based foods, Breakfasts, Fruits and vegetables based foods, Spreads, Fruits based foods, Plant-based spreads, Sweet spreads, Fruit and vegetable preserves, Jams, Tropical fruit jams",Glass Jar,"['en:palm-oil-content-unknown', 'en:vegan-status-unknown', 'en:vegetarian-status-unknown']",73.0,b,other,no,73.0,67.3,Moderately Biodegradable,non_food,kissan mix fruit jam,non_food
8901030553134.0,Lipton Green tea,"Plant-based foods and beverages, Beverages, Hot beverages, Plant-based beverages, Teas, Green teas, Herbal teas",,"['en:palm-oil-content-unknown', 'en:vegan-status-unknown', 'en:vegetarian-status-unknown']",80.0,a,beverage,no,80.0,48.0,Moderately Biodegradable,beverage,lipton green tea,beverage
8901030609275.0,knorr hong kong machow noodle soup,,,[],,unknown,other,no,,30.0,Non Biodegradable,non_food,knorr hong kong machow noodle soup,non_food
8901030625381.0,bru coffee,"Plant-based foods and beverages, Beverages, Plant-based foods, Coffees, Instant beverages, Instant coffees",,[],-20.0,f,beverage,no,-20.0,28.0,Non Biodegradable,beverage,bru coffee,beverage
8901030691508.0,Sandwich Chocolate and Vanilla,"Desserts, Frozen foods, Frozen desserts, Ice creams and sorbets, Ice creams, Ice cream sandwiches",Plastic,"['en:palm-oil', 'en:non-vegan', 'en:vegetarian']",62.0,b,beverage,no,62.0,36.2,Non Biodegradable,beverage,sandwich chocolate and vanilla,confectionery
8901041000313.0,salty,,,[],,unknown,other,no,,30.0,Non Biodegradable,spices,salty,other
8901042954516.0,Rava idli,Breakfasts,,"['en:palm-oil', 'en:vegan-status-unknown', 'en:vegetarian']",,,other,no,,40.0,Moderately Biodegradable,non_food,rava idli,non_food
8901042954639.0,Dhokla,,,[],,unknown,other,no,,30.0,Non Biodegradable,non_food,dhokla,non_food
8901042954677.0,Badam drink mix,Almond-based drinks,,[],59.0,c,beverage,no,59.0,35.9,Non Biodegradable,beverage,badam drink mix,beverage
8901042958361.0,Idli/Dosa/Chilly Chutney Powder,Condiments,,"['en:palm-oil-content-unknown', 'en:vegan-status-unknown', 'en:vegetarian-status-unknown']",,unknown,other,no,,40.0,Moderately Biodegradable,spices,idli/dosa/chilly chutney powder,sauce_condiment
8901052021284.0,tata tea gemini,en:teas,,"['en:palm-oil-content-unknown', 'en:vegan-status-unknown', 'en:vegetarian-status-unknown']",,,beverage,no,,40.0,Moderately Biodegradable,beverage,tata tea gemini,beverage
8901058817836.0,Nescafe Classic Coffee,,,[],,unknown,beverage,no,,30.0,Non Biodegradable,beverage,nescafe classic coffee,dairy
8901058844894.0,maggi rich tomato ketchup pichkoo,"Condiments, Sauces, Tomato sauces, Ketchup, Tomato Ketchup, Groceries",,[],74.0,b,other,no,74.0,37.4,Non Biodegradable,condiment,maggi rich tomato ketchup pichkoo,sauce_condiment
8901058850680.0,MAGGI MASALA NOODLES,Instant noodles,,['en:vegetarian'],,,other,no,,35.0,Non Biodegradable,spices,maggi masala noodles,spices
8901058851298.0,Maggi 2-minutes Noodles,"Plant-based foods and beverages,Plant-based foods,Dried products,Pastas,Dried products to be rehydrated,Noodles,Instant noodles",Pouch flask,"['en:palm-oil', 'en:vegan-status-unknown', 'en:vegetarian-status-unknown']",,,other,no,,50.0,Moderately Biodegradable,non_food,maggi 2-minutes noodles,non_food
8901058851311.0,Maggi Masala 2 Minute 2 Noodles - 280 GM,,,[],,unknown,other,no,,30.0,Non Biodegradable,spices,maggi masala 2 minute 2 noodles - 280 gm,spices
8901058851328.0,Maggi 2 Minutes Noodles Masala,instant noodles,,"['en:palm-oil', 'en:vegan-status-unknown', 'en:vegetarian-status-unknown']",,,other,no,,40.0,Moderately Biodegradable,spices,maggi 2 minutes noodles masala,spices
8901058856293.0,Masala Magic,,,[],,unknown,other,no,,30.0,Non Biodegradable,spices,masala magic,spices
8901058857245.0,Kitkat,"Snacks, Sweet snacks, Cocoa and its products, Confectioneries, Bars, Chocolate candies, Bars covered with chocolate",Plastic Pack,[],,unknown,other,no,,20.0,Non Biodegradable,non_food,kitkat,non_food
8901063004092.0,Good day (chocochip),,,[],,unknown,other,no,,30.0,Non Biodegradable,non_food,good day (chocochip),snack
8901063004122.0,GoodDay Choco Chip,"Snacks, Sweet snacks, Biscuits and cakes, Biscuits, Chocolate biscuits",Plastic,"['en:palm-oil', 'en:vegan-status-unknown', 'en:vegetarian']",,,other,no,,30.0,Non Biodegradable,non_food,goodday choco chip,snack
8901063026018.0,Cracker,"snacks, salty-snacks, appetizers, da:crackers",,"['en:palm-oil', 'en:non-vegan', 'en:vegetarian-status-unknown']",,,other,no,,40.0,Moderately Biodegradable,snack,cracker,snack
8901063093355.0,Good Day Cashew Cookies Medium Pack 600g,"Snacks,Sweet snacks,Biscuits and cakes,Biscuits",Plastic,"['en:palm-oil', 'en:non-vegan', 'en:vegetarian']",,,snack,no,,30.0,Non Biodegradable,snack,good day cashew cookies medium pack 600g,confectionery
8901063154025.0,Ragi cookies,,,[],,,snack,no,,30.0,Non Biodegradable,snack,ragi cookies,confectionery
8901063164017.0,Sharma,,,[],,unknown,other,no,,30.0,Non Biodegradable,non_food,sharma,non_food
8901071301022.0,Sofit Soya Milk,en:soy-milks,,[],69.0,b,dairy,no,69.0,36.9,Non Biodegradable,dairy,sofit soya milk,dairy
8901071706834.0,HERSHEY'S SYRUP 623g,Syrups,Bottle,"['en:palm-oil-free', 'en:vegan-status-unknown', 'en:vegetarian']",,,other,no,,50.0,Moderately Biodegradable,beverage,hershey's syrup 623g,beverage_syrup
8901088000451.0,Parachnute 100% Pure Coconut Oil,"Plant-based foods and beverages,Plant-based foods,Fats,Vegetable fats,Vegetable oils,Fruit and fruit seed oils,Coconut oils",,"['en:palm-oil-free', 'en:vegan', 'en:vegetarian']",,,other,no,,40.0,Moderately Biodegradable,non_food,parachnute 100% pure coconut oil,non_food
8901088068734.0,Saffola Masala Oats - Classic Masala,"plant-based-foods-and-beverages, plant-based-foods, cereals-and-potatoes, seeds, cereals-and-their-products, cereal-grains, oat, it:avena, en:rolled-oats",Plastic,"['en:palm-oil-content-unknown', 'en:vegan-status-unknown', 'en:vegetarian-status-unknown']",,,other,no,,30.0,Non Biodegradable,dairy,saffola masala oats - classic masala,dairy
8901123005397.0,Lotte Choco Pie,Pies,,"['en:palm-oil', 'en:non-vegan', 'en:vegetarian']",,,other,no,,40.0,Moderately Biodegradable,non_food,lotte choco pie,non_food
8901155101111.0,Gulab Jamun mix,Gulab Jamun,,['en:vegetarian'],,,other,no,,35.0,Non Biodegradable,non_food,gulab jamun mix,non_food
8901157021028.0,Good Knight Power Active,"Non food products,Open Products Facts",,[],,unknown,other,no,,30.0,Non Biodegradable,non_food,good knight power active,non_food
8901207013973.0,Dabur Ratnaprash,,,[],,unknown,other,no,,30.0,Non Biodegradable,non_food,dabur ratnaprash,non_food
8901233011202.0,Cadbury Original Oreo,,,[],,unknown,other,no,,30.0,Non Biodegradable,non_food,cadbury original oreo,non_food
8901233018362.0,Bournvita,"Beverages, Dairies, Dairy drinks, Flavoured milks, Chocolate milks",Plastic,"['en:palm-oil-content-unknown', 'en:non-vegan', 'en:vegetarian-status-unknown']",,,other,no,,30.0,Non Biodegradable,non_food,bournvita,non_food
8901233020624.0,Dairy Milk - Home Treats,"Snacks, Sweet snacks, Cocoa and its products, Chocolates, Milk chocolates",Plastic,"['en:palm-oil-content-unknown', 'en:vegan-status-unknown', 'en:vegetarian-status-unknown']",24.0,e,dairy,no,24.0,32.4,Non Biodegradable,dairy,dairy milk - home treats,dairy
8901233022086.0,dairy milk silk bubbly,"Botanas, Snacks dulces, Cacao y sus productos, Chocolates, Surtido de chocolates",,[],,unknown,dairy,no,,30.0,Non Biodegradable,dairy,dairy milk silk bubbly,dairy
8901233024042.0,perk,,,[],,unknown,other,no,,30.0,Non Biodegradable,non_food,perk,non_food
8901233028361.0,Dairy Milk,,,[],,unknown,dairy,no,,30.0,Non Biodegradable,dairy,dairy milk,dairy
8901246002075.0,Del Monte Tomato Ketchup,"Condiments, Sauces, Tomato sauces, Ketchup, Groceries",Pouch Pack,"['en:palm-oil-free', 'en:vegan', 'en:vegetarian']",79.0,a,other,no,79.0,57.9,Moderately Biodegradable,condiment,del monte tomato ketchup,sauce_condiment
8901262010023.0,Amul pasteurised butter,"Dairies, Fermented foods, Fermented milk products, Cheeses, Fats, Spreads, Spreadable fats, Animal fats, Milkfat, Dairy-spread, Butters",,[],,,dairy,no,,30.0,Non Biodegradable,dairy,amul pasteurised butter,dairy
8901262020039.0,Cheese Chiplet,"Dairies, Fermented foods, Fermented milk products, Cheeses",Cuboid Cardboard,[],49.0,c,dairy,yes,49.0,94.9,Highly Biodegradable,dairy,cheese chiplet,snack
8901262020046.0,Pure Milk Cheese Slices,en:cheeses,,"['en:palm-oil-content-unknown', 'en:non-vegan', 'en:vegetarian-status-unknown']",,,dairy,no,,40.0,Moderately Biodegradable,dairy,pure milk cheese slices,dairy
8901262150064.0,Amul Taaza 1ltr,"Dairies, Milks, Whole milks, Toned milk",,"['en:palm-oil-free', 'en:non-vegan', 'en:vegetarian']",,,other,no,,40.0,Moderately Biodegradable,non_food,amul taaza 1ltr,non_food
8901262151375.0,Cool Kesar,,,[],,unknown,other,no,,30.0,Non Biodegradable,non_food,cool kesar,non_food
8901262151429.0,Amul kool Cofe,,,[],,unknown,other,no,,30.0,Non Biodegradable,non_food,amul kool cofe,non_food
8901262200196.0,Amul Masti Spiced Buttermilk 200ml,"Beverages, Dairies, Fermented foods, Fermented milk products, Milks, Buttermilks",plastic bottle,"['en:palm-oil-free', 'en:non-vegan', 'en:vegetarian']",,,dairy,no,,30.0,Non Biodegradable,dairy,amul masti spiced buttermilk 200ml,dairy
8901262260121.0,Amul Toned Milk,"Dairies,Milks,Pasteurised milks,Whole milks,Whole pasteurised milks",Plastic,"['en:palm-oil-free', 'en:non-vegan', 'en:vegetarian']",,,dairy,no,,30.0,Non Biodegradable,dairy,amul toned milk,dairy
8901296200674.0,Chericof syrup - Cherry flavour,en:syrups,,[],,unknown,other,no,,30.0,Non Biodegradable,beverage,chericof syrup - cherry flavour,beverage_syrup
8901393012156.0,Just jelly-strawberry flavour,,,[],,unknown,other,no,,30.0,Non Biodegradable,non_food,just jelly-strawberry flavour,non_food
8901393016147.0,Centre Fruit,,,[],,unknown,other,no,,30.0,Non Biodegradable,non_food,centre fruit,non_food
8901414000117.0,bhujia,Snacks,,"['en:palm-oil', 'en:non-vegan', 'en:vegetarian-status-unknown']",,unknown,other,no,,40.0,Moderately Biodegradable,non_food,bhujia,non_food
8901414001619.0,Kesar Rasbari Barfi,"Snacks, Sweet snacks, Confectioneries, Candies",Box,"['en:palm-oil-content-unknown', 'en:non-vegan', 'en:vegetarian']",47.0,c,other,no,47.0,54.7,Moderately Biodegradable,confectionery,kesar rasbari barfi,confectionery
8901491100519.0,Kurkure,"Snacks, Salty snacks, Namkeen, en:crisps",Plastic,"['en:palm-oil', 'en:vegan-status-unknown', 'en:vegetarian']",,,other,no,,30.0,Non Biodegradable,snack,kurkure,snack
8901491101813.0,Lays 20rs,"Plant-based foods and beverages,Plant-based foods,Snacks,Salty snacks,Appetizers,Chips and fries,Crisps,Potato crisps,Flavoured potato crisps",,"['en:palm-oil', 'en:non-vegan', 'en:vegetarian-status-unknown']",,,other,no,,40.0,Moderately Biodegradable,non_food,lays 20rs,snack
8901491101844.0,Lay's Potato Chips,"Plant-based foods and beverages, Plant-based foods, Snacks, Cereals and potatoes, Salty snacks, Appetizers, Chips and fries, Crisps, Potato crisps, en:flavoured-potato-crisps","Plastic, Bag, Metallized","['en:palm-oil-free', 'en:maybe-vegan', 'en:vegetarian']",,,snack,no,,30.0,Non Biodegradable,snack,lay's potato chips,snack
8901491103060.0,Kurkure Hyderabadi Hungama,,,[],,unknown,other,no,,30.0,Non Biodegradable,snack,kurkure hyderabadi hungama,snack
8901491380010.0,Solid Masti Masala,"Fried-snacks,Snacks",,"['en:palm-oil', 'en:vegan-status-unknown', 'en:vegetarian']",,,other,no,,40.0,Moderately Biodegradable,spices,solid masti masala,spices
8901491502030.0,Lay's American Style Cream & Onion Flavour,"Plant-based foods and beverages, Plant-based foods, Snacks, Cereals and potatoes, Salty snacks, Appetizers, Chips and fries, Crisps, Potato crisps",,"['en:palm-oil', 'en:non-vegan', 'en:vegetarian']",63.0,b,cosmetic,no,63.0,46.3,Moderately Biodegradable,cosmetic,lay's american style cream & onion flavour,canned_food
8901491503020.0,masala,"Plant-based foods and beverages, Plant-based foods, Snacks, Cereals and potatoes, Salty snacks, Appetizers, Chips and fries, Crisps, Potato crisps, Flavoured potato crisps",,"['en:palm-oil', 'en:vegan-status-unknown', 'en:vegetarian-status-unknown']",,,other,no,,40.0,Moderately Biodegradable,spices,masala,spices
8901491503037.0,American Style Cream & Onion 10rs,"Plant-based foods and beverages, Plant-based foods, Snacks, Cereals and potatoes, Salty snacks, Appetizers, Chips and fries, Crisps, Potato crisps, Flavoured potato crisps",Plastic,"['en:palm-oil', 'en:non-vegan', 'en:vegetarian']",,,cosmetic,no,,30.0,Non Biodegradable,cosmetic,american style cream & onion 10rs,canned_food
8901491503051.0,West Indies' Hot 'n' Sweet Chilli,Chips and fries,Plastic packet,"['en:palm-oil', 'en:non-vegan', 'en:vegetarian-status-unknown']",,,other,no,,30.0,Non Biodegradable,confectionery,west indies' hot 'n' sweet chilli,confectionery
8901491702409.0,Quaker Oats,en:rolled-oats,,[],62.0,b,other,no,62.0,36.2,Non Biodegradable,cereal,quaker oats,cereal
8901491981552.0,Lay’s Chile Limon 20rs,"Snacks, Salty snacks, Appetizers, Chips and fries, Crisps, en:salty-snacks-made-from-potato",,"['en:palm-oil-content-unknown', 'en:vegan-status-unknown', 'en:vegetarian-status-unknown']",,,other,no,,40.0,Moderately Biodegradable,non_food,lay’s chile limon 20rs,non_food
8901491990028.0,Doritos Sweet Chilli Flavour,Namkeen,Plastic,"['en:palm-oil', 'en:vegan-status-unknown', 'en:vegetarian']",,unknown,other,no,,30.0,Non Biodegradable,confectionery,doritos sweet chilli flavour,confectionery
8901491990080.0,Doritos Nacho Cheese Flavours,"Snacks, Salty snacks, Appetizers, Chips and fries, Crisps, Corn chips, Namkeen",Plastic,"['en:palm-oil', 'en:non-vegan', 'en:vegetarian-status-unknown']",63.0,b,dairy,no,63.0,36.3,Non Biodegradable,dairy,doritos nacho cheese flavours,dairy
8901499008190.0,Corn flakes,"Plant-based foods and beverages, Plant-based foods, Breakfasts, Cereals and potatoes, Cereals and their products, Breakfast cereals, Flakes, Cereal flakes, Extruded cereals, Extruded flakes, Corn flakes",Cardboard,"['en:palm-oil-free', 'en:vegan', 'en:vegetarian']",,,other,yes,,100.0,Highly Biodegradable,cereal,corn flakes,cereal
8901499009623.0,Chocos Fills,"Plant-based foods and beverages, Plant-based foods, Breakfasts, Cereals and potatoes, Cereals and their products, Breakfast cereals, Chocolate cereals, Extruded cereals, Filled cereals, Breakfast cereals filled with chocolate, Diet chocolate breakfast cereals, Unfortified diet chocolate breakfast cereals","Box, Rectangular","['en:palm-oil', 'en:non-vegan', 'en:vegetarian-status-unknown']",,,other,no,,50.0,Moderately Biodegradable,non_food,chocos fills,non_food
8901512881106.0,Peanut Butter Regular,"Plant-based foods and beverages,Plant-based foods,Legumes and their products,Spreads,Nuts and their products,Plant-based spreads,Oilseed purees,Legume butters,Nut butters,Peanut butters","Glass, Jar",[],,,dairy,no,,50.0,Moderately Biodegradable,dairy,peanut butter regular,dairy
8901542013157.0,Heinz &quot;Tomato Ketchup&quot; 900GM,"Condiments, Sauces, Tomato sauces, Ketchup, Tomato Ketchup, Groceries",,"['en:palm-oil-free', 'en:vegan', 'en:vegetarian']",,,other,no,,40.0,Moderately Biodegradable,condiment,heinz &quot;tomato ketchup&quot; 900gm,sauce_condiment
8901560100273.0,Fusilli Pasta,,,[],,unknown,other,no,,30.0,Non Biodegradable,non_food,fusilli pasta,non_food
8901595963461.0,Manchow Instant Noodles,"Plant-based foods and beverages, Plant-based foods, Cereals and potatoes, Cereals and their products, Dried products, Pastas, Dried products to be rehydrated, Noodles, Instant noodles",Plastic,"['en:palm-oil', 'en:vegan-status-unknown', 'en:vegetarian-status-unknown']",57.0,c,other,no,57.0,35.7,Non Biodegradable,non_food,manchow instant noodles,non_food
8901595971220.0,Manchow instant soup,"Meals,Dried products,Dried products to be rehydrated,Soups,Dried meals,Dehydrated soups",Plastic,"['en:palm-oil-free', 'en:vegan-status-unknown', 'en:vegetarian']",,,other,no,,30.0,Non Biodegradable,non_food,manchow instant soup,non_food
8901652140583.0,Puff choco vanilla flavoured sandwich biscuits,biscuits,,"['en:palm-oil', 'en:non-vegan', 'en:vegetarian-status-unknown']",40.0,d,snack,no,40.0,44.0,Moderately Biodegradable,snack,puff choco vanilla flavoured sandwich biscuits,confectionery
8901719100277.0,Eclairs,,,[],,unknown,other,no,,30.0,Non Biodegradable,non_food,eclairs,non_food
8901719103520.0,Cheeselings - Classic,Salted biscuit,Plastic,"['en:may-contain-palm-oil', 'en:vegan-status-unknown', 'en:vegetarian-status-unknown']",,,dairy,no,,30.0,Non Biodegradable,dairy,cheeselings - classic,dairy
8901719106538.0,Hide & Seek Cashew Butter,"Snacks, Spreads, Sweet snacks, Biscuits and cakes, Biscuits",Plastic,"['en:palm-oil', 'en:non-vegan', 'en:vegetarian']",45.0,c,dairy,no,45.0,34.5,Non Biodegradable,dairy,hide & seek cashew butter,dairy
8901719107092.0,Cheeslings Classic,Snacks,Jar,"['en:palm-oil', 'en:non-vegan', 'en:vegetarian-status-unknown']",,unknown,other,no,,50.0,Moderately Biodegradable,dairy,cheeslings classic,dairy
8901719703034.0,Krack Jack Original,,,[],,unknown,other,no,,30.0,Non Biodegradable,non_food,krack jack original,non_food
8901719703058.0,Krack Jack Medium Pack,,,"['en:palm-oil-content-unknown', 'en:vegan-status-unknown', 'en:vegetarian-status-unknown']",,,other,no,,40.0,Moderately Biodegradable,non_food,krack jack medium pack,non_food
8901725118341.0,Kitchens Of India Strawberry & Mint Fruit & Spice Conserve,"Plant-based foods and beverages,Plant-based foods,Breakfasts,Spreads,Plant-based spreads,Sweet spreads,Fruit and vegetable preserves,Jams",,[],60.0,b,other,no,60.0,36.0,Non Biodegradable,spices,kitchens of india strawberry & mint fruit & spice conserve,spices
8901725132859.0,Dark Fantasy,en:biscuits,Cardboard,"['en:palm-oil', 'en:non-vegan', 'en:vegetarian-status-unknown']",54.0,c,other,yes,54.0,100.0,Highly Biodegradable,non_food,dark fantasy,non_food
8901725133511.0,Bounce,,,[],,unknown,other,no,,30.0,Non Biodegradable,non_food,bounce,non_food
8901725134723.0,Bounce Choco Twist,"Snacks, Sweet snacks, Biscuits and cakes, Biscuits, Chocolate biscuits",Plastic,"['en:palm-oil', 'en:non-vegan', 'en:vegetarian']",32.0,d,other,no,32.0,33.2,Non Biodegradable,non_food,bounce choco twist,non_food
8901725136031.0,Delishus gourmet cookies nuts & raisins,,,[],,unknown,snack,no,,30.0,Non Biodegradable,snack,delishus gourmet cookies nuts & raisins,confectionery
8901725181420.0,Sunfeast Yippee Noodles,,Plastic,[],,unknown,other,no,,20.0,Non Biodegradable,non_food,sunfeast yippee noodles,non_food
8901725181529.0,Yippe noodles,,,[],,unknown,other,no,,30.0,Non Biodegradable,non_food,yippe noodles,non_food
8901725198237.0,Mad Angles Tomato Madness,Snacks,Plastic,"['en:palm-oil', 'en:non-vegan', 'en:vegetarian-status-unknown']",,unknown,other,no,,30.0,Non Biodegradable,non_food,mad angles tomato madness,non_food
8901725198442.0,Mad Angles Chaat Masti,Snacks,Plastic,"['en:palm-oil', 'en:vegan-status-unknown', 'en:vegetarian-status-unknown']",,unknown,other,no,,30.0,Non Biodegradable,non_food,mad angles chaat masti,non_food
8901725198558.0,Mad Angles - Achaari masti,,,[],,unknown,other,no,,30.0,Non Biodegradable,non_food,mad angles - achaari masti,non_food
8901764022807.0,Fanta,,,[],,unknown,other,no,,30.0,Non Biodegradable,non_food,fanta,non_food
8901764052408.0,Limca 2ltr pet,"Limca, en:sodas",,[],,not-applicable,other,no,,30.0,Non Biodegradable,non_food,limca 2ltr pet,non_food
8901764092206.0,Maaza Original 600ml,"Beverages,Sweetened beverages",,"['en:palm-oil-content-unknown', 'en:vegan-status-unknown', 'en:vegetarian-status-unknown']",,,other,no,,40.0,Moderately Biodegradable,non_food,maaza original 600ml,non_food
8901764112706.0,Coca Cola Zero,"Beverages, Carbonated drinks, Artificially sweetened beverages, Sodas, Diet beverages, Colas, Diet sodas, Diet cola soft drink",,"['en:palm-oil-content-unknown', 'en:vegan-status-unknown', 'en:vegetarian']",,not-applicable,beverage,no,,40.0,Moderately Biodegradable,beverage,coca cola zero,beverage
8901764239809.0,PROTEIN TOTAL FAT pany,"Plant-based foods and beverages, Beverages, Plant-based foods, Breakfasts, Spreads, Plant-based beverages, Plant-based spreads, Sweet spreads, Fruit and vegetable preserves, Fruit-based beverages, Juices and nectars, Jams, Mixed fruit jams, Unsweetened beverages, Sweetened beverages","Plastic, Bottle, Plastic Bottle","['en:palm-oil-free', 'en:vegan-status-unknown', 'en:vegetarian-status-unknown']",15.0,e,other,no,15.0,31.5,Non Biodegradable,non_food,protein total fat pany,non_food
8901786160501.0,EVEREST Chicken Masala,en:spices,,[],,unknown,other,no,,30.0,Non Biodegradable,spices,everest chicken masala,spices
8901786425006.0,Everest Turmeric,"Plant-based foods and beverages, Plant-based foods, Condiments, Spices, Turmeric, Turmeric powder",,['en:vegetarian'],,,other,no,,35.0,Non Biodegradable,non_food,everest turmeric,non_food
8901808000013.0,Weikfield baking powder,"Cooking helpers,Baking powder or raising agent",,['en:vegetarian'],,,other,no,,35.0,Non Biodegradable,spices,weikfield baking powder,other
8901826301512.0,Verka Cow Milk Fat Ghee,"Dairies, Fats, Spreads, Spreadable fats, Animal fats, Milkfat, Dairy-spread, Butters, Butter fat, Clarified butter, Ghee",,[],20.0,e,dairy,no,20.0,32.0,Non Biodegradable,dairy,verka cow milk fat ghee,dairy
8901958001069.0,Brown Eggs,Eggs,,"['en:palm-oil-free', 'en:non-vegan', 'en:vegetarian']",,,other,no,,40.0,Moderately Biodegradable,non_food,brown eggs,non_food
8902080011513.0,Mixed Fruit Delight,"Plant-based foods and beverages, Beverages, Plant-based beverages, Fruit-based beverages, Juices and nectars, Fruit juices, Juice",Paper box,"['en:palm-oil-content-unknown', 'en:vegan-status-unknown', 'en:vegetarian-status-unknown']",35.0,d,other,yes,35.0,100.0,Highly Biodegradable,non_food,mixed fruit delight,non_food
8902080013869.0,Pomegranate juice,,,[],,unknown,beverage,no,,30.0,Non Biodegradable,beverage,pomegranate juice,beverage
8902153000031.0,Apple,"Plant-based foods and beverages, Beverages, Plant-based beverages, Fruit-based beverages, Juices and nectars, Fruit juices, Unsweetened beverages, Apple juices",,['en:vegetarian'],50.0,c,other,no,50.0,40.0,Moderately Biodegradable,non_food,apple,non_food
8902268002326.0,Dream LITE,Buscuit,Plastic,"['en:may-contain-palm-oil', 'en:non-vegan', 'en:non-vegetarian']",,unknown,other,no,,30.0,Non Biodegradable,non_food,dream lite,non_food
8902268002753.0,Yummy Orange Flavoured Sandwich,"Snacks, Sweet snacks, Biscuits and cakes, Biscuits",Plastic,"['en:palm-oil', 'en:vegan-status-unknown', 'en:vegetarian']",45.0,c,other,no,45.0,34.5,Non Biodegradable,non_food,yummy orange flavoured sandwich,non_food
8902268003972.0,Yummy Elaichi Flavoured Sandwich,"Snacks, Sweet snacks, Biscuits and cakes, Biscuits",Plastic,"['en:palm-oil', 'en:vegan-status-unknown', 'en:vegetarian']",45.0,c,other,no,45.0,34.5,Non Biodegradable,non_food,yummy elaichi flavoured sandwich,non_food
8902269502399.0,Protichem (CHOCOLATE),"Beverages and beverages preparations,Beverages",,[],,unknown,beverage,no,,30.0,Non Biodegradable,beverage,protichem (chocolate),confectionery
8902456505424.0,Insulin tablets 12X,,,[],,unknown,other,no,,30.0,Non Biodegradable,non_food,insulin tablets 12x,non_food
8902579103880.0,Parlè Agro,"parent,vegitables",Tetrapak with screw cap,[],,unknown,other,no,,40.0,Moderately Biodegradable,non_food,parlè agro,non_food
8902579131029.0,fizz,,,[],,unknown,other,no,,30.0,Non Biodegradable,non_food,fizz,non_food
8902979052382.0,Vanilla milkshake,,,[],,unknown,dairy,no,,30.0,Non Biodegradable,dairy,vanilla milkshake,dairy
8902979052405.0,Cavins butterscotch milkshake,"Beverages, Dairies, Dairy drinks, Flavoured milks, Milkshakes",Tetra Pak,"['en:palm-oil-content-unknown', 'en:non-vegan', 'en:vegetarian-status-unknown']",45.0,c,dairy,no,45.0,54.5,Moderately Biodegradable,dairy,cavins butterscotch milkshake,dairy
8904004400069.0,Halirams Bhujiya sev 1kg,Snacks,Plastique,"['en:may-contain-palm-oil', 'en:vegan-status-unknown', 'en:vegetarian-status-unknown']",,,other,no,,50.0,Moderately Biodegradable,non_food,halirams bhujiya sev 1kg,non_food
8904004400564.0,Lite Chiwda Lite Bite,,,[],,unknown,other,no,,30.0,Non Biodegradable,non_food,lite chiwda lite bite,non_food
8904004401189.0,Haldiram's Khatta Meetha,Indian Snacks,,"['en:palm-oil-content-unknown', 'en:vegan-status-unknown', 'en:vegetarian-status-unknown']",,,other,no,,40.0,Moderately Biodegradable,grain,haldiram's khatta meetha,grain
8904004405934.0,Haldiram's Gulab Jamun,Gulab Jamun,,[],,,other,no,,30.0,Non Biodegradable,non_food,haldiram's gulab jamun,non_food
8904037203873.0,Noni juice,,,[],,unknown,beverage,no,,30.0,Non Biodegradable,beverage,noni juice,beverage
8904043901015.0,Tata Salt,"Condiments,Salts,Table salts,Groceries","Plastic, HDPE","['en:palm-oil-free', 'en:vegan', 'en:vegetarian']",,,other,no,,30.0,Non Biodegradable,spices,tata salt,other
8904063200945.0,Haldirams Bhujia,Snacks,Plastic,"['en:palm-oil', 'en:vegan-status-unknown', 'en:vegetarian-status-unknown']",,unknown,other,no,,30.0,Non Biodegradable,non_food,haldirams bhujia,non_food
8904063255518.0,Whoopies,"Chips and fries,cheese bala",Plastic,"['en:palm-oil', 'en:non-vegan', 'en:vegetarian']",,unknown,other,no,,30.0,Non Biodegradable,non_food,whoopies,non_food
8904063257581.0,Lite Mixture,Snacks,Plastic,"['en:palm-oil', 'en:vegan-status-unknown', 'en:vegetarian-status-unknown']",,unknown,other,no,,30.0,Non Biodegradable,non_food,lite mixture,non_food
8904064622517.0,Sona Masuri Rice,"Plant-based foods and beverages,Plant-based foods,Cereals and potatoes,Seeds,Cereals and their products,Cereal grains,Rices",Plastique,"['en:palm-oil-content-unknown', 'en:vegan-status-unknown', 'en:vegetarian-status-unknown']",,,other,no,,50.0,Moderately Biodegradable,grain,sona masuri rice,grain
8904065212540.0,Orange Cake,"Snacks,Sweet snacks,Biscuits and cakes,Cakes,Fruit cakes",Plastic,"['en:palm-oil-content-unknown', 'en:non-vegan', 'en:vegetarian-status-unknown']",,,other,no,,30.0,Non Biodegradable,non_food,orange cake,non_food
8904067700762.0,Khakhra roasted wheat crisps,en:appetizers,,[],,,other,no,,30.0,Non Biodegradable,grain,khakhra roasted wheat crisps,snack
8904071700031.0,Masala Banana Chips,"Plant-based foods and beverages,Plant-based foods,Snacks,Sweet snacks,Biscuits and cakes,Chips and fries,Pickles,Olive tree products,Plant-based pickles,Cakes,Olives,Banana breads,Snack",,[],,,snack,no,,30.0,Non Biodegradable,snack,masala banana chips,snack
8904113900177.0,Egless chocochip Cake,,,[],,,other,no,,30.0,Non Biodegradable,non_food,egless chocochip cake,snack
8904132907829.0,HEALTHY LIFE PURE GRADE HONEY,"Breakfasts,Spreads,Sweet spreads,Bee products,Farming products,Sweeteners,Honeys",,"['en:palm-oil-free', 'en:non-vegan', 'en:vegetarian']",72.0,b,other,no,72.0,47.2,Moderately Biodegradable,non_food,healthy life pure grade honey,non_food
8904150200155.0,Almonds,,,[],,unknown,other,no,,30.0,Non Biodegradable,non_food,almonds,non_food
8904150502242.0,Mini Cookie Cake,"Snacks, Sweet snacks, Biscuits and cakes, Biscuits",,"['en:palm-oil', 'en:non-vegan', 'en:vegetarian-status-unknown']",40.0,d,snack,no,40.0,44.0,Moderately Biodegradable,snack,mini cookie cake,confectionery
8904256700320.0,Bb royal Honey,,,[],,unknown,other,no,,30.0,Non Biodegradable,non_food,bb royal honey,non_food
8904258700533.0,Guava Fruit Juice,,,[],,unknown,beverage,no,,30.0,Non Biodegradable,beverage,guava fruit juice,beverage
8906000610701.0,Smiles,"Snacks, en:frozen-fried-potatoes",Plastic,"['en:palm-oil', 'en:vegan-status-unknown', 'en:vegetarian-status-unknown']",,,other,no,,30.0,Non Biodegradable,non_food,smiles,non_food
8906000610909.0,Potato Cheese Shotz,"Plant-based foods and beverages, Plant-based foods, Snacks, Cereals and potatoes, Salty snacks, Appetizers, Chips and fries, Crisps, Meat alternatives, Meat analogues, Potato crisps, Breaded products, Vegetarian nuggets",Plastic,"['en:palm-oil', 'en:non-vegan', 'en:vegetarian-status-unknown']",63.0,b,dairy,no,63.0,36.3,Non Biodegradable,dairy,potato cheese shotz,dairy
8906001141006.0,Mysore Royal,Splendid Artistry coffee,Box,[],,unknown,other,no,,40.0,Moderately Biodegradable,non_food,mysore royal,non_food
8906002000104.0,Sandwiche Spread,,,[],,unknown,other,no,,30.0,Non Biodegradable,non_food,sandwiche spread,non_food
8906002004553.0,Salsa,,,[],,unknown,other,no,,30.0,Non Biodegradable,non_food,salsa,non_food
8906002005284.0,Pizza topping sauce,Spreads,Plastic pack,"['en:palm-oil-content-unknown', 'en:non-vegan', 'en:vegetarian-status-unknown']",,,other,no,,30.0,Non Biodegradable,condiment,pizza topping sauce,sauce_condiment
8906002348169.0,Poha Mota,"Plant-based foods and beverages,Plant-based foods,Cereals and potatoes,Seeds,Cereals and their products,Cereal grains,Rices,Breakfast cereals",Plastic,"['en:palm-oil-content-unknown', 'en:vegan-status-unknown', 'en:vegetarian-status-unknown']",17.0,e,other,no,17.0,31.7,Non Biodegradable,non_food,poha mota,non_food
8906004560682.0,Plain salted potato chips,"Plant-based foods and beverages, Plant-based foods, Snacks, Cereals and potatoes, Salty snacks, Appetizers, Chips and fries, Crisps, Potato crisps",Plastic pack,"['en:palm-oil', 'en:vegan-status-unknown', 'en:vegetarian-status-unknown']",58.0,c,snack,no,58.0,35.8,Non Biodegradable,snack,plain salted potato chips,snack
8906004563133.0,Diamond 7 Wonders Lentil Crackers,crisps,,['en:vegetarian'],,,other,no,,35.0,Non Biodegradable,snack,diamond 7 wonders lentil crackers,grain
8906006330726.0,Natural fresh Acti-lite refined soybean oil,,,[],,unknown,other,no,,30.0,Non Biodegradable,non_food,natural fresh acti-lite refined soybean oil,non_food
8906006720039.0,Seedless Dates,"Plant-based foods and beverages,Plant-based foods,Fruits and vegetables based foods,Fruits based foods,Fruits,Dates",,"['en:palm-oil-free', 'en:vegan', 'en:vegetarian']",,,other,no,,40.0,Moderately Biodegradable,non_food,seedless dates,non_food
8906009070902.0,unibic honey otmeal,"Snacks, Sweet snacks, Biscuits and cakes, Biscuits",,[],,,other,no,,30.0,Non Biodegradable,non_food,unibic honey otmeal,non_food
8906009071602.0,unibic choco nut,"Snacks, Sweet snacks, Biscuits and cakes, Biscuits",,[],,,other,no,,30.0,Non Biodegradable,non_food,unibic choco nut,non_food
8906009803777.0,Waffy - choco flavoured wafer roll,"Snacks, Sweet snacks, Biscuits and cakes, Biscuits, Chocolate biscuits, Wafers, Stuffed wafers, Chocolate stuffed wafers, Thin crunchy wafer biscuit with chocolate","Plastic,Plastic bottle","['en:palm-oil', 'en:non-vegan', 'en:vegetarian-status-unknown']",,,other,no,,30.0,Non Biodegradable,non_food,waffy - choco flavoured wafer roll,non_food
8906010500139.0,Balaji Wafers,"Snacks, Sweet snacks, Biscuits and cakes, Biscuits, Wafers",,[],58.0,c,other,no,58.0,35.8,Non Biodegradable,snack,balaji wafers,snack
8906010500368.0,Tikha Mitha Mix,Ready-to-Eat Savouries,,"['en:palm-oil', 'en:vegan-status-unknown', 'en:vegetarian']",,,other,no,,40.0,Moderately Biodegradable,non_food,tikha mitha mix,non_food
8906010500559.0,Mung Dal,Food,,"['en:palm-oil-content-unknown', 'en:vegan-status-unknown', 'en:vegetarian-status-unknown']",,,other,no,,40.0,Moderately Biodegradable,grain,mung dal,grain
8906012240088.0,Heeng ki tikiya,,,"['en:palm-oil-content-unknown', 'en:vegan-status-unknown', 'en:vegetarian-status-unknown']",,unknown,other,no,,40.0,Moderately Biodegradable,non_food,heeng ki tikiya,non_food
8906017290033.0,Bisleri,"Beverages and beverages preparations, Beverages, Waters, en:mineral-waters","fr:Bouteille Plastique,plastic bottle","['en:palm-oil-free', 'en:vegan', 'en:vegetarian']",,,other,no,,30.0,Non Biodegradable,non_food,bisleri,non_food
8906017290125.0,Vedica,en:natural-mineral-waters,Bottle,[],,not-applicable,other,no,,40.0,Moderately Biodegradable,non_food,vedica,non_food
8906017861486.0,Bisk Farm Burst,snacks,,[],,unknown,other,no,,30.0,Non Biodegradable,non_food,bisk farm burst,non_food
8906020580015.0,Idly & Dosa Batter,Dosa batter,"Fresh, Pouch flask","['en:palm-oil-free', 'en:vegan-status-unknown', 'en:vegetarian']",,,other,no,,50.0,Moderately Biodegradable,non_food,idly & dosa batter,non_food
8906021883191.0,पतंजली च्य्वन्प्राश,,hi:प्लास्टिक डब्बा,[],,unknown,other,no,,40.0,Moderately Biodegradable,non_food,पतंजली च्य्वन्प्राश,non_food
8906023413501.0,Fantasia Ice Cream Sandwich,"Desserts, Frozen foods, Frozen desserts, Ice creams and sorbets, Ice creams, Ice cream sandwiches",Box,"['en:palm-oil', 'en:non-vegan', 'en:vegetarian']",,,cosmetic,no,,50.0,Moderately Biodegradable,cosmetic,fantasia ice cream sandwich,frozen_food
8906023415017.0,Choco Vanilla,"Plant-based foods and beverages, Plant-based foods, Condiments, Desserts, Frozen foods, Frozen desserts, Spices, Ice creams and sorbets, Ice creams, Vanilla, Groceries",Plastic,"['en:may-contain-palm-oil', 'en:non-vegan', 'en:vegetarian']",72.0,b,other,no,72.0,37.2,Non Biodegradable,non_food,choco vanilla,non_food
8906025201786.0,Roasted Dalia,"Plant-based foods and beverages, Plant-based foods, Cereals and potatoes, Seeds, Cereals and their products, Cereal grains, Wheats",Plastic,"['en:palm-oil-content-unknown', 'en:vegan-status-unknown', 'en:vegetarian-status-unknown']",,unknown,other,no,,30.0,Non Biodegradable,grain,roasted dalia,grain
8906028801020.0,Corn flour,"Plant-based foods and beverages, Plant-based foods, Cereals and potatoes, Cereals and their products, Flours, Cereal flours, Cornmeal",,[],75.0,a,other,no,75.0,37.5,Non Biodegradable,grain,corn flour,grain
8906029790033.0,Snakker,"Snacks, Sweet snacks, Biscuits and cakes, Biscuits, Wafers",Plastic,"['en:palm-oil', 'en:non-vegan', 'en:vegetarian']",53.0,c,other,no,53.0,35.3,Non Biodegradable,non_food,snakker,non_food
8906030680422.0,Fryrums Masala,,,[],,unknown,other,no,,30.0,Non Biodegradable,spices,fryrums masala,spices
8906032010999.0,Nutrela Soya Granules 220gm,,,[],,unknown,other,no,,30.0,Non Biodegradable,non_food,nutrela soya granules 220gm,grain
8906033745050.0,Mcvities Butter Cookie 68 GR.,"Snacks,Sweet snacks,Biscuits and cakes,Biscuits,Shortbread cookies","Plastique, Sachet","['en:palm-oil', 'en:non-vegan', 'en:vegetarian']",,,dairy,no,,50.0,Moderately Biodegradable,snack,mcvities butter cookie 68 gr.,dairy
8906047521558.0,Disano Olive Oil,"Plant-based foods and beverages, Plant-based foods, Fats, Vegetable fats, Olive tree products, Vegetable oils, Olive oils",,[],27.0,e,other,no,27.0,32.7,Non Biodegradable,non_food,disano olive oil,non_food
8906048500651.0,Protinex Chocolate Flavour,Dietary supplements,,[],,unknown,beverage,no,,30.0,Non Biodegradable,beverage,protinex chocolate flavour,confectionery
8906056940074.0,Gold Smith Rum,"Beverages and beverages preparations,Beverages,Alcoholic beverages,Distilled beverages,Hard liquors,Eaux de vie,Rums",,[],39.0,d,other,no,39.0,33.9,Non Biodegradable,non_food,gold smith rum,non_food
8906059635021.0,Epigamia Greek Yogurt Strawberry,"Dairies,Fermented foods,Fermented milk products,Desserts,Dairy desserts,Fermented dairy desserts,Fermented dairy desserts with fruits,Yogurts,Fruit yogurts,Greek-style yogurts",,"['en:palm-oil-content-unknown', 'en:vegan-status-unknown', 'en:vegetarian-status-unknown']",,,dairy,no,,40.0,Moderately Biodegradable,dairy,epigamia greek yogurt strawberry,dairy
8906065790004.0,Potato cracker,,,[],,unknown,other,no,,30.0,Non Biodegradable,snack,potato cracker,snack
8906066202476.0,Keya Piri Piri,Spice,,"['en:palm-oil-free', 'en:vegan', 'en:vegetarian']",,,other,no,,40.0,Moderately Biodegradable,non_food,keya piri piri,non_food
8906074821461.0,Butterly Osmania Biscuits,"Snacks,Sweet snacks,Biscuits and cakes,Biscuits",,"['en:palm-oil', 'en:non-vegan', 'en:vegetarian-status-unknown']",40.0,d,dairy,no,40.0,44.0,Moderately Biodegradable,snack,butterly osmania biscuits,dairy
8906080600067.0,Chikki,"Plant-based foods and beverages, Plant-based foods, Snacks, Sweet snacks, Nuts and their products, Bars, Nut bars, Peanut bars",,"['en:palm-oil-content-unknown', 'en:vegan-status-unknown', 'en:vegetarian-status-unknown']",,unknown,other,no,,40.0,Moderately Biodegradable,non_food,chikki,non_food
8906088280025.0,wagga wagga,,,[],,unknown,other,no,,30.0,Non Biodegradable,non_food,wagga wagga,non_food
8906090370189.0,dairy fresh shah anjeer ice cream,,,[],,unknown,cosmetic,no,,30.0,Non Biodegradable,cosmetic,dairy fresh shah anjeer ice cream,frozen_food
8907486301138.0,SIN EW Instantised Whey Protein Concentrate,Dietary supplements,,[],,unknown,other,no,,30.0,Non Biodegradable,non_food,sin ew instantised whey protein concentrate,beverage_syrup
8908000106055.0,Indiras ragi huri hittu,,,[],,unknown,other,no,,30.0,Non Biodegradable,non_food,indiras ragi huri hittu,non_food
8908000440098.0,Sunflower oil,"Plant-based foods and beverages, Plant-based foods, Fats, Vegetable fats, Vegetable oils, Sunflower seeds and their products, Sunflower oils",,[],44.0,d,other,no,44.0,34.4,Non Biodegradable,non_food,sunflower oil,non_food
8908000998827.0,Danone Sweet Lassi,,,[],,unknown,other,no,,30.0,Non Biodegradable,dairy,danone sweet lassi,dairy
8908001705752.0,Aamras Juice,,,[],,unknown,beverage,no,,30.0,Non Biodegradable,beverage,aamras juice,beverage
8908002026467.0,Jeera Special,"Snacks, Sweet snacks, Biscuits and cakes, Biscuits, Cumin-biscuits",Box,"['en:palm-oil-content-unknown', 'en:non-vegan', 'en:vegetarian']",55.0,c,other,no,55.0,55.5,Moderately Biodegradable,non_food,jeera special,non_food
8908002485042.0,Khova,,,[],,unknown,other,no,,30.0,Non Biodegradable,non_food,khova,non_food
8908004280003.0,Egg Noodles,"Plant-based foods and beverages, Plant-based foods, Cereals and potatoes, Cereals and their products, Pastas, Noodles, Egg pastas, Egg noodles",,[],,unknown,other,no,,30.0,Non Biodegradable,non_food,egg noodles,non_food
8908004415054.0,Crunchy Nutty Peanut Butter,"Plant-based foods and beverages, Plant-based foods, Legumes and their products, Spreads, Nuts and their products, Plant-based spreads, Oilseed purees, Legume butters, Nut butters, Peanut butters",Plastic bottle,"['en:palm-oil-free', 'en:vegan', 'en:vegetarian']",40.0,d,dairy,no,40.0,34.0,Non Biodegradable,dairy,crunchy nutty peanut butter,dairy
8908007487096.0,Saudi Dates,"Plant-based foods and beverages, Plant-based foods, Fruits and vegetables based foods, Fruits based foods, Fruits, Dates, Whole dates",,"['en:palm-oil-free', 'en:vegan', 'en:vegetarian']",49.0,c,other,no,49.0,44.9,Moderately Biodegradable,non_food,saudi dates,non_food
8908009670014.0,OMG! Oh My Ganna Ginger Groove,Juice,Bottle,"['en:palm-oil-content-unknown', 'en:vegan-status-unknown', 'en:vegetarian-status-unknown']",,unknown,other,no,,50.0,Moderately Biodegradable,non_food,omg! oh my ganna ginger groove,non_food
8908009670021.0,OMG! Oh My Ganna Cumin Crush,Juice,Bottle,"['en:palm-oil-content-unknown', 'en:vegan-status-unknown', 'en:vegetarian-status-unknown']",,unknown,other,no,,50.0,Moderately Biodegradable,non_food,omg! oh my ganna cumin crush,non_food
8909876543746.0,Special Mukhwas,,,"['en:palm-oil-content-unknown', 'en:vegan-status-unknown', 'en:vegetarian-status-unknown']",,unknown,other,no,,40.0,Moderately Biodegradable,non_food,special mukhwas,non_food
89006740.0,NESCAFE,"Plant-based foods and beverages, Plant-based foods, Coffees, Coffee beans, en:instant-coffees",Glass,"['en:palm-oil-free', 'en:vegan', 'en:vegetarian']",,,other,no,,60.0,Moderately Biodegradable,non_food,nescafe,non_food
89272412225441.0,Awesome product,,Plastic,[],,unknown,other,no,,20.0,Non Biodegradable,non_food,awesome product,non_food
8991001780539.0,Twister,,Canned,[],,,other,no,,40.0,Moderately Biodegradable,non_food,twister,non_food
8992760221028.0,Oreo Original,"Snacks,Sweet snacks,Biscuits and cakes,Biscuits and crackers,Biscuits,Filled biscuits,Chocolate sandwich cookies",Ldpe wrap,"['en:palm-oil', 'en:maybe-vegan', 'en:maybe-vegetarian']",,,other,no,,50.0,Moderately Biodegradable,non_food,oreo original,non_food
8992775343883.0,Sugar cheese crackers,,,[],,,dairy,no,,30.0,Non Biodegradable,snack,sugar cheese crackers,dairy
8904043552347.0,Modern Sandwich Supreme,"Plant-based foods and beverages, Plant-based foods, Cereals and potatoes, Breads, White breads, Wheat breads",Plastic,"['en:palm-oil-content-unknown', 'en:vegan-status-unknown', 'en:vegetarian-status-unknown']",,unknown,other,no,,30.0,Non Biodegradable,non_food,modern sandwich supreme,non_food
8901499009470.0,Kellogg's Oats,"Plant-based foods and beverages, Plant-based foods, Breakfasts, Cereals and potatoes, Cereals and their products, Breakfast cereals, en:rolled-oats",Plastic jar,"['en:palm-oil-free', 'en:vegan', 'en:vegetarian']",67.0,b,other,no,67.0,36.7,Non Biodegradable,cereal,kellogg's oats,cereal
8906062600375.0,e-Millet cookies,Ragi biscuits,,"['en:may-contain-palm-oil', 'en:vegan-status-unknown', 'en:vegetarian-status-unknown']",,unknown,snack,no,,40.0,Moderately Biodegradable,snack,e-millet cookies,confectionery
8904004400762.0,Haldirams Alu Bhujia,fr:Indian snacks,Plastic,"['en:palm-oil', 'en:vegan-status-unknown', 'en:vegetarian-status-unknown']",,,other,no,,30.0,Non Biodegradable,non_food,haldirams alu bhujia,non_food
8908002515046.0,kalimark vibro paneer,"Beverages, Carbonated drinks, Sweetened beverages",Plastic bottle,"['en:palm-oil-content-unknown', 'en:vegan-status-unknown', 'en:vegetarian-status-unknown']",,unknown,dairy,no,,30.0,Non Biodegradable,dairy,kalimark vibro paneer,dairy
8908003115979.0,karachi's cashew biscuits,"Snacks, Sweet snacks, Biscuits and cakes, Biscuits",Cardboard box,"['en:palm-oil', 'en:non-vegan', 'en:vegetarian-status-unknown']",,,snack,yes,,100.0,Highly Biodegradable,snack,karachi's cashew biscuits,confectionery
8901499008244.0,Chocos Moons & Stars,"Plant-based foods and beverages, Plant-based foods, Breakfasts, Cereals and potatoes, Cereals and their products, Breakfast cereals",Plastic pouch,"['en:palm-oil', 'en:vegan-status-unknown', 'en:vegetarian-status-unknown']",20.0,e,other,no,20.0,32.0,Non Biodegradable,non_food,chocos moons & stars,non_food
8901725102760.0,B Natural Pomegranate Juice,"Beverages and beverages preparations,Plant-based foods and beverages,Beverages,Plant-based beverages,Fruit-based beverages,Juices and nectars,Fruit juices",,[],21.0,e,beverage,no,21.0,32.1,Non Biodegradable,beverage,b natural pomegranate juice,beverage
8901764082405.0,Kinley Mineral Water 1ltr,"Beverages, Waters",Plastic bottles,"['en:palm-oil-content-unknown', 'en:vegan-status-unknown', 'en:vegetarian-status-unknown']",,,other,no,,30.0,Non Biodegradable,non_food,kinley mineral water 1ltr,non_food
8908004415177.0,MARCO CRUNCHY PEANUT BUTTER,"Plant-based foods and beverages, Plant-based foods, Legumes and their products, Spreads, Nuts and their products, Plant-based spreads, Oilseed purees, Legume butters, Nut butters, Peanut butters",,"['en:palm-oil-free', 'en:vegan', 'en:vegetarian']",,,dairy,no,,40.0,Moderately Biodegradable,dairy,marco crunchy peanut butter,dairy
8901233030517.0,Diary Milk Chocolate,"Snacks,Sweet snacks,Cocoa and its products,Confectioneries,Chocolates","Plastic,Paper",['en:vegetarian'],,unknown,dairy,yes,,95.0,Highly Biodegradable,beverage,diary milk chocolate,dairy
8901764041259.0,Thums Up 300ml can,"Beverages, Carbonated drinks, Sodas, Colas, Sweetened beverages",Can,"['en:palm-oil-content-unknown', 'en:vegan-status-unknown', 'en:vegetarian']",,,other,no,,50.0,Moderately Biodegradable,non_food,thums up 300ml can,non_food
8908001246873.0,Curls Crax,"snacks, salty-snacks, en:puffed-salty-snacks","Plastic, HDPE - High-density polyethylene","['en:palm-oil', 'en:vegan-status-unknown', 'en:vegetarian-status-unknown']",,,other,no,,30.0,Non Biodegradable,non_food,curls crax,non_food
8901246003058.0,Brewed vinegar,,Bottle,"['en:palm-oil-content-unknown', 'en:vegan-status-unknown', 'en:vegetarian-status-unknown']",,unknown,other,no,,50.0,Moderately Biodegradable,non_food,brewed vinegar,non_food
8901058849127.0,nescafé cappuccino,,,"['en:palm-oil-content-unknown', 'en:non-vegan', 'en:vegetarian-status-unknown']",,,other,no,,40.0,Moderately Biodegradable,non_food,nescafé cappuccino,non_food
8901719107474.0,Fab Bourbon Biscuit,,,[],,unknown,snack,no,,30.0,Non Biodegradable,snack,fab bourbon biscuit,confectionery
8904246910371.0,Lays Spanish Tomato,en:potato-crisps,Yes,"['en:palm-oil-free', 'en:vegan', 'en:vegetarian']",68.0,b,other,no,68.0,56.8,Moderately Biodegradable,non_food,lays spanish tomato,snack
8904258700984.0,Raw pressery life +,,,"['en:palm-oil-free', 'en:vegan', 'en:vegetarian']",,unknown,other,no,,40.0,Moderately Biodegradable,non_food,raw pressery life +,non_food
8901542001673.0,Glucon - D,Glucon -D Instant Energy,"Plastic,Bottle,Transparent","['en:palm-oil-content-unknown', 'en:vegan-status-unknown', 'en:vegetarian-status-unknown']",,unknown,other,no,,30.0,Non Biodegradable,non_food,glucon - d,non_food
8902080104055.0,Pepsi Drink 750ml,"Beverages, Carbonated drinks, Sodas, Colas, en:sweetened-beverages",plastic bottle,"['en:palm-oil-content-unknown', 'en:vegan-status-unknown', 'en:vegetarian-status-unknown']",,,beverage,no,,30.0,Non Biodegradable,beverage,pepsi drink 750ml,beverage
8904057396739.0,Flaovoured Milk - Chocolate,"Beverages, Dairies, Dairy drinks, Flavoured milks, Sweetened beverages",Plastic bottle,"['en:palm-oil-content-unknown', 'en:non-vegan', 'en:vegetarian-status-unknown']",,unknown,dairy,no,,30.0,Non Biodegradable,beverage,flaovoured milk - chocolate,dairy
8904077201419.0,Pizza Khakhara,"Indian snacks, Wheat crisps",Plastic cover,"['en:palm-oil', 'en:non-vegan', 'en:vegetarian-status-unknown']",,,other,no,,30.0,Non Biodegradable,non_food,pizza khakhara,non_food
8904787201723.0,Spicy (Masala) Noddles Khakhara,"Indian snacks, Wheat crisps",Plastic cover,"['en:palm-oil', 'en:vegan-status-unknown', 'en:vegetarian-status-unknown']",,unknown,other,no,,30.0,Non Biodegradable,spices,spicy (masala) noddles khakhara,spices
8901233023724.0,Cadbury Bournvita,,,"['en:palm-oil-content-unknown', 'en:non-vegan', 'en:vegetarian-status-unknown']",,unknown,other,no,,40.0,Moderately Biodegradable,non_food,cadbury bournvita,non_food
8901491102902.0,Flirty Tomato Tango,"Plant-based foods and beverages, Plant-based foods, Snacks, Cereals and potatoes, Salty snacks, Appetizers, Chips and fries, Crisps, Potato crisps",Plastic cover,"['en:palm-oil', 'en:vegan-status-unknown', 'en:vegetarian-status-unknown']",71.0,b,other,no,71.0,37.1,Non Biodegradable,non_food,flirty tomato tango,non_food
8901725100216.0,B Natural Orange,"Beverages and beverages preparations,Plant-based foods and beverages,Beverages,Plant-based beverages,Fruit-based beverages",,"['en:palm-oil-content-unknown', 'en:vegan-status-unknown', 'en:vegetarian']",44.0,d,other,no,44.0,44.4,Moderately Biodegradable,non_food,b natural orange,non_food
8901063401457.0,Britannia Cheese,,,[],,unknown,dairy,no,,30.0,Non Biodegradable,dairy,britannia cheese,dairy
8901262176446.0,Pista malai kulfi,"Desserts, Frozen foods, Frozen desserts, Ice creams and sorbets, Ice creams, Icecream",60ml/50gm,"['en:may-contain-palm-oil', 'en:non-vegan', 'en:vegetarian']",72.0,b,other,no,72.0,57.2,Moderately Biodegradable,non_food,pista malai kulfi,non_food
8906048500903.0,protinex mama,dietary supplement,,[],,unknown,other,no,,30.0,Non Biodegradable,non_food,protinex mama,non_food
8904150502396.0,Pillsbury cookie cake - choco nut butter,Cookie cake,Plastic cover,"['en:palm-oil-content-unknown', 'en:non-vegan', 'en:vegetarian-status-unknown']",,unknown,dairy,no,,30.0,Non Biodegradable,snack,pillsbury cookie cake - choco nut butter,dairy
8901058859331.0,milkybar ( choo - mix fruit ),"Snacks, Sweet snacks, Cocoa and its products, Chocolates, White chocolates",Cardboard box,[],34.0,d,dairy,yes,34.0,93.4,Highly Biodegradable,dairy,milkybar ( choo - mix fruit ),dairy
8906002004447.0,FUNFOODS PEANUT BUTTER,"Plant-based foods and beverages,Plant-based foods,Legumes and their products,Spreads,Plant-based spreads,Oilseed purees,Legume butters,Peanut butters",,"['en:may-contain-palm-oil', 'en:maybe-vegan', 'en:vegetarian']",35.0,d,dairy,no,35.0,43.5,Moderately Biodegradable,dairy,funfoods peanut butter,dairy
8904109410093.0,Patanjali cream feast ( milk vanilla ),Cream biscuits,Plastic cover,"['en:may-contain-palm-oil', 'en:non-vegan', 'en:vegetarian']",,unknown,dairy,no,,30.0,Non Biodegradable,dairy,patanjali cream feast ( milk vanilla ),dairy
8901123003720.0,LOTTE PIE,,,[],,unknown,other,no,,30.0,Non Biodegradable,non_food,lotte pie,non_food
8904180001623.0,ELMAC Lemon Juice,Fruit juice concentrates,,['en:vegetarian'],,unknown,beverage,no,,35.0,Non Biodegradable,beverage,elmac lemon juice,beverage
8901058858860.0,Maggi Atta noodle - Masala,"Plant-based foods and beverages, Plant-based foods, Dried products, Pastas, Dried products to be rehydrated, Noodles, Instant noodles",,"['en:palm-oil', 'en:vegan-status-unknown', 'en:vegetarian-status-unknown']",,,other,no,,40.0,Moderately Biodegradable,grain,maggi atta noodle - masala,spices
8901262070973.0,Venezuela Ebony Twist,Dark chocolates,,"['en:palm-oil-free', 'en:vegan-status-unknown', 'en:vegetarian']",15.0,e,other,no,15.0,41.5,Moderately Biodegradable,non_food,venezuela ebony twist,non_food
8906044441231.0,Fennel fusion,"Snacks, Sweet snacks, Cocoa and its products, Confectioneries, Bars, Chocolate candies, Bars covered with chocolate",,"['en:palm-oil-content-unknown', 'en:vegan-status-unknown', 'en:vegetarian-status-unknown']",,unknown,other,no,,40.0,Moderately Biodegradable,non_food,fennel fusion,non_food
8908002846034.0,Goodrich,Mozzarella cheese,Goodrich,[],,unknown,other,no,,40.0,Moderately Biodegradable,non_food,goodrich,non_food
8902080104345.0,Pepsi Brand Drink 2.25 l,Beverages,,[],,,beverage,no,,30.0,Non Biodegradable,beverage,pepsi brand drink 2.25 l,beverage
8901262070454.0,Amul Dark Chocolate,"Snacks, Sweet snacks, Cocoa and its products, Chocolates, Dark chocolates, en:chocolate-candies",,"['en:palm-oil-free', 'en:vegan-status-unknown', 'en:vegetarian']",,,beverage,no,,40.0,Moderately Biodegradable,beverage,amul dark chocolate,confectionery
8908000106048.0,ragi huri hittu,,,[],,unknown,other,no,,30.0,Non Biodegradable,non_food,ragi huri hittu,non_food
8908001528474.0,FUNTEN BIG CHOMP,,,[],,unknown,other,no,,30.0,Non Biodegradable,non_food,funten big chomp,non_food
8904246910173.0,Priya ginger pickle,Cheese spreads substitutes,11-2017,[],,,other,no,,40.0,Moderately Biodegradable,non_food,priya ginger pickle,non_food
8906043901620.0,Vanilla Muffin Small,"Snacks, Sweet snacks, Biscuits and cakes, Cakes, Muffins",Plastic Covering,"['en:may-contain-palm-oil', 'en:non-vegan', 'en:vegetarian-status-unknown']",,unknown,other,no,,30.0,Non Biodegradable,non_food,vanilla muffin small,non_food
8901233031309.0,Coated Wafer Layers,,,[],,unknown,other,no,,30.0,Non Biodegradable,non_food,coated wafer layers,non_food
8901262260152.0,Slim 'n' Trim,"Dairies, Milks, en:dietary-supplements",,"['en:palm-oil-free', 'en:non-vegan', 'en:vegetarian']",44.0,d,other,no,44.0,44.4,Moderately Biodegradable,non_food,slim 'n' trim,non_food
8904043901077.0,Salt LITE,"Condiments,Salts,Iodised salts",,"['en:palm-oil-free', 'en:vegan-status-unknown', 'en:vegetarian']",,,other,no,,40.0,Moderately Biodegradable,spices,salt lite,other
8901764072277.0,Kinley Soda 750ml,"Boissons, Boissons gazeuses, Sodas",,[],,,beverage,no,,30.0,Non Biodegradable,beverage,kinley soda 750ml,beverage
8901928014006.0,Marie biscuits,"Snacks, Sweet snacks, Biscuits and cakes, Biscuits",,"['en:may-contain-palm-oil', 'en:non-vegan', 'en:vegetarian-status-unknown']",,,snack,no,,40.0,Moderately Biodegradable,snack,marie biscuits,confectionery
8901552023450.0,Chana Pulao,"Plant-based foods and beverages, Plant-based foods, Fruits and vegetables based foods, Vegetables based foods, Meals, Vegetables, Rice dishes, Spanish vegetables, Rice, Indian",,"['en:palm-oil-free', 'en:vegan', 'en:vegetarian']",,,other,no,,40.0,Moderately Biodegradable,non_food,chana pulao,non_food
8904063240217.0,Haldiram's,"Plant-based foods and beverages,Plant-based foods,Snacks,Salty snacks",,"['en:palm-oil-content-unknown', 'en:vegan-status-unknown', 'en:vegetarian-status-unknown']",,,other,no,,40.0,Moderately Biodegradable,non_food,haldiram's,non_food
8904109443107.0,Patanjali Moong Dal,snacks,,"['en:palm-oil-free', 'en:vegan-status-unknown', 'en:vegetarian']",,unknown,other,no,,40.0,Moderately Biodegradable,grain,patanjali moong dal,grain
8901063142022.0,Britannia Nutrichoice Digestive,"Snacks,Sweet snacks,Biscuits and cakes,Biscuits,Digestive biscuite",Paper box,"['en:palm-oil', 'en:non-vegan', 'en:vegetarian-status-unknown']",,,other,yes,,100.0,Highly Biodegradable,non_food,britannia nutrichoice digestive,non_food
8906010501419.0,poprings,"Snacks,Sweet snacks",Plastik wrap,"['en:palm-oil', 'en:non-vegan', 'en:vegetarian-status-unknown']",,unknown,other,no,,50.0,Moderately Biodegradable,non_food,poprings,non_food
8908000097933.0,Crunchy Muesli,"Plant-based foods and beverages,Plant-based foods,Breakfasts,Cereals and potatoes,Cereals and their products,Breakfast cereals,Mueslis",,"['en:palm-oil-free', 'en:non-vegan', 'en:vegetarian']",62.0,b,other,no,62.0,46.2,Moderately Biodegradable,cereal,crunchy muesli,cereal
8901233025612.0,Dairy Milk Chocolate,"Snacks, Sweet snacks, Cocoa and its products, Chocolates, en:milk-chocolates",,[],,,dairy,no,,30.0,Non Biodegradable,beverage,dairy milk chocolate,dairy
8901491101837.0,Lays Classics Salted 20rs,"Plant-based foods and beverages, Plant-based foods, Snacks, Cereals and potatoes, Salty snacks, Appetizers, Chips and fries, Crisps, Potato crisps",cardboard box,"['en:palm-oil', 'en:vegan', 'en:vegetarian']",,,other,yes,,100.0,Highly Biodegradable,dairy,lays classics salted 20rs,snack
8901491502047.0,Spanish tomato tango,"Alimentos y bebidas de origen vegetal,Alimentos de origen vegetal,Botanas,Cereales y patatas,Snacks salados,Aperitivos,en:Chips and fries,Chips fritos,Chips de patatas fritas",,[],,,other,no,,30.0,Non Biodegradable,non_food,spanish tomato tango,non_food
8904304353102.0,Bodypower Nutrition Whey Protein,"Whey powder,Protein powders",,['en:vegetarian'],,unknown,other,no,,35.0,Non Biodegradable,non_food,bodypower nutrition whey protein,non_food
8906002001163.0,Peanut Butter (beurre de cacahouète),"Plant-based foods and beverages,Plant-based foods,Legumes and their products,Spreads,Plant-based spreads,Oilseed purees,Legume butters,Peanut butters",,['en:vegetarian'],35.0,d,dairy,no,35.0,38.5,Non Biodegradable,dairy,peanut butter (beurre de cacahouète),dairy
8904063258762.0,Takatak Chatpata Masala,"Snacks, Salty snacks, Appetizers, Chips and fries, Crisps",Plastic,"['en:palm-oil', 'en:non-vegan', 'en:vegetarian']",,unknown,other,no,,30.0,Non Biodegradable,spices,takatak chatpata masala,spices
8901030684777.0,Green Tea (honey lemon flavour),"Plant-based foods and beverages, Beverages, Hot beverages, Plant-based beverages, Teas, Green teas",,[],80.0,a,beverage,no,80.0,38.0,Non Biodegradable,beverage,green tea (honey lemon flavour),beverage
8908011154007.0,Eggs,"Farming products,Eggs,Chicken eggs",,"['en:palm-oil-free', 'en:non-vegan', 'en:non-vegetarian']",31.0,d,other,no,31.0,43.1,Moderately Biodegradable,non_food,eggs,non_food
8901414001480.0,Bikano Rasgolla,,,['en:vegetarian'],,unknown,other,no,,35.0,Non Biodegradable,non_food,bikano rasgolla,non_food
8906066200564.0,Keya Mixed Herbs,"Condiments, Mixtures of herbs and spices, Groceries, en:aromatic-herbs",Bottle,"['en:palm-oil-free', 'en:vegan', 'en:vegetarian']",,unknown,other,no,,50.0,Moderately Biodegradable,non_food,keya mixed herbs,non_food
8902579203016.0,Ssaf Ssat,"Beverages, Waters, Spring waters, Mineral waters",Plastic,"['en:palm-oil-free', 'en:vegan', 'en:vegetarian']",,not-applicable,other,no,,30.0,Non Biodegradable,non_food,ssaf ssat,non_food
8901719702051.0,Parle Monaco Classic Biscuit,Biscuits,,[],50.0,c,snack,no,50.0,35.0,Non Biodegradable,snack,parle monaco classic biscuit,dairy
8901233021645.0,Cadbury bournville premium chocolate,,,"['en:palm-oil-content-unknown', 'en:non-vegan', 'en:vegetarian-status-unknown']",,,beverage,no,,40.0,Moderately Biodegradable,beverage,cadbury bournville premium chocolate,confectionery
8901035056876.0,Thé,"Plant-based foods and beverages, Beverages, Hot beverages, Plant-based beverages, Teas, Herbal teas, en:green-teas",Sachet,"['en:palm-oil-free', 'en:vegan', 'en:vegetarian']",,,other,no,,50.0,Moderately Biodegradable,non_food,thé,non_food
8901233030395.0,Spready,Chocolate spreads,,"['en:may-contain-palm-oil', 'en:non-vegan', 'en:vegetarian']",,,other,no,,40.0,Moderately Biodegradable,non_food,spready,non_food
8901233030548.0,Cadbury Dairy Milk,"Snacks, Sweet snacks, Cocoa and its products, Confectioneries, Chocolates, Milk chocolates",,"['en:palm-oil-free', 'en:non-vegan', 'en:vegetarian']",,,dairy,no,,40.0,Moderately Biodegradable,dairy,cadbury dairy milk,dairy
8907316003942.0,Garlic Paste,,,"['en:palm-oil-content-unknown', 'en:vegan-status-unknown', 'en:vegetarian-status-unknown']",,unknown,other,no,,40.0,Moderately Biodegradable,non_food,garlic paste,non_food
8901192205100.0,catch chat masala,Mixtures of herbs and spices,Plastic,"['en:palm-oil-free', 'en:vegan-status-unknown', 'en:vegetarian']",,,other,no,,30.0,Non Biodegradable,spices,catch chat masala,spices
8906006721821.0,kimjo Dates,"Plant-based foods and beverages,Plant-based foods,Fruits and vegetables based foods,Fruits based foods,Dried products,Fruits,Dried plant-based foods,Dried fruits,Dates",Iso,"['en:palm-oil-free', 'en:vegan', 'en:vegetarian']",49.0,c,other,no,49.0,54.9,Moderately Biodegradable,non_food,kimjo dates,non_food
8901233028507.0,Hot Chocolate,,Plastic,"['en:palm-oil-content-unknown', 'en:vegan-status-unknown', 'en:vegetarian-status-unknown']",,unknown,beverage,no,,30.0,Non Biodegradable,beverage,hot chocolate,confectionery
89006733.0,Nescafe Classic Pure Coffee,"Plant-based foods and beverages, Plant-based foods, Coffees, Coffee beans, Roasted coffee beans",Bottle,"['en:palm-oil-free', 'en:vegan', 'en:vegetarian']",0.0,f,beverage,no,0.0,50.0,Moderately Biodegradable,beverage,nescafe classic pure coffee,dairy
8904103040296.0,sabji masala,"Plant-based foods and beverages, Plant-based foods, Condiments, Spices",,[],,unknown,other,no,,30.0,Non Biodegradable,spices,sabji masala,spices
8904063204325.0,Haldiram's Bhujia,"Snacks, Salty snacks, Appetizers, Chips and fries, Crisps",Pack,"['en:palm-oil', 'en:vegan-status-unknown', 'en:vegetarian-status-unknown']",,unknown,other,no,,50.0,Moderately Biodegradable,non_food,haldiram's bhujia,non_food
8901207005527.0,Honey Squeezy,"Breakfasts,Spreads,Sweet spreads,Bee products,Farming products,Sweeteners,Honeys,Food",Squeezy,"['en:palm-oil-free', 'en:non-vegan', 'en:vegetarian']",,,other,no,,50.0,Moderately Biodegradable,non_food,honey squeezy,non_food
8901262071048.0,Amul Sugar free chocolate,"Snacks, Sweet snacks, Cocoa and its products, Chocolates, Sugar free chocolate, en:chocolate-candies",,"['en:palm-oil-content-unknown', 'en:vegan-status-unknown', 'en:vegetarian-status-unknown']",,,beverage,no,,40.0,Moderately Biodegradable,beverage,amul sugar free chocolate,confectionery
8906048500835.0,Protinex Original,"Dietary supplements, en:protein-shakes",,"['en:palm-oil-content-unknown', 'en:vegan-status-unknown', 'en:vegetarian-status-unknown']",,,other,no,,40.0,Moderately Biodegradable,non_food,protinex original,non_food
8904109465826.0,Chyawanprash with Saffron,"Plant-based foods and beverages, Plant-based foods, Condiments, Spices",,"['en:palm-oil-content-unknown', 'en:vegan-status-unknown', 'en:vegetarian-status-unknown']",,unknown,other,no,,40.0,Moderately Biodegradable,non_food,chyawanprash with saffron,non_food
8906104470072.0,sattviko,,,"['en:palm-oil-content-unknown', 'en:vegan-status-unknown', 'en:vegetarian-status-unknown']",,unknown,other,no,,40.0,Moderately Biodegradable,non_food,sattviko,non_food
8901192000101.0,catch sprinklers Table Salt,"Condiments, Salts, Table salts, Groceries",,[],,,other,no,,30.0,Non Biodegradable,spices,catch sprinklers table salt,other
8906023412030.0,Cream Bell Pista Kulfi,,,[],,,cosmetic,no,,30.0,Non Biodegradable,cosmetic,cream bell pista kulfi,non_food
8908001700184.0,Namaste India,"Dairies,Milks,Pasteurised milks",,"['en:palm-oil-free', 'en:non-vegan', 'en:vegetarian']",,,other,no,,40.0,Moderately Biodegradable,non_food,namaste india,non_food
8901725135485.0,Mom's Magic,Fruit and milk cookies,,[],,unknown,other,no,,30.0,Non Biodegradable,non_food,mom's magic,non_food
8906017290026.0,Bisleri Water 250ml,Waters,,"['en:palm-oil-free', 'en:vegan', 'en:vegetarian']",,not-applicable,other,no,,40.0,Moderately Biodegradable,non_food,bisleri water 250ml,non_food
8901725196226.0,Bingo! Tedhe Medhe Masala Tadka,snacks,,"['en:palm-oil', 'en:vegan-status-unknown', 'en:vegetarian']",,unknown,other,no,,40.0,Moderately Biodegradable,spices,bingo! tedhe medhe masala tadka,spices
8901063016613.0,SWEET & SALTY,en:biscuits,,"['en:palm-oil-content-unknown', 'en:vegan-status-unknown', 'en:vegetarian-status-unknown']",,,other,no,,40.0,Moderately Biodegradable,confectionery,sweet & salty,confectionery
8904072000048.0,Mota's Potato Chips,Potato crisps,,[],68.0,b,snack,no,68.0,36.8,Non Biodegradable,snack,mota's potato chips,snack
8906069930710.0,Asbah Dalia,,,['en:vegetarian'],,unknown,other,no,,35.0,Non Biodegradable,grain,asbah dalia,grain
8906090570787.0,Tandoori Foxnuts,foxnuts,,[],,unknown,other,no,,30.0,Non Biodegradable,non_food,tandoori foxnuts,non_food
8904004411348.0,Chikki Bar,,,"['en:palm-oil', 'en:vegan-status-unknown', 'en:vegetarian-status-unknown']",,unknown,other,no,,40.0,Moderately Biodegradable,confectionery,chikki bar,confectionery
8904156710191.0,Rice Kodubale,,,"['en:may-contain-palm-oil', 'en:vegan-status-unknown', 'en:vegetarian-status-unknown']",,unknown,other,no,,40.0,Moderately Biodegradable,grain,rice kodubale,grain
8902579000196.0,Parachute Coconut Hair Oil,,,[],,unknown,other,no,,30.0,Non Biodegradable,non_food,parachute coconut hair oil,non_food
8901030634475.0,Kissan Orange Squash,"Beverages and beverages preparations,Beverages,Sweetened beverages",,[],,unknown,other,no,,30.0,Non Biodegradable,non_food,kissan orange squash,non_food
8904156707320.0,Maiyas Moong Dal,"snacks, salty-snacks, appetizers, da:crackers",fr:sachet aluminium,"['en:may-contain-palm-oil', 'en:non-vegan', 'en:vegetarian-status-unknown']",,,other,no,,60.0,Moderately Biodegradable,grain,maiyas moong dal,grain
8902579103408.0,Appy,Apple juice  drinks,29/1/2019,[],,unknown,other,no,,40.0,Moderately Biodegradable,non_food,appy,non_food
8906021127981.0,Aachi Badam Drink,beverages,,['en:vegetarian'],,unknown,beverage,no,,35.0,Non Biodegradable,beverage,aachi badam drink,beverage
8906021922067.0,Himalaya honey,"Breakfasts,Spreads,Sweet spreads,Bee products,Farming products,Sweeteners,Honeys",Apis India Limited,"['en:palm-oil-free', 'en:non-vegan', 'en:vegetarian']",,,other,no,,50.0,Moderately Biodegradable,non_food,himalaya honey,non_food
8904109445309.0,Patanjali Pineapple Jam,"Plant-based foods and beverages,Plant-based foods,Breakfasts,Spreads,Plant-based spreads,Sweet spreads,Fruit and vegetable preserves,Jams",,"['en:palm-oil-free', 'en:vegan-status-unknown', 'en:vegetarian']",60.0,b,other,no,60.0,46.0,Moderately Biodegradable,non_food,patanjali pineapple jam,non_food
8906081810083.0,manchurian rings,"Plant-based foods and beverages, Plant-based foods, Cereals and potatoes, Cereals and their products, Flours, Cereal flours, Wheat flours, Manchurian seasoning, Ref.veg oil, Sabudana, Salt & spices",Bhaskar food products,"['en:palm-oil-content-unknown', 'en:vegan-status-unknown', 'en:vegetarian-status-unknown']",77.0,a,other,no,77.0,57.7,Moderately Biodegradable,non_food,manchurian rings,non_food
8901014002023.0,Top Ramen Masala,,,[],,,other,no,,30.0,Non Biodegradable,spices,top ramen masala,spices
8906012890221.0,BAKERS Cocoa Powder,Cocoa powders,,"['en:palm-oil-free', 'en:vegan', 'en:vegetarian']",5.0,f,other,no,5.0,40.5,Moderately Biodegradable,spices,bakers cocoa powder,other
8901058859737.0,Nestle Nan,,,[],,unknown,other,no,,30.0,Non Biodegradable,non_food,nestle nan,non_food
8904109470264.0,Patanjali Mango Drink,"Beverages, Sweetened beverages",PET 1 Plastic Bottle,"['en:palm-oil-free', 'en:vegan', 'en:vegetarian']",,unknown,beverage,no,,30.0,Non Biodegradable,beverage,patanjali mango drink,beverage
8901030530333.0,Manchow veg,"Readymade, Soup-powder",Plastic shachet,"['en:may-contain-palm-oil', 'en:vegan-status-unknown', 'en:vegetarian']",,unknown,other,no,,30.0,Non Biodegradable,non_food,manchow veg,non_food
8906002004133.0,Fun Foods Chocolate Spread Fudge,"Breakfasts, Spreads, Sweet spreads, fr:Pâtes à tartiner, Chocolate spreads",Plastic container,"['en:palm-oil', 'en:non-vegan', 'en:vegetarian']",,unknown,beverage,no,,30.0,Non Biodegradable,beverage,fun foods chocolate spread fudge,confectionery
8901071211161.0,Hershey's cocoa powder,"Cocoa and its products, Cocoa and chocolate powders, Cocoa powders, Powder",Plastic container,"['en:palm-oil-free', 'en:vegan', 'en:vegetarian']",,,other,no,,30.0,Non Biodegradable,spices,hershey's cocoa powder,confectionery
8901719105913.0,parle hide & seek 120g,"Snacks, Sweet snacks, Biscuits and cakes, Biscuits, Chocolate biscuits",Plastic,"['en:palm-oil', 'en:vegan', 'en:vegetarian']",,,other,no,,30.0,Non Biodegradable,non_food,parle hide & seek 120g,non_food
8901262140065.0,Lite Bread Spread,"Plant-based foods and beverages, Plant-based foods, Fats, Spreads, Plant-based spreads, Salted spreads, Spreadable fats, Vegetable fats, Margarines",,"['en:may-contain-palm-oil', 'en:non-vegan', 'en:vegetarian-status-unknown']",59.0,c,other,no,59.0,45.9,Moderately Biodegradable,non_food,lite bread spread,non_food
8908001658218.0,Quā,,,[],,unknown,other,no,,30.0,Non Biodegradable,non_food,quā,non_food
8901571009343.0,Horlicks Protein+ Chocolate,"Dietary supplements,beverages",,"['en:palm-oil-free', 'en:non-vegan', 'en:vegetarian']",,unknown,beverage,no,,40.0,Moderately Biodegradable,beverage,horlicks protein+ chocolate,confectionery
8901764092305.0,Maaza Original 1.2ltr,"Beverages,Sweetened beverages",,"['en:palm-oil-content-unknown', 'en:vegan-status-unknown', 'en:vegetarian-status-unknown']",,,other,no,,40.0,Moderately Biodegradable,non_food,maaza original 1.2ltr,non_food
8901725101381.0,Dark Fantasy Choco Fills,"Snacks, Snacks sucrés, Biscuits et gâteaux, Biscuits",,"['en:palm-oil', 'en:non-vegan', 'en:vegetarian-status-unknown']",,,other,no,,40.0,Moderately Biodegradable,non_food,dark fantasy choco fills,non_food
8908006135516.0,Moraz Strawberry Crush,beverages,,"['en:palm-oil-content-unknown', 'en:vegan-status-unknown', 'en:vegetarian-status-unknown']",,unknown,other,no,,40.0,Moderately Biodegradable,non_food,moraz strawberry crush,non_food
8906024482056.0,Dodla Ghee,"Dairies, Fats, Spreads, Spreadable fats, Animal fats, Milkfat, Dairy-spread, Butters, Butter fat, Clarified butter, Ghee",,"['en:palm-oil-free', 'en:non-vegan', 'en:vegetarian']",20.0,e,other,no,20.0,42.0,Moderately Biodegradable,dairy,dodla ghee,dairy
8901719903724.0,O'Choco,en:biscuits,,[],,,other,no,,30.0,Non Biodegradable,non_food,o'choco,non_food
8904063252388.0,Moong Dal Burfi,,,[],,unknown,other,no,,30.0,Non Biodegradable,grain,moong dal burfi,grain
8906057022151.0,Periperi nachos &salsa dip,,,[],,unknown,other,no,,30.0,Non Biodegradable,non_food,periperi nachos &salsa dip,snack
8901571000043.0,Boost Plain,,Plastic bottle,"['en:palm-oil-content-unknown', 'en:non-vegan', 'en:vegetarian-status-unknown']",,unknown,other,no,,30.0,Non Biodegradable,non_food,boost plain,non_food
8904004405415.0,Haldiram's Soan Papdi (indian Sweets),"Snacks, Sweet snacks, Confectioneries, Candies, Indian sweets, en:pastries",,"['en:palm-oil', 'en:non-vegan', 'en:vegetarian-status-unknown']",,,other,no,,40.0,Moderately Biodegradable,confectionery,haldiram's soan papdi (indian sweets),confectionery
8908001753722.0,sagar,"Non food products, Open Products Facts",,[],,unknown,other,no,,30.0,Non Biodegradable,non_food,sagar,non_food
8901207004421.0,Real fruits juss anar,"Plant-based foods and beverages, en:fruit-juices","Paper, Tetra Pak","['en:palm-oil-free', 'en:vegan-status-unknown', 'en:vegetarian']",,,other,yes,,100.0,Highly Biodegradable,non_food,real fruits juss anar,non_food
8901725192341.0,bingo potato chips chilli,"Plant-based foods and beverages, Plant-based foods, Snacks, Cereals and potatoes, Salty snacks, Appetizers, Chips and fries, Crisps, Potato crisps",,[],68.0,b,snack,no,68.0,36.8,Non Biodegradable,snack,bingo potato chips chilli,snack
8901088068741.0,Masala Oats - Peppy Tomato,"plant-based-foods-and-beverages, plant-based-foods, breakfasts, cereals-and-potatoes, seeds, cereals-and-their-products, cereal-grains, oat, it:avena",,"['en:palm-oil-free', 'en:vegan-status-unknown', 'en:vegetarian']",,,other,no,,40.0,Moderately Biodegradable,cereal,masala oats - peppy tomato,spices
8901741080080.0,Rio Mango Alfonso flavour,,,[],,unknown,other,no,,30.0,Non Biodegradable,non_food,rio mango alfonso flavour,non_food
8906017861271.0,Tiffun,cakes,,[],,unknown,other,no,,30.0,Non Biodegradable,non_food,tiffun,non_food
8908005583189.0,cheese balls,Snacks,Plastic box,"['en:may-contain-palm-oil', 'en:non-vegan', 'en:vegetarian-status-unknown']",,unknown,dairy,no,,30.0,Non Biodegradable,dairy,cheese balls,dairy
8906017290040.0,Bisleri 1ltr MADE IN INDIA,"Beverages, Waters",,"['en:palm-oil-free', 'en:vegan', 'en:vegetarian']",,,other,no,,40.0,Moderately Biodegradable,non_food,bisleri 1ltr made in india,non_food
8902080614059.0,Duke's,en:waters,,[],,not-applicable,other,no,,30.0,Non Biodegradable,non_food,duke's,non_food
8901499009814.0,KELLOGG'S CORN FLAKES REAL ALMOND HONEY,Corn flakes,,['en:vegetarian'],25.0,e,other,no,25.0,37.5,Non Biodegradable,cereal,kellogg's corn flakes real almond honey,cereal
8906047700427.0,Organic Brown Sugar (Desi Khand),,,[],,unknown,other,no,,30.0,Non Biodegradable,non_food,organic brown sugar (desi khand),non_food
8902246004984.0,P,"Beverages, Alcoholic beverages, Beers",,[],,,other,no,,30.0,Non Biodegradable,non_food,p,non_food
89007365.0,Bar One,,,[],,unknown,other,no,,30.0,Non Biodegradable,confectionery,bar one,confectionery
8901396611400.0,Strepsils Ginger & Lemon,"non food products,open product facts",,[],,unknown,other,no,,30.0,Non Biodegradable,non_food,strepsils ginger & lemon,non_food
8901393016376.0,Chupa Chups Gum Filled Lollipop,Confectioneries,,[],,unknown,other,no,,30.0,Non Biodegradable,non_food,chupa chups gum filled lollipop,non_food
8906007280969.0,Premium kachi ghani pure mustard oil,"Aliments et boissons à base de végétaux,Aliments d'origine végétale,Condiments,Matières grasses,Matières grasses végétales,Huiles,Sauces,Moutardes,Huiles de moutarde",Plastic Bottle,"['en:may-contain-palm-oil', 'en:vegan', 'en:vegetarian']",,,other,no,,30.0,Non Biodegradable,non_food,premium kachi ghani pure mustard oil,non_food
8906041711528.0,Vezlay Veg Meat,"Food,Inzlay",,"['en:vegan', 'en:vegetarian']",,,other,no,,40.0,Moderately Biodegradable,other_food,vezlay veg meat,other
8901052087617.0,Tetley green tea ginger mint,"Plant-based foods and beverages, Beverages, Hot beverages, Plant-based beverages, Teas, Green teas",,"['en:palm-oil-content-unknown', 'en:vegan-status-unknown', 'en:vegetarian-status-unknown']",,,beverage,no,,40.0,Moderately Biodegradable,beverage,tetley green tea ginger mint,beverage
89000724.0,kinley water 500ml,"Beverages, Waters",,[],,not-applicable,other,no,,30.0,Non Biodegradable,non_food,kinley water 500ml,non_food
8904405902452.0,Karimnagar Dairy Curd,Curd,,"['en:palm-oil-content-unknown', 'en:vegan-status-unknown', 'en:vegetarian']",,,dairy,no,,40.0,Moderately Biodegradable,dairy,karimnagar dairy curd,dairy
8901063154049.0,Britannia Nutrichoice Oatmeal Cookies,en:biscuits,,[],,,snack,no,,30.0,Non Biodegradable,snack,britannia nutrichoice oatmeal cookies,confectionery
8901012350010.0,Apple drink,"Plant-based foods and beverages, Beverages, Plant-based beverages, Carbonated drinks, Fruit-based beverages, Sodas, Fruit sodas, Apple soft drinks, en:apple-juices","Multilayer composite,Tetra Pak,Container","['en:palm-oil-content-unknown', 'en:vegan-status-unknown', 'en:vegetarian']",,not-applicable,beverage,no,,50.0,Moderately Biodegradable,beverage,apple drink,beverage
8906001386001.0,CREMICA MALT AND MILK,,,[],,unknown,dairy,no,,30.0,Non Biodegradable,dairy,cremica malt and milk,dairy
8906002982004.0,ankursalt,,,[],,unknown,other,no,,30.0,Non Biodegradable,spices,ankursalt,other
8901491504324.0,Lay's American Cream,Fast food,Pack,[],,unknown,cosmetic,no,,40.0,Moderately Biodegradable,cosmetic,lay's american cream,canned_food
8906004562877.0,cullbulle,,,[],,,other,no,,30.0,Non Biodegradable,non_food,cullbulle,non_food
8906059635007.0,Natural Greek Yogurt,,,[],,unknown,dairy,no,,30.0,Non Biodegradable,dairy,natural greek yogurt,dairy
8906000212813.0,Betty Crocker Complete Pancake Mix,"Plant-based foods and beverages,Plant-based foods,Cereals and potatoes,Cereals and their products,Cooking helpers,Pancake mixes",,['en:vegetarian'],,,other,no,,35.0,Non Biodegradable,non_food,betty crocker complete pancake mix,non_food
8906036670090.0,Shubham,Dairies,,[],,,other,no,,30.0,Non Biodegradable,non_food,shubham,non_food
8904256700863.0,Whole Wheat Bread,"Plant-based foods and beverages, Plant-based foods, Cereals and potatoes, Breads, Whole wheat bread",,"['en:palm-oil', 'en:vegan-status-unknown', 'en:vegetarian']",,unknown,other,no,,40.0,Moderately Biodegradable,grain,whole wheat bread,grain
8901499008213.0,Kelloyy's Wheat Flakes,en:breakfast-cereals,,"['en:palm-oil-free', 'en:vegan', 'en:vegetarian']",,,other,no,,40.0,Moderately Biodegradable,grain,kelloyy's wheat flakes,grain
8906021924344.0,Fruitilicious Fruit Blast Mixed Fruit Jam,"Plant-based foods and beverages, Plant-based foods, Breakfasts, Spreads, Plant-based spreads, Sweet spreads, Fruit and vegetable preserves, Jams",Glass,"['en:palm-oil-free', 'en:maybe-vegan', 'en:maybe-vegetarian']",73.0,b,other,no,73.0,67.3,Moderately Biodegradable,non_food,fruitilicious fruit blast mixed fruit jam,non_food
8906090570961.0,Veggie stix,en:meat-analogues,,[],,unknown,other,no,,30.0,Non Biodegradable,non_food,veggie stix,non_food
8908010864013.0,mini soya chunks(BARI),,,[],,unknown,other,no,,30.0,Non Biodegradable,confectionery,mini soya chunks(bari),grain
8901262010016.0,Amul Pasteurized Butter,"Dairies, Fats, Spreads, Spreadable fats, Animal fats, Milkfat, Dairy-spread, Butters",Paper,"['en:palm-oil-content-unknown', 'en:non-vegan', 'en:vegetarian']",,,dairy,yes,,100.0,Highly Biodegradable,dairy,amul pasteurized butter,dairy
8901233036731.0,dairy milk silk,"Snacks, Sweet snacks, Cocoa and its products, Chocolates",,[],,unknown,dairy,no,,30.0,Non Biodegradable,dairy,dairy milk silk,dairy
8906003653019.0,Coriander powder,"Plant-based foods and beverages, Plant-based foods, Condiments, Spices, Groceries",,"['en:palm-oil-free', 'en:vegan', 'en:vegetarian']",,unknown,other,no,,40.0,Moderately Biodegradable,spices,coriander powder,other
8901233034188.0,Silk chocolate,,,[],,unknown,beverage,no,,30.0,Non Biodegradable,beverage,silk chocolate,confectionery
8904004400588.0,Haldiram's Lite Chiwda,,,"['en:palm-oil', 'en:vegan-status-unknown', 'en:vegetarian-status-unknown']",,unknown,other,no,,40.0,Moderately Biodegradable,non_food,haldiram's lite chiwda,non_food
8901155425316.0,Allo Matar,,,"['en:palm-oil-free', 'en:vegan-status-unknown', 'en:vegetarian-status-unknown']",,,other,no,,40.0,Moderately Biodegradable,non_food,allo matar,non_food
8901262010344.0,Garlic & Herbs Buttery Spread,"Dairies, Fats, Spreads, Spreadable fats, Animal fats, Milkfat, Dairy-spread, Butters, Butter fat",Box,"['en:palm-oil-content-unknown', 'en:non-vegan', 'en:vegetarian-status-unknown']",,,dairy,no,,50.0,Moderately Biodegradable,dairy,garlic & herbs buttery spread,dairy
8904083300625.0,Milky Mist Cooking Butter - Unsalted,"Dairies, Fats, Spreads, Spreadable fats, Animal fats, Milkfat, Dairy-spread, Butters",,['en:vegetarian'],20.0,e,dairy,no,20.0,37.0,Non Biodegradable,dairy,milky mist cooking butter - unsalted,dairy
8901725103651.0,fabelle dark chocolate,,,"['en:palm-oil-content-unknown', 'en:vegan-status-unknown', 'en:vegetarian-status-unknown']",,unknown,beverage,no,,40.0,Moderately Biodegradable,beverage,fabelle dark chocolate,confectionery
8901652140071.0,Butter Bite,,,[],,unknown,dairy,no,,30.0,Non Biodegradable,dairy,butter bite,dairy
8901063016606.0,50-50 sweet and salt,,,"['en:palm-oil', 'en:vegan-status-unknown', 'en:vegetarian-status-unknown']",,unknown,other,no,,40.0,Moderately Biodegradable,confectionery,50-50 sweet and salt,confectionery
8906002000074.0,Dr. Oetket,,,"['en:palm-oil-free', 'en:non-vegan', 'en:maybe-vegetarian']",,,other,no,,40.0,Moderately Biodegradable,non_food,dr. oetket,non_food
8904256700467.0,"Tasties Hakka Noodles, Veg,",Tasties,,[],,unknown,other,no,,30.0,Non Biodegradable,non_food,"tasties hakka noodles, veg,",non_food
8908010900087.0,Pintola organic peanut butter,Peanut butters,,['en:vegetarian'],35.0,d,dairy,no,35.0,38.5,Non Biodegradable,dairy,pintola organic peanut butter,dairy
8901764012273.0,Coca Cola Coke Brand 750ml,"Beverages, Carbonated drinks, Sodas, Colas, Sweetened beverages",,[],,,beverage,no,,30.0,Non Biodegradable,beverage,coca cola coke brand 750ml,beverage
8906010500764.0,balaji wafers chataka pataka,"snacks, salty-snacks, sweet-snacks, appetizers, chips-and-fries, biscuits-and-cakes, crisps, biscuits, namkeen, da:crackers",,"['en:palm-oil', 'en:vegan-status-unknown', 'en:vegetarian']",,,other,no,,40.0,Moderately Biodegradable,snack,balaji wafers chataka pataka,snack
8906010501570.0,balaji wafers crunchex,"Chips and fries, Kurkure, en:salty-snacks-made-from-potato",,"['en:palm-oil', 'en:vegan', 'en:vegetarian']",,,other,no,,40.0,Moderately Biodegradable,snack,balaji wafers crunchex,snack
8904406116735.0,Garlic 100% Veggie Chips,Snacks,Tetra Pak,"['en:may-contain-palm-oil', 'en:vegan', 'en:vegetarian']",,unknown,snack,no,,50.0,Moderately Biodegradable,snack,garlic 100% veggie chips,snack
8906035030239.0,Refined Sunflower oil,"Plant-based foods and beverages,Plant-based foods,Fats,Vegetable fats,Vegetable oils,Sunflower seeds and their products,Sunflower oils",,"['en:palm-oil-content-unknown', 'en:vegan-status-unknown', 'en:vegetarian']",44.0,d,other,no,44.0,44.4,Moderately Biodegradable,non_food,refined sunflower oil,non_food
8901063017221.0,Brittania Maska chaska,"Snacks, Sweet snacks, Biscuits and cakes, Biscuits, Biscuit (cookie) snack w chocolate filling",,"['en:palm-oil', 'en:non-vegan', 'en:vegetarian-status-unknown']",27.0,e,other,no,27.0,42.7,Moderately Biodegradable,non_food,brittania maska chaska,non_food
8901491103084.0,Green chutney style,"Botanas, Snacks salados, en:appetizers",Plastic,"['en:palm-oil', 'en:vegan-status-unknown', 'en:vegetarian-status-unknown']",,,other,no,,30.0,Non Biodegradable,condiment,green chutney style,sauce_condiment
8901063031937.0,britannia treat croissant vanilla creme roll,"Snacks, Sweet snacks, Viennoiseries",,"['en:palm-oil-content-unknown', 'en:vegan-status-unknown', 'en:vegetarian-status-unknown']",,,other,no,,40.0,Moderately Biodegradable,other_food,britannia treat croissant vanilla creme roll,other
8901512542106.0,act-2 popcorn tomato chilli 59g,"Snacks, Popcorn",,"['en:palm-oil', 'en:vegan-status-unknown', 'en:vegetarian']",,,other,no,,40.0,Moderately Biodegradable,non_food,act-2 popcorn tomato chilli 59g,non_food
8901063029163.0,Brianna treat jimjam,,,"['en:palm-oil-content-unknown', 'en:vegan-status-unknown', 'en:vegetarian-status-unknown']",,unknown,other,no,,40.0,Moderately Biodegradable,other_food,brianna treat jimjam,other
8906009181172.0,Star Walnut Kernels,"Plant-based foods and beverages,Plant-based foods,Nuts and their products,Nuts,Shelled nuts,Walnuts,Walnut kernels",,[],,,other,no,,30.0,Non Biodegradable,non_food,star walnut kernels,non_food
8901063338623.0,Multi Grain Bread,"Plant-based foods and beverages, Plant-based foods, Cereals and potatoes, Breads, Wholemeal breads",,"['en:palm-oil', 'en:vegan-status-unknown', 'en:vegetarian-status-unknown']",,unknown,other,no,,40.0,Moderately Biodegradable,non_food,multi grain bread,non_food
8901233027555.0,Cadbury Choco Creme Oreo,"Snacks, Sweet snacks, Biscuits and cakes, Biscuits, Chocolate biscuits",,"['en:palm-oil', 'en:vegan-status-unknown', 'en:vegetarian-status-unknown']",27.0,e,other,no,27.0,42.7,Moderately Biodegradable,non_food,cadbury choco creme oreo,non_food
8901764022272.0,Fanta Orange Flv 750ml,"Beverages, Carbonated drinks, Sodas, Sweetened beverages, Fanta",,"['en:palm-oil-content-unknown', 'en:vegan-status-unknown', 'en:vegetarian']",,,other,no,,40.0,Moderately Biodegradable,non_food,fanta orange flv 750ml,non_food
8901491981682.0,Lays Cream and Onion Patato Chips,"Plant-based foods and beverages, Plant-based foods, Snacks, Cereals and potatoes, Salty snacks, Appetizers, Chips and fries, Crisps, Potato crisps",,"['en:palm-oil-free', 'en:non-vegan', 'en:vegetarian-status-unknown']",68.0,b,snack,no,68.0,46.8,Moderately Biodegradable,snack,lays cream and onion patato chips,snack
8901233036625.0,5star,,,[],,unknown,other,no,,30.0,Non Biodegradable,non_food,5star,non_food
8904304778141.0,multi millet chikki,,,"['en:palm-oil-content-unknown', 'en:vegan-status-unknown', 'en:vegetarian-status-unknown']",,unknown,other,no,,40.0,Moderately Biodegradable,non_food,multi millet chikki,non_food
89005590.0,dabur gulabari,,,"['en:palm-oil-content-unknown', 'en:vegan-status-unknown', 'en:vegetarian-status-unknown']",,unknown,other,no,,40.0,Moderately Biodegradable,confectionery,dabur gulabari,confectionery
8906033740758.0,McVitie's Digestive,"Snacks, Sweet snacks, Biscuits and cakes, Biscuits",Plastic,[],,,other,no,,20.0,Non Biodegradable,non_food,mcvitie's digestive,non_food
8901088055802.0,100% pure coconut oil,"Alimentos y bebidas de origen vegetal, Alimentos de origen vegetal, Aceites y grasas, Grasas vegetales, Aceites vegetales, Aceites de frutas y semillas de frutas, Aceites de coco",,[],,,other,no,,30.0,Non Biodegradable,non_food,100% pure coconut oil,non_food
8906010500245.0,Balaji Wafers Masala Sev Murmura,"Snacks, en:wafers",,['en:vegetarian'],,,other,no,,35.0,Non Biodegradable,snack,balaji wafers masala sev murmura,spices
8901058860726.0,Maggi Special Masala,,,"['en:palm-oil', 'en:vegan', 'en:vegetarian']",,unknown,other,no,,40.0,Moderately Biodegradable,spices,maggi special masala,spices
8906021924894.0,apis Royal Zahidi dates,"Plant-based foods and beverages,Plant-based foods,Fruits and vegetables based foods,Fruits based foods,Fruits,Dates",,"['en:palm-oil-free', 'en:vegan', 'en:vegetarian']",49.0,c,other,no,49.0,44.9,Moderately Biodegradable,non_food,apis royal zahidi dates,non_food
8901063031807.0,Britannia Treat,,,[],,unknown,other,no,,30.0,Non Biodegradable,other_food,britannia treat,other
8908000861107.0,GOPAL,,,[],,unknown,other,no,,30.0,Non Biodegradable,non_food,gopal,non_food
8901719107870.0,Choco rolls,"Snacks, Sweet snacks, Confectioneries, Biscuits and cakes, Biscuits and crackers, Biscuits, en:chocolate-candies",,"['en:palm-oil', 'en:vegan-status-unknown', 'en:vegetarian-status-unknown']",,,other,no,,40.0,Moderately Biodegradable,non_food,choco rolls,non_food
8904063209849.0,Takatak Baked Chilli Cheese,"Snacks, Snacks salés, Amuse-gueules, Chips et frites, Chips",,['en:vegetarian'],,,dairy,no,,35.0,Non Biodegradable,dairy,takatak baked chilli cheese,dairy
8906009532998.0,Nutrition Bar,"Snacks, Sweet snacks, Bars, Cereal bars, Nutrition bar",,"['en:may-contain-palm-oil', 'en:vegan-status-unknown', 'en:vegetarian']",,unknown,other,no,,40.0,Moderately Biodegradable,confectionery,nutrition bar,confectionery
8901233028958.0,5 star,,,"['en:palm-oil-free', 'en:non-vegan', 'en:vegetarian-status-unknown']",,unknown,other,no,,40.0,Moderately Biodegradable,non_food,5 star,non_food
8902335011190.0,butter crunch cookies,en:biscuits,,[],50.0,c,dairy,no,50.0,35.0,Non Biodegradable,snack,butter crunch cookies,dairy
8901233033570.0,Silk,Chocolate bars,,"['en:palm-oil-content-unknown', 'en:non-vegan', 'en:vegetarian']",,,other,no,,40.0,Moderately Biodegradable,non_food,silk,non_food
8906070596509.0,Fresca Lime,,,[],,unknown,other,no,,30.0,Non Biodegradable,non_food,fresca lime,non_food
8901233035178.0,Bourn vita,,,"['en:palm-oil-content-unknown', 'en:non-vegan', 'en:vegetarian']",,,other,no,,40.0,Moderately Biodegradable,non_food,bourn vita,non_food
8906067022738.0,Raw Whey Protein 80%,whey protein,,[],,,other,no,,30.0,Non Biodegradable,non_food,raw whey protein 80%,non_food
8904226700077.0,N2H GULKAND,,,"['en:palm-oil-free', 'en:maybe-vegan', 'en:vegetarian']",,unknown,other,no,,40.0,Moderately Biodegradable,non_food,n2h gulkand,non_food
8901063019089.0,Little hearts,,,[],,unknown,other,no,,30.0,Non Biodegradable,non_food,little hearts,non_food
8904037620120.0,Spaghetti N.12,"Aliments et boissons à base de végétaux, Aliments d'origine végétale, Céréales et pommes de terre, Céréales et dérivés, Pâtes alimentaires, Spaghetti",,[],,unknown,other,no,,30.0,Non Biodegradable,non_food,spaghetti n.12,non_food
8902080013500.0,Tropicana Mixed Fruit Juice,,,[],,,beverage,no,,30.0,Non Biodegradable,beverage,tropicana mixed fruit juice,beverage
8906064651078.0,Dill tzatziki,Tzatziki,,['en:vegetarian'],,unknown,other,no,,35.0,Non Biodegradable,non_food,dill tzatziki,non_food
8906059635069.0,Greek yogurt wild raspberry,"Dairies,Fermented foods,Fermented milk products,Desserts,Dairy desserts,Fermented dairy desserts,Yogurts,Greek-style yogurts",,"['en:palm-oil-content-unknown', 'en:vegan-status-unknown', 'en:vegetarian-status-unknown']",,,dairy,no,,40.0,Moderately Biodegradable,dairy,greek yogurt wild raspberry,dairy
8901262071017.0,Amul Belgian chocolate,Chocolate bars,,"['en:palm-oil-free', 'en:maybe-vegan', 'en:vegetarian']",,,beverage,no,,40.0,Moderately Biodegradable,beverage,amul belgian chocolate,confectionery
8901972058612.0,Waffy Chocolate,"Snacks, Sweet snacks, Biscuits and cakes, Biscuits, Chocolate biscuits",25/11/2019,"['en:palm-oil', 'en:maybe-vegan', 'en:vegetarian']",27.0,e,beverage,no,27.0,52.7,Moderately Biodegradable,beverage,waffy chocolate,confectionery
8901262060011.0,Cheese Spread,Cheese spreads,,"['en:may-contain-palm-oil', 'en:non-vegan', 'en:vegetarian']",,,dairy,no,,40.0,Moderately Biodegradable,dairy,cheese spread,dairy
8904001800268.0,Idhayam Sesame Oil,,,[],,,other,no,,30.0,Non Biodegradable,non_food,idhayam sesame oil,non_food
8901595963331.0,Hot Garlic,"Plant-based foods and beverages, Plant-based foods, Dried products, Pastas, Dried products to be rehydrated, Noodles, Instant noodles",India,[],,,other,no,,40.0,Moderately Biodegradable,non_food,hot garlic,non_food
8906004561818.0,RINGS,"Snacks, Sweet snacks, Confectioneries, ABCDEF",,[],,unknown,other,no,,30.0,Non Biodegradable,non_food,rings,non_food
8901719112492.0,Hide & Seek Black Bourbon,"Snacks, Sweet snacks, Biscuits and cakes, Biscuits, Filled biscuits, Chocolate sandwich cookies",,"['en:palm-oil', 'en:vegan-status-unknown', 'en:vegetarian']",,,other,no,,40.0,Moderately Biodegradable,non_food,hide & seek black bourbon,non_food
8901058847505.0,Masala penne pasta,"Meals, Pasta dishes, Masala",Plastic,"['en:may-contain-palm-oil', 'en:non-vegan', 'en:vegetarian-status-unknown']",,,other,no,,30.0,Non Biodegradable,spices,masala penne pasta,spices
8901548145425.0,Sugarlite,Sugarfree,Plastic Container,"['en:palm-oil-content-unknown', 'en:vegan-status-unknown', 'en:vegetarian-status-unknown']",,unknown,other,no,,30.0,Non Biodegradable,non_food,sugarlite,non_food
8901058842906.0,Tarmarind Sauce,"Condiments, Sauces, Groceries",Plastic,"['en:palm-oil-content-unknown', 'en:vegan-status-unknown', 'en:vegetarian-status-unknown']",,unknown,other,no,,30.0,Non Biodegradable,condiment,tarmarind sauce,sauce_condiment
8901499008701.0,Special K original,"Plant-based foods and beverages,Plant-based foods,Breakfasts,Cereals and potatoes,Cereals and their products,Breakfast cereals",Carton,"['en:palm-oil-content-unknown', 'en:vegan-status-unknown', 'en:vegetarian']",39.0,d,other,no,39.0,53.9,Moderately Biodegradable,non_food,special k original,non_food
8901030658761.0,Taj Mahal tea leaves 500 g,"Plant-based foods and beverages, Beverages, Hot beverages, Plant-based beverages, Teas","Plastic, Paper box","['en:palm-oil-free', 'en:vegan', 'en:vegetarian']",,,beverage,yes,,100.0,Highly Biodegradable,beverage,taj mahal tea leaves 500 g,beverage
8906084410617.0,mom chinese fried rice,"Plant-based foods and beverages, Plant-based foods, Cereals and potatoes, Seeds, Cereals and their products, Cereal grains, Rices, Chinese",Plastic,"['en:palm-oil-free', 'en:non-vegan', 'en:non-vegetarian']",,,other,no,,30.0,Non Biodegradable,grain,mom chinese fried rice,grain
8902188801092.0,chilli powder,"Plant-based foods and beverages, Plant-based foods, Condiments, Spices, Chilli powder, Groceries",Plastic,"['en:palm-oil', 'en:vegan', 'en:vegetarian']",,unknown,other,no,,30.0,Non Biodegradable,spices,chilli powder,other
8901088068758.0,Saffola Masala Veggie Twist Oats,"plant-based-foods-and-beverages, plant-based-foods, cereals-and-potatoes, seeds, cereals-and-their-products, cereal-grains, oat, it:avena",Plastic,"['en:palm-oil-content-unknown', 'en:non-vegan', 'en:vegetarian-status-unknown']",,,other,no,,30.0,Non Biodegradable,cereal,saffola masala veggie twist oats,spices
8901030577697.0,Lipton green tea honey lemon,"Plant-based foods and beverages, Beverages, Hot beverages, Plant-based beverages, Teas, Green teas","Plastic, Paper box","['en:palm-oil-content-unknown', 'en:non-vegan', 'en:vegetarian-status-unknown']",84.0,a,beverage,yes,84.0,100.0,Highly Biodegradable,beverage,lipton green tea honey lemon,beverage
8904089804394.0,aroma magic toner,,,[],,unknown,other,no,,30.0,Non Biodegradable,non_food,aroma magic toner,non_food
8906010500535.0,Balaji Wafers Chaat Chaska,"Snacks, Salty snacks, Appetizers, Chips and fries, Crisps, en:salty-snacks-made-from-potato",,"['en:palm-oil', 'en:vegan-status-unknown', 'en:vegetarian']",,,other,no,,40.0,Moderately Biodegradable,snack,balaji wafers chaat chaska,snack
8906010500498.0,balaji wafers tomato twist,"Chip, en:salty-snacks-made-from-potato",,"['en:palm-oil', 'en:vegan-status-unknown', 'en:vegetarian-status-unknown']",,,other,no,,40.0,Moderately Biodegradable,snack,balaji wafers tomato twist,snack
8901725198336.0,MAD ANGLES,"Snacks, en:corn-chips",Plastic,"['en:palm-oil', 'en:vegan-status-unknown', 'en:vegetarian-status-unknown']",63.0,b,other,no,63.0,36.3,Non Biodegradable,non_food,mad angles,non_food
8901058844757.0,Masala Cuppa Noodles,"Plant-based foods and beverages, Plant-based foods, Cereals and potatoes, Cereals and their products, Pastas, Noodles","Plastic, Plastic box","['en:palm-oil', 'en:non-vegan', 'en:vegetarian-status-unknown']",,,other,no,,30.0,Non Biodegradable,spices,masala cuppa noodles,spices
8901058845617.0,Chilly Chow Cuppa Noodles,"Plant-based foods and beverages, Plant-based foods, Cereals and potatoes, Cereals and their products, Dried products, Pastas, Dried products to be rehydrated, Noodles, Instant noodles","Plastic, Plastic box","['en:palm-oil', 'en:non-vegan', 'en:vegetarian-status-unknown']",,,other,no,,30.0,Non Biodegradable,non_food,chilly chow cuppa noodles,non_food
8901786260508.0,Black pepper powder,"Plant-based foods and beverages,Plant-based foods,Condiments,Spices,Groceries","Plastic, Cardboard box","['en:palm-oil-free', 'en:vegan', 'en:vegetarian']",,,other,yes,,100.0,Highly Biodegradable,spices,black pepper powder,spice
8901786060504.0,Chaat Masala,"Plant-based foods and beverages,Plant-based foods,Condiments,Groceries,spices","Plastic, Cardboard box","['en:palm-oil-free', 'en:vegan-status-unknown', 'en:vegetarian']",,,other,yes,,100.0,Highly Biodegradable,spices,chaat masala,spices
8901786080502.0,Everest Sambhar Masala,"Plant-based foods and beverages,Plant-based foods,Condiments,Spices,Groceries","Plastic, Cardboard box",['en:vegetarian'],,,other,yes,,95.0,Highly Biodegradable,spices,everest sambhar masala,spices
8904004408164.0,Haldiram's Pasta,"Plant-based foods and beverages, Plant-based foods, Cereals and potatoes, Cereals and their products, Pastas",Plastic,"['en:palm-oil-content-unknown', 'en:vegan-status-unknown', 'en:vegetarian-status-unknown']",,unknown,other,no,,30.0,Non Biodegradable,non_food,haldiram's pasta,non_food
8908011491119.0,Walnuts,Dry fruits,Plastic,"['en:palm-oil-free', 'en:vegan', 'en:vegetarian']",,unknown,other,no,,30.0,Non Biodegradable,non_food,walnuts,non_food
8903000364073.0,Besan,en:flours,Plastic,"['en:palm-oil-free', 'en:vegan', 'en:vegetarian']",,,other,no,,30.0,Non Biodegradable,non_food,besan,non_food
8906022340112.0,Sabudana,,Plastic,[],,unknown,other,no,,20.0,Non Biodegradable,non_food,sabudana,non_food
8908003744261.0,suji,Suji,Plastic,"['en:palm-oil-free', 'en:vegan', 'en:vegetarian']",,unknown,other,no,,30.0,Non Biodegradable,non_food,suji,non_food
8901247576957.0,Streax Coffee Collection Ultralights Highlighting Kit,"Non food products,Open Products Facts",,[],,unknown,beverage,no,,30.0,Non Biodegradable,beverage,streax coffee collection ultralights highlighting kit,beverage
8901826301574.0,Verka toned homogenized milk,"Dairies, Milks, Whole milks",Tetra,"['en:palm-oil-content-unknown', 'en:non-vegan', 'en:vegetarian-status-unknown']",33.0,d,dairy,no,33.0,53.3,Moderately Biodegradable,dairy,verka toned homogenized milk,dairy
8906006170711.0,O'Yes,,,[],,unknown,other,no,,30.0,Non Biodegradable,non_food,o'yes,non_food
8902268002982.0,dreamlite,,,[],,unknown,other,no,,30.0,Non Biodegradable,non_food,dreamlite,non_food
8901542000959.0,Complan royale chocolate flavour,,Paper,"['en:palm-oil-free', 'en:non-vegan', 'en:vegetarian-status-unknown']",,unknown,beverage,yes,,100.0,Highly Biodegradable,beverage,complan royale chocolate flavour,confectionery
8901063026162.0,"BRITANNIA nutri SUGAR, FREE","Biscuits,Biscuits/Cookies (Shelf Stable),sugar free biscuit",Yes,"['en:palm-oil', 'en:non-vegan', 'en:vegetarian']",,,other,no,,50.0,Moderately Biodegradable,non_food,"britannia nutri sugar, free",non_food
8901071701372.0,Hershey's spreads,"Breakfasts, Spreads, Sweet spreads, en:confectioneries",Plastic,"['en:palm-oil', 'en:non-vegan', 'en:vegetarian-status-unknown']",,,other,no,,30.0,Non Biodegradable,non_food,hershey's spreads,non_food
8906010502300.0,balaji wafers flamin hot,veg wafers,,"['en:palm-oil', 'en:vegan-status-unknown', 'en:vegetarian-status-unknown']",,unknown,other,no,,40.0,Moderately Biodegradable,snack,balaji wafers flamin hot,snack
8904037212653.0,Chatpata Amla Candy,en:candies,,[],42.0,d,other,no,42.0,34.2,Non Biodegradable,confectionery,chatpata amla candy,confectionery
8901153012938.0,wafer cream rolls,,Plastic,"['en:palm-oil', 'en:non-vegan', 'en:vegetarian-status-unknown']",,unknown,cosmetic,no,,30.0,Non Biodegradable,cosmetic,wafer cream rolls,non_food
8904004402599.0,Halke fulke,,16.3.2020,[],,unknown,other,no,,40.0,Moderately Biodegradable,non_food,halke fulke,non_food
8906000610930.0,veggiee fingers,Frozen foood,Plastic,"['en:palm-oil-free', 'en:vegan-status-unknown', 'en:vegetarian-status-unknown']",,,other,no,,30.0,Non Biodegradable,non_food,veggiee fingers,non_food
8902979023146.0,meera,,,[],,unknown,other,no,,30.0,Non Biodegradable,non_food,meera,non_food
8901689030734.0,malas orange,,,[],,,other,no,,30.0,Non Biodegradable,non_food,malas orange,non_food
8938505705972.0,Filet de panga surgelé,,,[],,unknown,other,no,,30.0,Non Biodegradable,non_food,filet de panga surgelé,non_food
8901725121129.0,Aashirvaad Shudh Chakki Atta,"Plant-based foods and beverages,Plant-based foods,Cereals and potatoes,Seeds,Cereals and their products,Flours,Cereal flours,Cereal grains,Wheat flours,Wheats",,"['en:palm-oil-free', 'en:vegan', 'en:vegetarian']",,,other,no,,40.0,Moderately Biodegradable,grain,aashirvaad shudh chakki atta,grain
8904083300120.0,milky mist fresh cream,fresh cream,,"['en:palm-oil-content-unknown', 'en:vegan-status-unknown', 'en:vegetarian']",,unknown,dairy,no,,40.0,Moderately Biodegradable,dairy,milky mist fresh cream,dairy
8991001502773.0,Jakarta,,,[],,unknown,other,no,,30.0,Non Biodegradable,non_food,jakarta,non_food
8908005126324.0,Boom,en:beers,,[],,,other,no,,30.0,Non Biodegradable,non_food,boom,non_food
8901542001932.0,Complan,,Plastic,"['en:palm-oil-content-unknown', 'en:non-vegan', 'en:vegetarian-status-unknown']",,unknown,other,no,,30.0,Non Biodegradable,non_food,complan,non_food
8904304500759.0,Swad Tomato Ketchup,Tomato Ketchup,,[],74.0,b,other,no,74.0,37.4,Non Biodegradable,condiment,swad tomato ketchup,sauce_condiment
8908012289128.0,Naturamore,Women,Plastic,"['en:palm-oil-content-unknown', 'en:vegan-status-unknown', 'en:vegetarian-status-unknown']",,unknown,other,no,,30.0,Non Biodegradable,non_food,naturamore,non_food
8901088129800.0,Masala Oats,"plant-based-foods-and-beverages, plant-based-foods, cereals-and-potatoes, seeds, cereals-and-their-products, cereal-grains, oat, it:avena",,"['en:palm-oil-free', 'en:non-vegan', 'en:vegetarian-status-unknown']",,,other,no,,40.0,Moderately Biodegradable,cereal,masala oats,spices
8906021924887.0,ARABIAN PEARLS,dates,,[],49.0,c,other,no,49.0,34.9,Non Biodegradable,non_food,arabian pearls,non_food
8901030406249.0,Red Lable Tea,"Plant-based foods and beverages, Beverages, Hot beverages, Plant-based beverages, Teas, Chaï teas",Container,[],80.0,a,beverage,no,80.0,48.0,Moderately Biodegradable,beverage,red lable tea,beverage
8906071886029.0,Dark love,,2 20,[],,unknown,other,no,,40.0,Moderately Biodegradable,non_food,dark love,non_food
8993175540902.0,richchoco napati,,,[],,unknown,other,no,,30.0,Non Biodegradable,non_food,richchoco napati,non_food
8901764042706.0,Thumsup,"Beverages and beverages preparations, Beverages, Carbonated drinks, Sodas, Non-alcoholic beverages, Sweetened beverages, en:colas",Tray,"['en:palm-oil-free', 'en:vegan-status-unknown', 'en:vegetarian']",,,other,no,,50.0,Moderately Biodegradable,non_food,thumsup,non_food
8901058823844.0,Maggie 8pk,"Plant-based foods and beverages, Plant-based foods, Dried products, Pastas, Dried products to be rehydrated, Noodles, Instant noodles, en:spices",,"['en:palm-oil', 'en:vegan-status-unknown', 'en:vegetarian-status-unknown']",,,other,no,,40.0,Moderately Biodegradable,non_food,maggie 8pk,non_food
8901262090414.0,amulya dairy whitener,milk powder,28d,[],,,other,no,,40.0,Moderately Biodegradable,non_food,amulya dairy whitener,non_food
8906010502041.0,Bhel Mix,Snacks,,"['en:palm-oil', 'en:vegan-status-unknown', 'en:vegetarian']",,,other,no,,40.0,Moderately Biodegradable,non_food,bhel mix,non_food
8939998541184.0,Animal health booster,,,[],,unknown,other,no,,30.0,Non Biodegradable,non_food,animal health booster,non_food
8906042150029.0,Roasted Short Vermicelli,"Plant-based foods and beverages, Plant-based foods, Pastas, Noodles",,"['en:palm-oil-free', 'en:vegan', 'en:vegetarian']",,,other,no,,40.0,Moderately Biodegradable,non_food,roasted short vermicelli,non_food
8908013479122.0,Peanut Butter Protein Bar,Protein bars,,"['en:palm-oil-free', 'en:non-vegan', 'en:vegetarian']",,,dairy,no,,40.0,Moderately Biodegradable,dairy,peanut butter protein bar,dairy
8901030551956.0,Custard powder vanilla,"Produits laitiers,Condiments,Aides culinaires,Sauces,Préparations pour desserts,Sauces dessert,Crème pâtissière",,['en:vegetarian'],,,other,no,,35.0,Non Biodegradable,spices,custard powder vanilla,other
8901248702041.0,Kesari Jivan,,,[],,unknown,other,no,,30.0,Non Biodegradable,non_food,kesari jivan,non_food
8908006824434.0,Plain Yogurt,,,[],,unknown,dairy,no,,30.0,Non Biodegradable,dairy,plain yogurt,dairy
8904215501661.0,ujoygnhyyhyyhhggyhhh,Srvdrjbk,idnyvbt,"['en:palm-oil-content-unknown', 'en:vegan-status-unknown', 'en:vegetarian-status-unknown']",,unknown,other,no,,50.0,Moderately Biodegradable,non_food,ujoygnhyyhyyhhggyhhh,non_food
8901491000208.0,Sweet chilli Doritos,"Snacks, Nacho chips",,"['en:palm-oil', 'en:vegan-status-unknown', 'en:vegetarian-status-unknown']",,unknown,other,no,,40.0,Moderately Biodegradable,confectionery,sweet chilli doritos,confectionery
8901725118938.0,Tedhe Medhe - Bingo,"snacks, salty-snacks, appetizers, chips-and-fries, crisps, da:crackers, plain-salty-snacks",,"['en:palm-oil-content-unknown', 'en:vegan-status-unknown', 'en:vegetarian-status-unknown']",,,other,no,,40.0,Moderately Biodegradable,non_food,tedhe medhe - bingo,non_food
8906009077802.0,Shortbread,"Snacks,Sweet snacks,Biscuits and cakes,Biscuits,Shortbread cookies,Shortbread",,[],,,other,no,,30.0,Non Biodegradable,non_food,shortbread,non_food
8902852229115.0,Kombucha Cranberry,"Boissons, Produits fermentés, Boissons fermentées, Boissons au thé, Kombuchas",,[],43.0,d,other,no,43.0,34.3,Non Biodegradable,non_food,kombucha cranberry,non_food
8901058895322.0,Nescafe Sunrise,"Plant-based foods and beverages, Beverages, Plant-based foods, Plant-based beverages, Coffees, Instant beverages, Instant coffees, Instant mix of chicory and coffee powder",Pack,"['en:palm-oil-content-unknown', 'en:vegan-status-unknown', 'en:vegetarian-status-unknown']",9.0,f,other,no,9.0,50.9,Moderately Biodegradable,non_food,nescafe sunrise,non_food
8903363006905.0,Home chef Pasta Macaroni Elbow,"Plant-based foods and beverages, Plant-based foods, Cereals and potatoes, Cereals and their products, Pastas",Pack,"['en:palm-oil-content-unknown', 'en:vegan-status-unknown', 'en:vegetarian-status-unknown']",,unknown,other,no,,50.0,Moderately Biodegradable,non_food,home chef pasta macaroni elbow,non_food
8908015394638.0,Apis Classic Dates,"Plant-based foods and beverages, Plant-based foods, Fruits and vegetables based foods, Fruits based foods, Fruits, Dates",Packaging,"['en:palm-oil-content-unknown', 'en:vegan-status-unknown', 'en:vegetarian-status-unknown']",54.0,c,other,no,54.0,55.4,Moderately Biodegradable,dairy,apis classic dates,dairy
8901537007116.0,Daawat Rozana Basmati Rice,"Plant-based foods and beverages,Plant-based foods,Cereals and potatoes,Seeds,Cereals and their products,Cereal grains,Rices,Aromatic rices,Indica rices,Long grain rices,Basmati rices",Overpack,"['en:palm-oil-free', 'en:vegan', 'en:vegetarian']",3.0,f,other,no,3.0,50.3,Moderately Biodegradable,grain,daawat rozana basmati rice,grain
8901262172363.0,Amul Ice Cream,"Desserts, Frozen foods, Frozen desserts",Box,"['en:palm-oil-content-unknown', 'en:vegan-status-unknown', 'en:vegetarian-status-unknown']",,unknown,cosmetic,no,,50.0,Moderately Biodegradable,cosmetic,amul ice cream,frozen_food
8908006168118.0,Classic Lemon Flavoured Ice Tea,Boissons,,[],,unknown,beverage,no,,30.0,Non Biodegradable,beverage,classic lemon flavoured ice tea,dairy
8908007946029.0,Mighty Mango,,,[],,unknown,other,no,,30.0,Non Biodegradable,non_food,mighty mango,non_food
8906001388609.0,Brown Sliced Brown Bread,"Plant-based foods and beverages, Plant-based foods, Cereals and potatoes, Breads, Wholemeal breads",,"['en:palm-oil', 'en:vegan-status-unknown', 'en:vegetarian-status-unknown']",,,other,no,,40.0,Moderately Biodegradable,non_food,brown sliced brown bread,non_food
8901207030352.0,Glucose c,,,[],,unknown,other,no,,30.0,Non Biodegradable,non_food,glucose c,non_food
8908006646692.0,"Popped lotus seeds, himalayan salt and pepper",,,[],,unknown,other,no,,30.0,Non Biodegradable,spices,"popped lotus seeds, himalayan salt and pepper",spice
8903363006363.0,Jelly mazza,,,[],,unknown,other,no,,30.0,Non Biodegradable,non_food,jelly mazza,non_food
8906134530012.0,Oats Original Unsweetened,,,"['en:vegan', 'en:vegetarian']",,unknown,other,no,,40.0,Moderately Biodegradable,confectionery,oats original unsweetened,confectionery
8908013194087.0,Cola Kombucha,,,[],,unknown,beverage,no,,30.0,Non Biodegradable,beverage,cola kombucha,beverage
8992775305188.0,Gery salut malkist matcha latte,,,[],,,other,no,,30.0,Non Biodegradable,non_food,gery salut malkist matcha latte,non_food
8908014047023.0,Smoked Cheese,"Produits laitiers, Produits fermentés, Produits laitiers fermentés, Fromages",Plastic,"['en:palm-oil-free', 'en:vegan', 'en:vegetarian']",35.0,d,dairy,no,35.0,33.5,Non Biodegradable,dairy,smoked cheese,dairy
8906067810250.0,On The Run Energy Bar Choco Crunch,,,[],,unknown,other,no,,30.0,Non Biodegradable,beverage,on the run energy bar choco crunch,beverage
8906107930283.0,chat-patt stick papad,,Gujrat foods,[],,,other,no,,40.0,Moderately Biodegradable,non_food,chat-patt stick papad,non_food
8908005459187.0,Quinoa Muesli - Chocolate and Banana,"Plant-based foods and beverages,Plant-based foods,Breakfasts,Cereals and potatoes,Cereals and their products,Breakfast cereals",,['en:vegetarian'],25.0,e,beverage,no,25.0,37.5,Non Biodegradable,beverage,quinoa muesli - chocolate and banana,confectionery
8901764082252.0,Kinley water,,,[],,unknown,other,no,,30.0,Non Biodegradable,non_food,kinley water,non_food
8906059639197.0,Almond Drink,"Aliments et boissons à base de végétaux, Boissons, Aliments d'origine végétale, Substituts de produits laitiers, Substituts du lait, Fruits à coques et dérivés, Boissons à base de végétaux, Boissons végétales, Boissons végétales de fruits à coque, Laits d'amande",,"['en:palm-oil-free', 'en:vegan-status-unknown', 'en:vegetarian']",,,beverage,no,,40.0,Moderately Biodegradable,beverage,almond drink,beverage
8901719119040.0,Parle Mazelo Candy,"Sweeteners, Sugars, Rock candies, Sugar boiled confectionery",Plastic,"['en:palm-oil-content-unknown', 'en:vegan-status-unknown', 'en:vegetarian']",81.0,a,other,no,81.0,38.1,Non Biodegradable,confectionery,parle mazelo candy,confectionery
8901088028080.0,fhgh,,,[],,unknown,other,no,,30.0,Non Biodegradable,non_food,fhgh,non_food
8996001524039.0,Super Bubur Kuah Kari,,,"['en:palm-oil-content-unknown', 'en:vegan-status-unknown', 'en:vegetarian-status-unknown']",,unknown,other,no,,40.0,Moderately Biodegradable,non_food,super bubur kuah kari,non_food
8906032341086.0,Cashew biscuits,"Snacks, Sweet snacks, Biscuits and cakes, Biscuits",Plastic,"['en:may-contain-palm-oil', 'en:vegan-status-unknown', 'en:vegetarian-status-unknown']",55.0,c,snack,no,55.0,35.5,Non Biodegradable,snack,cashew biscuits,confectionery
8906032341062.0,Milk-Ma whole wheat critters,"Plant-based foods and beverages,Plant-based foods,snacks",Pouch flask,"['en:may-contain-palm-oil', 'en:non-vegan', 'en:vegetarian']",,unknown,dairy,no,,50.0,Moderately Biodegradable,dairy,milk-ma whole wheat critters,dairy
8906019270019.0,Yakult,"Beverages,Dairies,Fermented foods,Fermented milk products,Desserts,Dairy desserts,Dairy drinks,Fermented dairy desserts,Fermented drinks,Yogurts,Fermented milk drinks,Drinkable yogurts,Fermented milk drinks with sugar",,"['en:palm-oil-content-unknown', 'en:non-vegan', 'en:vegetarian-status-unknown']",,,other,no,,40.0,Moderately Biodegradable,non_food,yakult,non_food
8901304233717.0,Ginger Beer non-alcoholic,,,[],,unknown,other,no,,30.0,Non Biodegradable,non_food,ginger beer non-alcoholic,non_food
8901207023156.0,1234,,"urdhi
htf",[],,unknown,other,no,,40.0,Moderately Biodegradable,non_food,1234,non_food
8906008971187.0,evi,,,[],,unknown,other,no,,30.0,Non Biodegradable,non_food,evi,non_food
8901207002496.0,Kundan.kumar,"Dairies, Fermented foods, Desserts, Fermented milk products, Dairy desserts, Fermented dairy desserts, Fermented dairy desserts with fruits, Yogurts, Fruit yogurts, Yogurt with fruits and sugar",120g,"['en:palm-oil-content-unknown', 'en:vegan-status-unknown', 'en:vegetarian-status-unknown']",,,other,no,,50.0,Moderately Biodegradable,non_food,kundan.kumar,non_food
8901030859571.0,vaheed,en:yfjho,ty hi vj,[],,unknown,other,no,,40.0,Moderately Biodegradable,non_food,vaheed,non_food
8901331003109.0,6360933136,,,[],,unknown,other,no,,30.0,Non Biodegradable,non_food,6360933136,non_food
8904109402012.0,Patanjali Divya Jal,"Waters,Drinking water",Plastic,"['en:palm-oil-free', 'en:vegan-status-unknown', 'en:vegetarian-status-unknown']",,,other,no,,30.0,Non Biodegradable,non_food,patanjali divya jal,non_food
8908008252242.0,Premium Jaggery pieces,"Jaggery, en:sugars",Plastic,"['en:palm-oil-free', 'en:vegan', 'en:vegetarian']",81.0,a,other,no,81.0,38.1,Non Biodegradable,non_food,premium jaggery pieces,non_food
8901030766381.0,bluetooth speaker,,,[],,unknown,other,no,,30.0,Non Biodegradable,non_food,bluetooth speaker,non_food
8901716110620.0,mahabub Hasan,,,[],,unknown,other,no,,30.0,Non Biodegradable,non_food,mahabub hasan,non_food
8902080364343.0,Mountain dew 2ltr,Beverages,,"['en:palm-oil-content-unknown', 'en:vegan-status-unknown', 'en:vegetarian']",,,other,no,,40.0,Moderately Biodegradable,non_food,mountain dew 2ltr,non_food
8903285074860.0,hinbi,,,[],,unknown,other,no,,30.0,Non Biodegradable,non_food,hinbi,non_food
8906031053270.0,P40 DSR,,hi,[],,unknown,other,no,,40.0,Moderately Biodegradable,non_food,p40 dsr,non_food
8901063342033.0,britannia bread,"Plant-based foods and beverages,Plant-based foods,Cereals and potatoes,Breads",,[],,,other,no,,30.0,Non Biodegradable,non_food,britannia bread,non_food
8904221699291.0,Protein powder,,,[],,unknown,other,no,,30.0,Non Biodegradable,spices,protein powder,protein
8902080204342.0,Pepsi Brand Mirinda orange flv 2ltr,"Plant-based foods and beverages, Beverages, Plant-based beverages, Carbonated drinks, Fruit-based beverages, Sodas, Fruit sodas, Sweetened beverages",,"['en:palm-oil-content-unknown', 'en:vegan-status-unknown', 'en:vegetarian-status-unknown']",,,other,no,,40.0,Moderately Biodegradable,non_food,pepsi brand mirinda orange flv 2ltr,non_food
8904027306287.0,rahul,,,"['en:palm-oil-content-unknown', 'en:vegan-status-unknown', 'en:vegetarian-status-unknown']",,unknown,other,no,,40.0,Moderately Biodegradable,non_food,rahul,non_food
8901764042300.0,Thums Up (Coca-Cola),"Beverages,Carbonated drinks,Sodas,Colas,Sweetened beverages",,"['en:palm-oil-content-unknown', 'en:vegan-status-unknown', 'en:vegetarian-status-unknown']",,,beverage,no,,40.0,Moderately Biodegradable,beverage,thums up (coca-cola),beverage
8906005500014.0,bikaji bhujia,en:Snacks,plastic,"['en:palm-oil-content-unknown', 'en:vegan-status-unknown', 'en:vegetarian-status-unknown']",,unknown,other,no,,30.0,Non Biodegradable,non_food,bikaji bhujia,non_food
8906020491939.0,Milk Cake,,,[],,unknown,dairy,no,,30.0,Non Biodegradable,dairy,milk cake,dairy
8902080000227.0,Sting Energy,"Beverages, Energy drinks, Energy drink with sugar",,"['en:palm-oil-content-unknown', 'en:vegan-status-unknown', 'en:vegetarian-status-unknown']",,,other,no,,40.0,Moderately Biodegradable,beverage,sting energy,beverage
8901764092152.0,Maaza Original 1.75ltr,"Beverages, en:sweetened-beverages",,[],,,other,no,,30.0,Non Biodegradable,non_food,maaza original 1.75ltr,non_food
8906007280952.0,Fortune premium kachi ghani pure mustard oil,"Plant-based foods and beverages, Plant-based foods, Fats, Vegetable fats, Vegetable oils, Mustard oils",Plastic,"['en:may-contain-palm-oil', 'en:vegan', 'en:vegetarian']",,unknown,other,no,,30.0,Non Biodegradable,non_food,fortune premium kachi ghani pure mustard oil,non_food
8906013031159.0,Noodle snack,,,[],,unknown,snack,no,,30.0,Non Biodegradable,snack,noodle snack,snack
8908009186461.0,SPORT EVOLVE PERFORMANCE PLANT PROTEIN -TROPICAL MANGO,"Dietary supplements,Bodybuilding supplements,Protein powders",,[],,unknown,other,no,,30.0,Non Biodegradable,non_food,sport evolve performance plant protein -tropical mango,non_food
8906024450659.0,Refreshing Green Tea Morocan Mint,,,[],,unknown,beverage,no,,30.0,Non Biodegradable,beverage,refreshing green tea morocan mint,beverage
8904079902048.0,SULTAN,,,[],,unknown,other,no,,30.0,Non Biodegradable,non_food,sultan,non_food
8902102197430.0,uday Das,"Plant-based foods and beverages, Plant-based foods, Cereals and potatoes",,[],,unknown,other,no,,30.0,Non Biodegradable,non_food,uday das,non_food
8906014762410.0,tel,,,[],,unknown,other,no,,30.0,Non Biodegradable,non_food,tel,non_food
8901030866876.0,si,,,[],,unknown,other,no,,30.0,Non Biodegradable,non_food,si,non_food
8906140970871.0,High protein paneer,,,[],,unknown,dairy,no,,30.0,Non Biodegradable,dairy,high protein paneer,dairy
8908013421244.0,Al-Azawi Dates,en:dates,,['en:vegetarian'],,,other,no,,35.0,Non Biodegradable,non_food,al-azawi dates,non_food
8901928023701.0,Bisk Fram Eat-Fit Biscuts,,,[],,,other,no,,30.0,Non Biodegradable,other_food,bisk fram eat-fit biscuts,other
8906076131698.0,Sourdough. Pav,,,[],,,other,no,,30.0,Non Biodegradable,non_food,sourdough. pav,non_food
8901786540501.0,Everest Rajma Masala,,paper,[],,unknown,other,yes,,90.0,Highly Biodegradable,spices,everest rajma masala,spices
8906133400477.0,Vegain,,,"['en:may-contain-palm-oil', 'en:vegan-status-unknown', 'en:vegetarian-status-unknown']",,unknown,other,no,,40.0,Moderately Biodegradable,non_food,vegain,non_food
8902080404117.0,slice,cold drinks,,"['en:palm-oil-content-unknown', 'en:vegan-status-unknown', 'en:vegetarian-status-unknown']",,,other,no,,40.0,Moderately Biodegradable,non_food,slice,non_food
8906069400657.0,Sriracha,,,['en:vegetarian'],,,other,no,,35.0,Non Biodegradable,non_food,sriracha,non_food
8904083100485.0,Chicken breast,,,[],,unknown,other,no,,30.0,Non Biodegradable,non_food,chicken breast,non_food
8901491001038.0,Lays Spanish 50,"Plant-based foods and beverages, Plant-based foods, Snacks, Cereals and potatoes, Salty snacks, Appetizers, Chips and fries, Crisps, Potato crisps",,[],68.0,b,other,no,68.0,36.8,Non Biodegradable,non_food,lays spanish 50,snack
8901088116275.0,meena,en:free fire,chandu,[],,unknown,other,no,,40.0,Moderately Biodegradable,non_food,meena,non_food
8906080601934.0,Swing Juicier Drink Yummy Guava,"Beverages and beverages preparations,Plant-based foods and beverages,Beverages,Plant-based beverages,Fruit-based beverages,Juices and nectars,Fruit juices,Guava Juices",,"['en:palm-oil-content-unknown', 'en:vegan-status-unknown', 'en:vegetarian']",25.0,e,beverage,no,25.0,42.5,Moderately Biodegradable,beverage,swing juicier drink yummy guava,beverage
8908000369023.0,namak,,namak,[],,unknown,other,no,,40.0,Moderately Biodegradable,non_food,namak,non_food
8901058872880.0,Masala vag atta noodles,"Plant-based foods and beverages, Plant-based foods, Dried products, Pastas, Dried products to be rehydrated, Noodles, Instant noodles, Whole Wheat Noodles",plastic,[],67.0,b,other,no,67.0,26.7,Non Biodegradable,grain,masala vag atta noodles,spices
8906088694501.0,Sei White Tea,,,[],,unknown,beverage,no,,30.0,Non Biodegradable,beverage,sei white tea,beverage
8901262152945.0,Protein Lassi - Mango flavour,"Beverages, Dairies, Fermented foods, Desserts, Fermented milk products, Dairy desserts, Dairy drinks, Fermented dairy desserts, Fermented drinks, Fermented milk drinks, Yogurts, Drinkable yogurts","Paper,plastic,tetrapak","['en:palm-oil-content-unknown', 'en:non-vegan', 'en:vegetarian']",,,other,yes,,100.0,Highly Biodegradable,dairy,protein lassi - mango flavour,dairy
8901063142466.0,Nutri Choice Digestive,"Snacks, Sweet snacks, Biscuits and cakes, Biscuits",Plastic,"['en:palm-oil', 'en:non-vegan', 'en:vegetarian-status-unknown']",,,other,no,,30.0,Non Biodegradable,non_food,nutri choice digestive,non_food
8906142021038.0,Plix fit and slim smoothie chocolate,,,[],,unknown,beverage,no,,30.0,Non Biodegradable,beverage,plix fit and slim smoothie chocolate,confectionery
8901014000159.0,nissin,en:crisps,,[],,,other,no,,30.0,Non Biodegradable,non_food,nissin,non_food
8904063211392.0,Fried Rice with Chilli Paneer,,,[],,unknown,dairy,no,,30.0,Non Biodegradable,dairy,fried rice with chilli paneer,dairy
8901058890709.0,maggie masala chuppa noodles,en:instant-noodles,,"['en:palm-oil', 'en:vegan-status-unknown', 'en:vegetarian-status-unknown']",,,other,no,,40.0,Moderately Biodegradable,spices,maggie masala chuppa noodles,spices
8901153008757.0,Karmiq kaju,,,[],,,other,no,,30.0,Non Biodegradable,non_food,karmiq kaju,non_food
8901153039874.0,Golden harvest dates,Dates,,"['en:palm-oil-free', 'en:vegan', 'en:vegetarian']",49.0,c,other,no,49.0,44.9,Moderately Biodegradable,non_food,golden harvest dates,non_food
8906128670380.0,Protein,,,[],,unknown,other,no,,30.0,Non Biodegradable,non_food,protein,non_food
8901153008764.0,Karmiq 500g,,,[],,unknown,other,no,,30.0,Non Biodegradable,non_food,karmiq 500g,non_food
8908016314727.0,rok n roll,,,[],,unknown,other,no,,30.0,Non Biodegradable,non_food,rok n roll,non_food
8904192215902.0,Rice cakes mix masala,,,[],,unknown,other,no,,30.0,Non Biodegradable,grain,rice cakes mix masala,spices
8906059635014.0,Greek Yogurt Mango Flavour,"Dairies,Fermented foods,Fermented milk products,Desserts,Dairy desserts,Fermented dairy desserts,Yogurts,Greek-style yogurts",,[],,,dairy,no,,30.0,Non Biodegradable,dairy,greek yogurt mango flavour,dairy
8901052010615.0,Premium,"Plant-based foods and beverages, Beverages, Hot beverages, Plant-based beverages, Teas, Tea-based beverages, Vegetarian",,[],,,other,no,,30.0,Non Biodegradable,non_food,premium,non_food
8901537077485.0,Daawat Cuppa Rice Rajma Chawal,,,[],,unknown,other,no,,30.0,Non Biodegradable,grain,daawat cuppa rice rajma chawal,grain
8901928292008.0,Sugar free,,,[],,,other,no,,30.0,Non Biodegradable,non_food,sugar free,non_food
8901153023200.0,Treasty treat wafer,,,[],,unknown,other,no,,30.0,Non Biodegradable,other_food,treasty treat wafer,other
8901725101374.0,Dark fantasy buy3 get1,Biscuit (cookie) snack w chocolate filling,,[],,,other,no,,30.0,Non Biodegradable,non_food,dark fantasy buy3 get1,non_food
8901153005398.0,Burbon,,,[],,unknown,other,no,,30.0,Non Biodegradable,non_food,burbon,non_food
8901014003181.0,top ramn,"Plant-based foods and beverages, Plant-based foods, Dried products, Pastas, Dried products to be rehydrated, Noodles, Instant noodles",,"['en:palm-oil', 'en:vegan-status-unknown', 'en:vegetarian']",,,other,no,,40.0,Moderately Biodegradable,non_food,top ramn,non_food
8901725115654.0,Sunfeast yippee 70g,,,[],,unknown,other,no,,30.0,Non Biodegradable,non_food,sunfeast yippee 70g,non_food
8901725181673.0,Sunfeast yippee 280g,,,[],,unknown,other,no,,30.0,Non Biodegradable,non_food,sunfeast yippee 280g,non_food
8901721000022.0,Prabhakar bhujia 200gm,,,[],,,other,no,,30.0,Non Biodegradable,non_food,prabhakar bhujia 200gm,non_food
8906009070834.0,Unibic cashew badam cookies 500g,Biscuits,,"['en:palm-oil', 'en:non-vegan', 'en:vegetarian-status-unknown']",,,snack,no,,40.0,Moderately Biodegradable,snack,unibic cashew badam cookies 500g,confectionery
8901153007347.0,Tasty treat 600g,,,[],,unknown,other,no,,30.0,Non Biodegradable,other_food,tasty treat 600g,other
8906009070759.0,Milk Cookies,en:biscuits,,[],,,dairy,no,,30.0,Non Biodegradable,snack,milk cookies,dairy
8906009079813.0,Choco Chip Cookies,,,[],,,snack,no,,30.0,Non Biodegradable,snack,choco chip cookies,snack
8906009070636.0,Fruit & Nut Cookies,en:biscuits,,[],,,snack,no,,30.0,Non Biodegradable,snack,fruit & nut cookies,confectionery
8901153005442.0,Tasty treat butter cookies 300g,,,[],,unknown,dairy,no,,30.0,Non Biodegradable,snack,tasty treat butter cookies 300g,dairy
8901012350041.0,ORSL Plus Electrolyte Drink Orange,"Aliments et boissons à base de végétaux,Boissons,Boissons à base de végétaux,Boissons gazeuses,Boissons aux fruits,Sodas,Sodas aux fruits,Boissons énergisantes,Sodas à l'orange,Boissons avec sucre ajouté",,"['en:palm-oil-free', 'en:vegan-status-unknown', 'en:vegetarian']",,not-applicable,beverage,no,,40.0,Moderately Biodegradable,beverage,orsl plus electrolyte drink orange,beverage
8906001720171.0,VRS FOODS LTD,,,[],,unknown,other,no,,30.0,Non Biodegradable,other_food,vrs foods ltd,other
8906069400640.0,Peri Peri Sauce,"Condiments, Sauces",,[],,,other,no,,30.0,Non Biodegradable,condiment,peri peri sauce,sauce_condiment
8901725121754.0,Aashirvaad,"Plant-based foods and beverages, Plant-based foods, Cereals and potatoes, Cereals and their products, Flours, Cereal flours, Wheat flours, Common wheat flours, en:wheats",,"['en:palm-oil-free', 'en:vegan', 'en:vegetarian']",,,other,no,,40.0,Moderately Biodegradable,non_food,aashirvaad,non_food
8906002487370.0,Boomer Jelly,,,[],,unknown,other,no,,30.0,Non Biodegradable,non_food,boomer jelly,non_food
8906040980673.0,natural sugar,,,[],,unknown,other,no,,30.0,Non Biodegradable,non_food,natural sugar,non_food
8901207032158.0,Litchi,,,[],,unknown,other,no,,30.0,Non Biodegradable,non_food,litchi,non_food
8906006722194.0,Arabian dates,dates,,"['en:palm-oil-free', 'en:vegan', 'en:vegetarian']",,,other,no,,40.0,Moderately Biodegradable,non_food,arabian dates,non_food
8904296908557.0,Rice crisps,,,[],,unknown,other,no,,30.0,Non Biodegradable,grain,rice crisps,snack
8906046850697.0,Mount Blue Bread Sticks,"Plant-based foods and beverages,Plant-based foods,Cereals and potatoes,Breads",,[],,unknown,other,no,,30.0,Non Biodegradable,non_food,mount blue bread sticks,non_food
8901071732413.0,Milk shake chocolate flavour 180ml,"Beverages and beverages preparations, Beverages, Dairies, Dairy drinks, Flavoured milks, Milkshakes, en:milks",paper,"['en:palm-oil-content-unknown', 'en:non-vegan', 'en:vegetarian-status-unknown']",,,dairy,yes,,100.0,Highly Biodegradable,beverage,milk shake chocolate flavour 180ml,dairy
8901030784378.0,19,,hhhg,[],,unknown,other,no,,40.0,Moderately Biodegradable,non_food,19,non_food
8901030829833.0,ashish,,,[],,unknown,other,no,,30.0,Non Biodegradable,non_food,ashish,non_food
8908015044045.0,aman kumar,en:hhggc,ghgdgv,[],,unknown,other,no,,40.0,Moderately Biodegradable,non_food,aman kumar,non_food
8906006854031.0,Chocobar chocoholic,,,[],,unknown,other,no,,30.0,Non Biodegradable,confectionery,chocobar chocoholic,confectionery
8901725000493.0,biswajit barik,,ok,[],,unknown,other,no,,40.0,Moderately Biodegradable,confectionery,biswajit barik,confectionery
8908005846024.0,soail sk,,,[],,unknown,other,no,,30.0,Non Biodegradable,non_food,soail sk,non_food
8906067026996.0,Protein Peanut Butter,Peanut butters,,['en:vegetarian'],35.0,d,dairy,no,35.0,38.5,Non Biodegradable,dairy,protein peanut butter,dairy
8908001927116.0,Tofu,"Aliments et boissons à base de végétaux, Aliments d'origine végétale, Légumineuses et dérivés, Alternatives à la viande, Tofu, Tofu nature",,[],77.0,a,other,no,77.0,37.7,Non Biodegradable,non_food,tofu,non_food
89009550.0,hii b di KH do,Jdhh,KH dub,[],,unknown,other,no,,40.0,Moderately Biodegradable,non_food,hii b di kh do,non_food
8901512540201.0,ACT TT GOlDEN SIZZLE,Popcorn,,"['en:palm-oil', 'en:vegan-status-unknown', 'en:vegetarian-status-unknown']",,,other,no,,40.0,Moderately Biodegradable,non_food,act tt golden sizzle,non_food
8901016200021.0,Gamini,,,"['en:palm-oil-content-unknown', 'en:vegan-status-unknown', 'en:vegetarian-status-unknown']",,unknown,other,no,,40.0,Moderately Biodegradable,non_food,gamini,non_food
8901063363281.0,Roll Yo!,,,[],,,other,no,,30.0,Non Biodegradable,non_food,roll yo!,non_food
8906046850703.0,Mount Blue Bread Sticks Whole Wheat Sesame,"Plant-based foods and beverages,Plant-based foods,Cereals and potatoes,Breads",,['en:vegetarian'],,unknown,other,no,,35.0,Non Biodegradable,grain,mount blue bread sticks whole wheat sesame,grain
8901499009722.0,Crunchy Granola Almonds and Cranberries,,,[],,,other,no,,30.0,Non Biodegradable,non_food,crunchy granola almonds and cranberries,non_food
8901764022708.0,Drink,,,[],,unknown,beverage,no,,30.0,Non Biodegradable,beverage,drink,beverage
8901393018943.0,happydent,"Snacks, Sweet snacks, Confectioneries, Chewing gum, Sugar-free chewing gum",,"['en:palm-oil-content-unknown', 'en:vegan-status-unknown', 'en:vegetarian']",,unknown,other,no,,40.0,Moderately Biodegradable,non_food,happydent,non_food
8901764022401.0,Fanta Orange Flv 2L,"Beverages, Carbonated drinks, Sodas, en:sweetened-beverages",,"['en:palm-oil-content-unknown', 'en:vegan-status-unknown', 'en:vegetarian-status-unknown']",,,other,no,,40.0,Moderately Biodegradable,non_food,fanta orange flv 2l,non_food
8901030887123.0,Orange Squash,,,[],,unknown,other,no,,30.0,Non Biodegradable,non_food,orange squash,non_food
8908006646265.0,Mr Makhana Lime & Chilli Popped Lotus Seeds,"Plant-based foods and beverages,Plant-based foods,Nuts and their products,Nuts",,"['en:palm-oil-content-unknown', 'en:vegan-status-unknown', 'en:vegetarian']",,,other,no,,40.0,Moderately Biodegradable,non_food,mr makhana lime & chilli popped lotus seeds,non_food
8908013982646.0,Lahori Zeera,"Beverages and beverages preparations, Beverages, Carbonated drinks, Carbonated fruit soft drink, en:sodas",,"['en:palm-oil-content-unknown', 'en:vegan-status-unknown', 'en:vegetarian']",,not-applicable,other,no,,40.0,Moderately Biodegradable,non_food,lahori zeera,non_food
8901719117060.0,Rol a cola,,,[],,unknown,beverage,no,,30.0,Non Biodegradable,beverage,rol a cola,beverage
8904296903101.0,Lemon pickle,en:plant-based-pickles,,[],,unknown,other,no,,30.0,Non Biodegradable,non_food,lemon pickle,non_food
8904057303454.0,Strawberry & Mango Duet,"Desserts, Frozen foods, Frozen desserts",palstic,[],,unknown,other,no,,40.0,Moderately Biodegradable,non_food,strawberry & mango duet,non_food
8901058891447.0,Maagi,,,[],,unknown,other,no,,30.0,Non Biodegradable,non_food,maagi,non_food
8901725119508.0,Chat at matar,,,[],,unknown,other,no,,30.0,Non Biodegradable,non_food,chat at matar,non_food
8908009419774.0,Savoriz,"Plant-based foods and beverages, Snacks, Sweet snacks, Viennoiseries, Filled croissants, Puff roll",Plastic,"['en:palm-oil', 'en:non-vegan', 'en:vegetarian-status-unknown']",,unknown,other,no,,30.0,Non Biodegradable,non_food,savoriz,non_food
8906006310131.0,Jeera Masala,,,[],,unknown,other,no,,30.0,Non Biodegradable,spices,jeera masala,spices
8901063146334.0,Winkin Cow,,,[],,unknown,other,no,,30.0,Non Biodegradable,non_food,winkin cow,non_food
8908005077084.0,Honey Bell vanilla cake,en:cakes,,[],,unknown,other,no,,30.0,Non Biodegradable,non_food,honey bell vanilla cake,non_food
8906002770175.0,Classic Cold Coffee,"Plant-based foods and beverages, Beverages, Plant-based foods, Coffees, Cold coffee",Plastic bottle,"['en:palm-oil-free', 'en:vegan-status-unknown', 'en:vegetarian-status-unknown']",,unknown,beverage,no,,30.0,Non Biodegradable,beverage,classic cold coffee,dairy
8901764032400.0,Sprite Lemon Lime flv Coke Brand 2ltr,"Beverages, Carbonated drinks, Waters, Carbonated waters, en:sodas",plastic,"['en:palm-oil-content-unknown', 'en:vegan-status-unknown', 'en:vegetarian-status-unknown']",,not-applicable,other,no,,30.0,Non Biodegradable,non_food,sprite lemon lime flv coke brand 2ltr,non_food
8901063162327.0,Br Marie gold 10,"Snacks,Sweet snacks,Sweet pastries and pies,Viennoiseries",,"['en:palm-oil-free', 'en:vegan', 'en:vegetarian']",,unknown,other,no,,40.0,Moderately Biodegradable,non_food,br marie gold 10,non_food
8905863064416.0,Krombachers Fassbrause Zitrone,,,[],,unknown,other,no,,30.0,Non Biodegradable,non_food,krombachers fassbrause zitrone,non_food
8908017139176.0,Nutrela,,,[],,unknown,other,no,,30.0,Non Biodegradable,non_food,nutrela,non_food
8903662000451.0,suhel,9670185097,suhel,[],,unknown,other,no,,40.0,Moderately Biodegradable,non_food,suhel,non_food
8906015540147.0,Redchilli sauce,,,[],,,other,no,,30.0,Non Biodegradable,condiment,redchilli sauce,sauce_condiment
8904004401554.0,Masala Sev Murmura,"Fried Snacks,fried puffed rice",,['en:vegetarian'],,unknown,other,no,,35.0,Non Biodegradable,spices,masala sev murmura,spices
8906021061650.0,Molsis Zahidi Dates,"Snacks, Healthy",Plastic,"['en:palm-oil-content-unknown', 'en:vegan-status-unknown', 'en:vegetarian-status-unknown']",,unknown,other,no,,30.0,Non Biodegradable,non_food,molsis zahidi dates,non_food
8903285074280.0,zaid,"en:Meats and their products, en:Meats, en:Pork, en:Pork 90/10 trimming",8512,[],21.0,e,other,no,21.0,42.1,Moderately Biodegradable,non_food,zaid,non_food
8901764092107.0,Maaza 1.5L,,,[],,,other,no,,30.0,Non Biodegradable,non_food,maaza 1.5l,non_food
8906080602092.0,Swing Mixed Fruit Medley,"Plant-based foods and beverages,Beverages,Plant-based beverages,Fruit-based beverages,Juices and nectars,Fruit juices,beverages",,"['en:palm-oil-content-unknown', 'en:vegan-status-unknown', 'en:vegetarian']",,,other,no,,40.0,Moderately Biodegradable,non_food,swing mixed fruit medley,non_food
8901063325609.0,Toastea premium rusk,"Plant-based foods and beverages,Plant-based foods,Cereals and potatoes,Breads,Premium Bake Rusk,Toasted bread",Plastic,"['en:palm-oil', 'en:vegan-status-unknown', 'en:vegetarian']",,unknown,beverage,no,,30.0,Non Biodegradable,beverage,toastea premium rusk,beverage
8901725116071.0,All Rounder,"Snacks, Sweet snacks, Biscuits and cakes, Chatpata Masala, en:biscuits",Plastic,"['en:palm-oil', 'en:non-vegan', 'en:vegetarian-status-unknown']",45.0,c,other,no,45.0,34.5,Non Biodegradable,non_food,all rounder,non_food
8901063017481.0,50-50 Maska Chaska,"Snacks,Sweet snacks,Biscuits and cakes,Biscuits",Plastic,"['en:palm-oil-content-unknown', 'en:non-vegan', 'en:vegetarian-status-unknown']",55.0,c,other,no,55.0,35.5,Non Biodegradable,non_food,50-50 maska chaska,non_food
8908000861336.0,Sago ball,,,[],,unknown,other,no,,30.0,Non Biodegradable,non_food,sago ball,non_food
8902080205028.0,Mirinda 300ml can,,5 /4/2022,[],,unknown,other,no,,40.0,Moderately Biodegradable,non_food,mirinda 300ml can,non_food
8902710100471.0,Steel cut oats,,,[],,unknown,other,no,,30.0,Non Biodegradable,cereal,steel cut oats,cereal
8901499008176.0,Kelloggs Corn Flakes,"Plant-based foods and beverages,Plant-based foods,Breakfasts,Cereals and potatoes,Cereals and their products,Breakfast cereals,Flakes,Cereal flakes,Extruded cereals,Extruded flakes,Corn flakes","Plastic,plastic cover,Recycled paper","['en:palm-oil-free', 'en:vegan-status-unknown', 'en:vegetarian-status-unknown']",,,other,yes,,100.0,Highly Biodegradable,cereal,kelloggs corn flakes,cereal
8901063029170.0,Treat Jimjam,,,[],,unknown,other,no,,30.0,Non Biodegradable,other_food,treat jimjam,other
8908010900070.0,Pintola all natural peanut butter (crunchy),"Plant-based foods and beverages,Plant-based foods,Legumes and their products,Spreads,Nuts and their products,Plant-based spreads,Oilseed purees,Legume butters,Nut butters,Peanut butters,Crunchy peanut butters",,"['en:palm-oil-content-unknown', 'en:vegan-status-unknown', 'en:vegetarian-status-unknown']",,,dairy,no,,40.0,Moderately Biodegradable,dairy,pintola all natural peanut butter (crunchy),dairy
8901030080319.0,Bru original,,,[],,unknown,other,no,,30.0,Non Biodegradable,non_food,bru original,non_food
8901764012501.0,Coke Brand Coca Cola 2ltr,"Beverages, Carbonated drinks, Sodas, Colas, 200, en:sweetened-beverages",,"['en:palm-oil-content-unknown', 'en:vegan-status-unknown', 'en:vegetarian-status-unknown']",,,beverage,no,,40.0,Moderately Biodegradable,beverage,coke brand coca cola 2ltr,beverage
8901058900194.0,2 minute noodle,,,[],,,other,no,,30.0,Non Biodegradable,non_food,2 minute noodle,non_food
8901117252486.0,Maxirich Multivitamin,,,[],,unknown,other,no,,30.0,Non Biodegradable,non_food,maxirich multivitamin,non_food
8901030406256.0,tea,,,[],,unknown,beverage,no,,30.0,Non Biodegradable,beverage,tea,beverage
8901095900089.0,tea masala,,,[],,unknown,beverage,no,,30.0,Non Biodegradable,beverage,tea masala,spices
8901393019452.0,Happydent Gum,"Snacks,Sweet snacks,Confectioneries,Chewing gum,Sugar-free chewing gum",,"['en:palm-oil-free', 'en:non-vegan', 'en:maybe-vegetarian']",,,other,no,,40.0,Moderately Biodegradable,non_food,happydent gum,non_food
8904067706894.0,green peas onion garlic,,,"['en:palm-oil', 'en:vegan-status-unknown', 'en:vegetarian-status-unknown']",,unknown,other,no,,40.0,Moderately Biodegradable,non_food,green peas onion garlic,non_food
8901030831690.0,kissan mixed fruit jam,"Plant-based foods and beverages,Plant-based foods,Breakfasts,Spreads,Plant-based spreads,Sweet spreads,Fruit and vegetable preserves,Jams,Tropical fruit jams",,"['en:palm-oil-free', 'en:vegan-status-unknown', 'en:vegetarian-status-unknown']",,,other,no,,40.0,Moderately Biodegradable,non_food,kissan mixed fruit jam,non_food
8904083303039.0,Curd,,,[],,,dairy,no,,30.0,Non Biodegradable,dairy,curd,dairy
8901512144706.0,Peanut Butter Regular Creamy,"Plant-based foods and beverages,Plant-based foods,Legumes and their products,Spreads,Nuts and their products,Plant-based spreads,Oilseed purees,Legume butters,Nut butters,Peanut butters","Plastic,Jar","['en:may-contain-palm-oil', 'en:vegan-status-unknown', 'en:vegetarian']",,,dairy,no,,30.0,Non Biodegradable,dairy,peanut butter regular creamy,dairy
8906002482054.0,Snikers value pack of 3 45g each,,,[],,unknown,other,no,,30.0,Non Biodegradable,non_food,snikers value pack of 3 45g each,non_food
8901262071864.0,99% Cacao Ultimate Dark Chocolate,"Snacks,Sweet snacks,Cocoa and its products,Chocolates,Dark chocolates,Dark chocolate bar",Cardboard,"['en:palm-oil-content-unknown', 'en:vegan-status-unknown', 'en:vegetarian']",,,beverage,yes,,100.0,Highly Biodegradable,beverage,99% cacao ultimate dark chocolate,confectionery
8901491502023.0,Lay's - India's Magic Masala,"Plant-based foods and beverages, Plant-based foods, Snacks, Cereals and potatoes, Salty snacks, Appetizers, Chips and fries, Crisps, Potato crisps, Flavoured potato crisps",,"['en:palm-oil', 'en:vegan-status-unknown', 'en:vegetarian-status-unknown']",58.0,c,other,no,58.0,45.8,Moderately Biodegradable,spices,lay's - india's magic masala,spices
8901499010452.0,Kellogg's muesli crunchy fruit,"Plant-based foods and beverages,Plant-based foods,Breakfasts,Cereals and potatoes,Cereals and their products,Breakfast cereals,Cereals with fruits,Mueslis,Mueslis with fruits",,[],,,other,no,,30.0,Non Biodegradable,cereal,kellogg's muesli crunchy fruit,cereal
8906065166007.0,Farmland frozen green peas,"Plant-based foods and beverages,Plant-based foods,Fruits and vegetables based foods,Legumes and their products,Legumes,Vegetables based foods,Frozen foods,Vegetables,Frozen plant-based foods,Frozen legumes,Frozen vegetables,Green peas,Frozen green peas",plastic,"['en:palm-oil-content-unknown', 'en:vegan-status-unknown', 'en:vegetarian']",79.0,a,other,no,79.0,37.9,Non Biodegradable,non_food,farmland frozen green peas,non_food
8901414000827.0,Navratan mixture,snacks,,"['en:palm-oil', 'en:vegan-status-unknown', 'en:vegetarian-status-unknown']",,,other,no,,40.0,Moderately Biodegradable,non_food,navratan mixture,non_food
8901058893083.0,Rich Tomato Ketchup,,,[],,unknown,other,no,,30.0,Non Biodegradable,condiment,rich tomato ketchup,sauce_condiment
8901071359023.0,Soya Drink Vanilla Flavour,"Plant-based foods and beverages, Beverages, Plant-based foods, Legumes and their products, Dairy substitutes, Milk substitutes, Plant-based beverages, Plant-based milk alternatives, Legume-based drinks, Soy-based drinks, Vanilla soy-based drinks","Tetra Pak,Container","['en:palm-oil-content-unknown', 'en:vegan', 'en:vegetarian']",70.0,b,beverage,no,70.0,57.0,Moderately Biodegradable,beverage,soya drink vanilla flavour,grain
8908004010822.0,"Karachi'S Fruit Biscuits, Karachi'S Fruit","Fruit biscuits, Biscuits and crackers, Biscuits",,"['en:palm-oil', 'en:non-vegan', 'en:vegetarian-status-unknown']",,,snack,no,,40.0,Moderately Biodegradable,snack,"karachi's fruit biscuits, karachi's fruit",confectionery
8906009804675.0,Milk Blast,,,[],,unknown,dairy,no,,30.0,Non Biodegradable,dairy,milk blast,dairy
8901725113544.0,Glouse,"Snacks,Sweet snacks,Biscuits and cakes,Biscuits",,[],,,other,no,,30.0,Non Biodegradable,non_food,glouse,non_food
8901207021220.0,real apple juice,1l,paper,"['en:palm-oil-free', 'en:vegan-status-unknown', 'en:vegetarian-status-unknown']",,,beverage,yes,,100.0,Highly Biodegradable,beverage,real apple juice,beverage
8901725133979.0,"Sunfeast Dark Fantasy Bourbon, Classic Biscuit","Snacks, Sweet snacks, Biscuits and cakes, Biscuits, Chocolate biscuits, Filled biscuits, Sandwich biscuits",Plastic,"['en:palm-oil', 'en:non-vegan', 'en:vegetarian-status-unknown']",,,snack,no,,30.0,Non Biodegradable,snack,"sunfeast dark fantasy bourbon, classic biscuit",dairy
8906002770182.0,cothas vanila milkshake,,,[],,unknown,dairy,no,,30.0,Non Biodegradable,dairy,cothas vanila milkshake,dairy
8906006721753.0,Layina Dates,"Plant-based foods and beverages,Plant-based foods,Fruits and vegetables based foods,Fruits based foods,Fruits,Dates",,"['en:palm-oil-free', 'en:vegan', 'en:vegetarian']",,,other,no,,40.0,Moderately Biodegradable,non_food,layina dates,non_food
8908013479139.0,The Whole Truth Bar Cranberry,"Snacks,Sweet snacks,Bars,Dietary supplements,Bodybuilding supplements,Protein bars",,[],,unknown,other,no,,30.0,Non Biodegradable,confectionery,the whole truth bar cranberry,confectionery
8901058890020.0,Pazzta Masala Penne,"Plant-based foods and beverages,Plant-based foods,Pastas",plastic,"['en:palm-oil-content-unknown', 'en:vegan-status-unknown', 'en:vegetarian-status-unknown']",,unknown,other,no,,30.0,Non Biodegradable,spices,pazzta masala penne,spices
8906016781129.0,Desi Ghee,"Produits laitiers, Matières grasses, Produits à tartiner, Matières grasses à tartiner, Matières grasses animales, Produits laitiers à tartiner, Matière grasse laitière, Beurres, Matière grasse de beurre, Beurre clarifié, Ghi",,"['en:palm-oil-free', 'en:non-vegan', 'en:vegetarian']",,,other,no,,40.0,Moderately Biodegradable,dairy,desi ghee,dairy
8901058898705.0,Koko Krunch,,,[],,unknown,other,no,,30.0,Non Biodegradable,non_food,koko krunch,non_food
8906065793227.0,Mr noodles,,,[],,unknown,other,no,,30.0,Non Biodegradable,non_food,mr noodles,non_food
8901725135218.0,sunfeast yippe,"Meals, Pasta dishes, Instant pasta",,"['en:palm-oil', 'en:non-vegan', 'en:vegetarian']",,,other,no,,40.0,Moderately Biodegradable,non_food,sunfeast yippe,non_food
8901063032323.0,Treat Cream Wafers,,,[],,unknown,cosmetic,no,,30.0,Non Biodegradable,snack,treat cream wafers,snack
8901491001120.0,Lays american style cream and onion,"Snacks, en:potato-crisps",plastic,[],73.0,b,cosmetic,no,73.0,27.3,Non Biodegradable,cosmetic,lays american style cream and onion,snack
8901071701952.0,Hershy's Kisses cookies 'n' creme,Chocolate Sculptures,,"['en:palm-oil', 'en:non-vegan', 'en:vegetarian-status-unknown']",,unknown,snack,no,,40.0,Moderately Biodegradable,snack,hershy's kisses cookies 'n' creme,confectionery
8904075603550.0,Chat Masala,"Condiments,Sauces,Indian-sauces,Tikka masala sauce",paper,"['en:palm-oil-content-unknown', 'en:vegan-status-unknown', 'en:vegetarian']",,,other,yes,,100.0,Highly Biodegradable,spices,chat masala,spices
8901030820014.0,Juniors Horlicks Vanilla flavour 500g Pet,en:sweetened-beverages,,[],,,other,no,,30.0,Non Biodegradable,non_food,juniors horlicks vanilla flavour 500g pet,non_food
8901491981538.0,Lay’s Chile Limon,Snacks,,[],,unknown,other,no,,30.0,Non Biodegradable,non_food,lay’s chile limon,non_food
8908005573203.0,Aloevera pulp & juice,"Plant-based foods and beverages, Beverages, Plant-based beverages, Fruit-based beverages, Aloe Vera drinks",Plastic,"['en:palm-oil-content-unknown', 'en:vegan-status-unknown', 'en:vegetarian']",49.0,c,beverage,no,49.0,34.9,Non Biodegradable,beverage,aloevera pulp & juice,beverage
8906064651474.0,Cheesy Sauce,"Dairies, Fermented foods, Condiments, Fermented milk products, Spreads, Cheeses, Salted spreads, Sauces, Cheese sauces, Cheese spreads","Plastic,Tube","['en:palm-oil-free', 'en:non-vegan', 'en:vegetarian']",,,other,no,,30.0,Non Biodegradable,condiment,cheesy sauce,sauce_condiment
8904071700192.0,Golden potato chips,en:potato-crisps,,[],,,snack,no,,30.0,Non Biodegradable,snack,golden potato chips,snack
8901058891430.0,2-minutes masala noodles,"Plant-based foods and beverages, Plant-based foods, Pastas, Noodles, Whole Wheat Noodles",plastic,"['en:palm-oil', 'en:vegan-status-unknown', 'en:vegetarian-status-unknown']",,,other,no,,30.0,Non Biodegradable,spices,2-minutes masala noodles,spices
8906002082452.0,Weet,,,[],,unknown,other,no,,30.0,Non Biodegradable,non_food,weet,non_food
8901725000523.0,yippee noodles,"Plant-based foods and beverages, Plant-based foods, Pastas, Noodles",,[],,unknown,other,no,,30.0,Non Biodegradable,non_food,yippee noodles,non_food
8901764052910.0,Limca,"Beverages and beverages preparations, Beverages, Carbonated drinks, Carbonated fruit soft drink, en:sodas",,"['en:palm-oil-content-unknown', 'en:vegan-status-unknown', 'en:vegetarian-status-unknown']",,,other,no,,40.0,Moderately Biodegradable,non_food,limca,non_food
8908008556692.0,Cookie man hand pund chocolate cookies,"Snacks, Sweet snacks, Biscuits and cakes, Biscuits, Chocolate biscuits, Drop cookies, Chocolate chip cookies",plastic,[],52.0,c,snack,no,52.0,25.2,Non Biodegradable,beverage,cookie man hand pund chocolate cookies,confectionery
8906102980764.0,Vitamin B12 supplement,,,[],,unknown,other,no,,30.0,Non Biodegradable,non_food,vitamin b12 supplement,non_food
8901725112653.0,Sunfeast Dark Fantasy Choco Nut Fills,,,[],,,other,no,,30.0,Non Biodegradable,non_food,sunfeast dark fantasy choco nut fills,non_food
8906069401111.0,Veeba peanut butter,Peanut butters,,"['en:vegan', 'en:vegetarian']",,,dairy,no,,40.0,Moderately Biodegradable,dairy,veeba peanut butter,dairy
8908005144168.0,Protien bar,Protein Energy Bars,,"['en:palm-oil-free', 'en:vegan-status-unknown', 'en:vegetarian-status-unknown']",,,other,no,,40.0,Moderately Biodegradable,confectionery,protien bar,confectionery
8906069411721.0,Fit mix,,,[],,unknown,other,no,,30.0,Non Biodegradable,non_food,fit mix,non_food
8901014004744.0,Cup Noodles Mazedaar Masala,"Noodles,Instant noodles",,"['en:palm-oil', 'en:vegan-status-unknown', 'en:vegetarian']",,,other,no,,40.0,Moderately Biodegradable,spices,cup noodles mazedaar masala,spices
8901030846304.0,Cadbury Crackle,"Desserts, Frozen foods, Frozen desserts, Ice creams and sorbets, Ice creams, Ice cream tubs, Chocolate ice cream tubs",plastic,"['en:palm-oil', 'en:non-vegan', 'en:vegetarian-status-unknown']",62.0,b,other,no,62.0,36.2,Non Biodegradable,non_food,cadbury crackle,non_food
8901491504782.0,West Indies hotn sweet chilli,Chips,,"['en:palm-oil', 'en:non-vegan', 'en:vegetarian-status-unknown']",,,other,no,,40.0,Moderately Biodegradable,confectionery,west indies hotn sweet chilli,confectionery
8901088050562.0,Saffola Oats,,,[],,unknown,other,no,,30.0,Non Biodegradable,cereal,saffola oats,cereal
8901030646225.0,green label bru,Green lables,coffee bru,[],,unknown,other,no,,40.0,Moderately Biodegradable,non_food,green label bru,non_food
8901542011702.0,Glucon D,,,"['en:palm-oil-free', 'en:vegan', 'en:vegetarian']",,unknown,other,no,,40.0,Moderately Biodegradable,non_food,glucon d,non_food
8901499010773.0,Chocos Moons and Stars,Extruded cereals,Plastic,"['en:palm-oil', 'en:vegan-status-unknown', 'en:vegetarian-status-unknown']",,,other,no,,30.0,Non Biodegradable,non_food,chocos moons and stars,non_food
8901030783234.0,sankalp,,,[],,unknown,other,no,,30.0,Non Biodegradable,non_food,sankalp,non_food
8901725001230.0,Sunfeast mango smoothie btl,"Plant-based foods and beverages, Beverages, Plant-based beverages, Smoothies, Fruit smoothies",plastic,"['en:palm-oil-free', 'en:non-vegan', 'en:vegetarian']",,,other,no,,30.0,Non Biodegradable,non_food,sunfeast mango smoothie btl,non_food
8901491363020.0,Chilli Chatka,,,[],,,other,no,,30.0,Non Biodegradable,non_food,chilli chatka,non_food
8906143440128.0,कोल्हापूरी दरबार चिकन ६५ मिक्स,,,[],,,other,no,,30.0,Non Biodegradable,non_food,कोल्हापूरी दरबार चिकन ६५ मिक्स,non_food
8908004740057.0,Potato chips Star,en:potato-crisps,,[],68.0,b,snack,no,68.0,36.8,Non Biodegradable,snack,potato chips star,snack
8901088043953.0,parachute oil,"Plant-based foods and beverages, Plant-based foods, Fats, Vegetable fats, Vegetable oils, Fruit and fruit seed oils, Coconut oils",,[],,unknown,other,no,,30.0,Non Biodegradable,non_food,parachute oil,non_food
8902080204021.0,Mirinda,"Beverages, Carbonated drinks, Waters, Sodas, Carbonated waters, Sweetened beverages",Plastic bottle,"['en:palm-oil-content-unknown', 'en:vegan-status-unknown', 'en:vegetarian']",,,other,no,,30.0,Non Biodegradable,non_food,mirinda,non_food
8901357000472.0,Hi-Tea,"Boissons et préparations de boissons,Aliments et boissons à base de végétaux,Boissons,Boissons chaudes,Boissons à base de végétaux,Thés",بلاستيك,"['en:palm-oil-content-unknown', 'en:vegan-status-unknown', 'en:vegetarian-status-unknown']",,,beverage,no,,50.0,Moderately Biodegradable,beverage,hi-tea,beverage
8906080602689.0,Paper boat mixed fruit medley 750ml pet,,,"['en:palm-oil-content-unknown', 'en:vegan-status-unknown', 'en:vegetarian-status-unknown']",,,other,no,,40.0,Moderately Biodegradable,non_food,paper boat mixed fruit medley 750ml pet,non_food
8901491702546.0,Oats multigrain,oats,,"['en:palm-oil-free', 'en:vegan', 'en:vegetarian']",66.0,b,other,no,66.0,46.6,Moderately Biodegradable,cereal,oats multigrain,cereal
8901302106563.0,Modigram LX,,paper,[],,unknown,other,yes,,90.0,Highly Biodegradable,non_food,modigram lx,non_food
8901764385155.0,Minute Maid Apple,"Plant-based foods and beverages, Beverages, Plant-based beverages, Fruit-based beverages",Paper based carton,"['en:palm-oil-content-unknown', 'en:vegan-status-unknown', 'en:vegetarian']",58.0,c,other,yes,58.0,100.0,Highly Biodegradable,non_food,minute maid apple,non_food
8902979051071.0,Rose Lassi,"Beverages, Dairies, Fermented foods, Fermented milk products, Dairy drinks, Fermented drinks, Fermented milk drinks, en:yogurt-drinks","Composites multicouches,Tetra Pak,en:Paper based Carton","['en:palm-oil-free', 'en:non-vegan', 'en:vegetarian']",,,other,yes,,100.0,Highly Biodegradable,dairy,rose lassi,dairy
8906010500870.0,BALAJI CREAM ONION,"Snacks, Sweet snacks, Biscuits and cakes, Biscuits and crackers, Biscuits, Wafers, en:crisps",,[],,,cosmetic,no,,30.0,Non Biodegradable,cosmetic,balaji cream onion,non_food
8903553190414.0,राम बंधू पापड मसाला,,,[],,unknown,other,no,,30.0,Non Biodegradable,non_food,राम बंधू पापड मसाला,non_food
8902080013296.0,Tropicana Orange Delight juice 1ltr,,,[],,,beverage,no,,30.0,Non Biodegradable,beverage,tropicana orange delight juice 1ltr,beverage
8901262152228.0,Amul kool elaichi 180ml,"Beverages, Dairies, Dairy drinks",plastic,"['en:palm-oil-content-unknown', 'en:non-vegan', 'en:vegetarian-status-unknown']",,,other,no,,30.0,Non Biodegradable,non_food,amul kool elaichi 180ml,non_food
8901262151658.0,Lassi Mango,,,[],,unknown,other,no,,30.0,Non Biodegradable,dairy,lassi mango,dairy
8906036673596.0,Nandini GoodLife Toned Milk,"Dairies, Milks, en:pasteurised-milks",,"['en:palm-oil-free', 'en:non-vegan', 'en:vegetarian']",,,dairy,no,,40.0,Moderately Biodegradable,dairy,nandini goodlife toned milk,dairy
8906002000876.0,Veg mayonnaise for burger,,,[],,,other,no,,30.0,Non Biodegradable,condiment,veg mayonnaise for burger,other
8904132913264.0,Snac tac Mango Jam,"Plant-based foods and beverages,Plant-based foods,Snacks,Breakfasts,Spreads,Sweet snacks,Confectioneries,Plant-based spreads,Sweet spreads,Fruit and vegetable preserves,Jams,Tropical fruit jams,Mango jams",plastic cup,"['en:palm-oil-content-unknown', 'en:vegan-status-unknown', 'en:vegetarian']",,,other,no,,30.0,Non Biodegradable,non_food,snac tac mango jam,non_food
8901246006189.0,Pizza and pasta sauce,"Condiments, Sauces, Pasta sauces, Pizza sauces",plastic pouch,"['en:palm-oil-free', 'en:non-vegan', 'en:vegetarian']",79.0,a,other,no,79.0,37.9,Non Biodegradable,condiment,pizza and pasta sauce,sauce_condiment
8908001105415.0,the Only Pizza mix,"Plant-based foods and beverages, Plant-based foods, Condiments, Spices, Spice Mix, Mixtures of herbs and spices, Pizza seasoning",Glass,"['en:palm-oil-free', 'en:vegan', 'en:vegetarian']",,,other,no,,60.0,Moderately Biodegradable,non_food,the only pizza mix,non_food
8904004410617.0,Orange Burfee,Sweets desserts,"Plastic,Paper","['en:palm-oil-free', 'en:non-vegan', 'en:vegetarian-status-unknown']",,,other,yes,,100.0,Highly Biodegradable,non_food,orange burfee,non_food
8908005144649.0,Muesli+ (Fruits + Nuts & Seeds),"Plant-based foods and beverages, Plant-based foods, Snacks, Breakfasts, Cereals and potatoes, Sweet snacks, Cereals and their products, Bars, Breakfast cereals, Mueslis, Dietary supplements, Bodybuilding supplements, Energy bars, Protein bars, Protein Energy Bars",,"['en:palm-oil-free', 'en:vegan-status-unknown', 'en:vegetarian-status-unknown']",,,other,no,,40.0,Moderately Biodegradable,cereal,muesli+ (fruits + nuts & seeds),cereal
8901491502054.0,Lay's West Indies' Hot 'n' Sweet Chilli,"Plant-based foods and beverages, Plant-based foods, Snacks, Cereals and potatoes, Salty snacks, Appetizers, Chips and fries, Crisps, Potato crisps",,"['en:palm-oil', 'en:non-vegan', 'en:vegetarian']",63.0,b,other,no,63.0,46.3,Moderately Biodegradable,confectionery,lay's west indies' hot 'n' sweet chilli,confectionery
8901014004737.0,Mazeder masala 70 g,,,[],,,other,no,,30.0,Non Biodegradable,spices,mazeder masala 70 g,spices
8901414004375.0,All time mixture,,,[],,,other,no,,30.0,Non Biodegradable,non_food,all time mixture,non_food
8909740330373.0,Super Spoon,,,[],,unknown,other,no,,30.0,Non Biodegradable,non_food,super spoon,non_food
8908001658034.0,Ocean Fruit drink pink guava fruit flavour,Beverages,,['en:vegetarian'],,,beverage,no,,35.0,Non Biodegradable,beverage,ocean fruit drink pink guava fruit flavour,beverage
8901030834820.0,Kwality x Wall's Desi Twist Creamy Kulfi,"Desserts, Frozen foods, Frozen desserts, Ice creams and sorbets, Ice creams, en:ice-cream-tubs",PET,"['en:may-contain-palm-oil', 'en:non-vegan', 'en:vegetarian-status-unknown']",74.0,b,cosmetic,no,74.0,37.4,Non Biodegradable,cosmetic,kwality x wall's desi twist creamy kulfi,non_food
8902246014310.0,Zesty Orange,,,[],,unknown,other,no,,30.0,Non Biodegradable,non_food,zesty orange,non_food
8901808000785.0,WeikField Coco powder,"Cocoa and its products, Cocoa and chocolate powders, Cocoa powders, en:cooking-helpers",plastic jar,"['en:palm-oil-free', 'en:vegan', 'en:vegetarian']",,,other,no,,30.0,Non Biodegradable,spices,weikfield coco powder,other
8901808000020.0,Baking Powder,"Plant-based foods and beverages, Plant-based foods, Cereals and potatoes, Cooking helpers, Food additives, Bakery products, Baking powder or raising agent",plastic jar,"['en:palm-oil-free', 'en:vegan', 'en:vegetarian']",,,other,no,,30.0,Non Biodegradable,spices,baking powder,other
8901242176107.0,Bambino Vermicelli,"Plant-based foods and beverages, Plant-based foods, Cereals and potatoes, Cereals and their products, Bread coverings, Cooking helpers, Food decorations, Pastry helpers, Sprinkles",plastic pouch,"['en:palm-oil-free', 'en:vegan', 'en:vegetarian']",,,other,no,,30.0,Non Biodegradable,non_food,bambino vermicelli,non_food
8901063363748.0,CAKE 100% VEG Gobbles fruity fun,"Snacks, Sweet snacks, Biscuits and cakes, Cakes, Soft fruit cakes",plastic,"['en:may-contain-palm-oil', 'en:non-vegan', 'en:vegetarian-status-unknown']",59.0,c,other,no,59.0,35.9,Non Biodegradable,non_food,cake 100% veg gobbles fruity fun,non_food
8908008806094.0,Shri Neelkamal,"Plant-based foods and beverages,Plant-based foods,Cereals and potatoes,Cereals and their products,Flours,Cereal flours,Wheat flours,White wheat flours,Refined wheat flour",Plastic pouch,"['en:palm-oil-content-unknown', 'en:vegan-status-unknown', 'en:vegetarian']",,,other,no,,30.0,Non Biodegradable,non_food,shri neelkamal,non_food
8909104845970.0,Peanut satay Chunky sauce,,,[],,unknown,other,no,,30.0,Non Biodegradable,condiment,peanut satay chunky sauce,sauce_condiment
8902579000653.0,Bfizz,"Beverages, Carbonated drinks, Carbonated fruit soft drink",fizz,"['en:palm-oil-free', 'en:vegan-status-unknown', 'en:vegetarian-status-unknown']",54.0,c,other,no,54.0,55.4,Moderately Biodegradable,non_food,bfizz,non_food
8901725116729.0,Sunfeast Yippee! noodles Magic Masala,"Plant-based foods and beverages, Plant-based foods, Dried products, Pastas, Dried products to be rehydrated, Noodles, Instant noodles, en:dried-meals",Plastic,"['en:palm-oil', 'en:vegan-status-unknown', 'en:vegetarian']",,,other,no,,30.0,Non Biodegradable,spices,sunfeast yippee! noodles magic masala,spices
8901725116736.0,Yippee magic masala,,,[],,unknown,other,no,,30.0,Non Biodegradable,spices,yippee magic masala,spices
8904004409222.0,Instant Bhel,Puffed rice blend,Plastic,"['en:palm-oil', 'en:vegan-status-unknown', 'en:vegetarian']",,unknown,other,no,,30.0,Non Biodegradable,non_food,instant bhel,non_food
8908000097681.0,Healthy Breakfast Cereal,Mueslis with fruits,,"['en:palm-oil-free', 'en:non-vegan', 'en:vegetarian-status-unknown']",,,other,no,,40.0,Moderately Biodegradable,cereal,healthy breakfast cereal,cereal
8901414000346.0,Natkhat Nimbu Lemon Hit Namkeen,,,[],,,snack,no,,30.0,Non Biodegradable,snack,natkhat nimbu lemon hit namkeen,snack
8906044992603.0,Mixed Berries alovera juice,,,[],,unknown,beverage,no,,30.0,Non Biodegradable,beverage,mixed berries alovera juice,beverage
8997033001529.0,East Bali Cashews Chili lime,Cashew nuts,,[],,,other,no,,30.0,Non Biodegradable,non_food,east bali cashews chili lime,non_food
8901058894547.0,Maggi Pichkoo,,,[],,unknown,other,no,,30.0,Non Biodegradable,non_food,maggi pichkoo,non_food
8901058867923.0,Atta Maggi,,,[],,unknown,other,no,,30.0,Non Biodegradable,grain,atta maggi,grain
8906082524248.0,Organic Cow Ghee,,,[],,unknown,other,no,,30.0,Non Biodegradable,dairy,organic cow ghee,dairy
8908005144618.0,Yoga Bar Super Muesli 0% Added Sugar,"Plant-based foods and beverages, Plant-based foods, Breakfasts, Cereals and potatoes, Cereals and their products, Breakfast cereals, en:mueslis",,"['en:palm-oil-content-unknown', 'en:non-vegan', 'en:vegetarian-status-unknown']",,,other,no,,40.0,Moderately Biodegradable,confectionery,yoga bar super muesli 0% added sugar,confectionery
8900095067648.0,Marinierte Sardellenfilets,,,[],,unknown,other,no,,30.0,Non Biodegradable,non_food,marinierte sardellenfilets,non_food
8901808000495.0,Weikfield jelly crystals,,,['en:vegetarian'],,,other,no,,35.0,Non Biodegradable,non_food,weikfield jelly crystals,non_food
8901393019049.0,Center Fresh GUM,"Snacks, Sweet snacks, Confectioneries, Chewing gum",paper,"['en:palm-oil-free', 'en:vegan-status-unknown', 'en:vegetarian-status-unknown']",,unknown,other,yes,,100.0,Highly Biodegradable,non_food,center fresh gum,non_food
8908005144632.0,Muesli dark chocolate cranberry,"Plant-based foods and beverages,Plant-based foods,Breakfasts,Cereals and potatoes,Cereals and their products,Breakfast cereals,Mueslis",,['en:vegetarian'],,,beverage,no,,35.0,Non Biodegradable,beverage,muesli dark chocolate cranberry,confectionery
8906013423336.0,8906013423336,,,[],,,other,no,,30.0,Non Biodegradable,non_food,8906013423336,non_food
8901030825651.0,Horlicks Chocolate Delight flavour 200g pet,Beverages,,[],,unknown,beverage,no,,30.0,Non Biodegradable,beverage,horlicks chocolate delight flavour 200g pet,confectionery
8906009077291.0,Oatmeal cookies Sugar free,"Snacks,Sweet snacks,Biscuits and cakes,Biscuits",,"['en:palm-oil', 'en:non-vegan', 'en:vegetarian']",40.0,d,snack,no,40.0,44.0,Moderately Biodegradable,snack,oatmeal cookies sugar free,confectionery
8904272600871.0,Storia Mixed fruit juice 750ml,,,[],,unknown,beverage,no,,30.0,Non Biodegradable,beverage,storia mixed fruit juice 750ml,beverage
8906020589032.0,Digestive Wheat Bread,"Plant-based foods and beverages,Plant-based foods,Cereals and potatoes,Breads",,"['en:palm-oil-free', 'en:vegan-status-unknown', 'en:vegetarian']",,,other,no,,40.0,Moderately Biodegradable,grain,digestive wheat bread,grain
8904272600857.0,Storia Mango Juice 750ml,"Plant-based foods and beverages, Beverages, Plant-based beverages, Juices and nectars",,[],,unknown,beverage,no,,30.0,Non Biodegradable,beverage,storia mango juice 750ml,beverage
8906069400619.0,veeba white pasta dressing,"Pasta dressing, Sause",,"['en:palm-oil-content-unknown', 'en:non-vegan', 'en:vegetarian']",,,other,no,,40.0,Moderately Biodegradable,non_food,veeba white pasta dressing,non_food
8901972006040.0,Nice Sugar sprinkled coconut biscuits,"Snacks,Sweet snacks,Biscuits and cakes,Biscuits",,"['en:palm-oil', 'en:non-vegan', 'en:vegetarian-status-unknown']",45.0,c,snack,no,45.0,44.5,Moderately Biodegradable,snack,nice sugar sprinkled coconut biscuits,confectionery
8901246003591.0,Extra Virgin Olive oil,"Plant-based foods and beverages,Plant-based foods,Fats,Vegetable fats,Olive tree products,Vegetable oils,Olive oils,Extra-virgin olive oils,Virgin olive oils",Plastic bottle,[],32.0,d,other,no,32.0,23.2,Non Biodegradable,non_food,extra virgin olive oil,non_food
8938527759809.0,Fresh rice vermicelli,"Aliments et boissons à base de végétaux, Aliments d'origine végétale",Plastic,[],,unknown,other,no,,20.0,Non Biodegradable,grain,fresh rice vermicelli,grain
8906016411453.0,Soft Paneer,"Dairies,Fermented foods,Fermented milk products,Cheeses,Paneer",plastic,"['en:palm-oil-free', 'en:non-vegan', 'en:vegetarian']",40.0,d,dairy,no,40.0,34.0,Non Biodegradable,dairy,soft paneer,dairy
8904083303077.0,Farm Fresh Sahi Plain Yoghurt,"Dairies, Fermented foods, Desserts, Fermented milk products, Dairy desserts, Fermented dairy desserts, Yogurts",,"['en:palm-oil-content-unknown', 'en:vegan-status-unknown', 'en:vegetarian']",,,other,no,,40.0,Moderately Biodegradable,non_food,farm fresh sahi plain yoghurt,non_food
8901721000329.0,Khasta crispy masti,,,[],,unknown,other,no,,30.0,Non Biodegradable,non_food,khasta crispy masti,non_food
8901725112202.0,Fantastik Chico Bar XL,,,[],,unknown,other,no,,30.0,Non Biodegradable,confectionery,fantastik chico bar xl,confectionery
8901063091023.0,Good Day Harmony,"Plant-based foods and beverages, Snacks, Sweet snacks, Biscuits and cakes, Biscuits, Filled biscuits, Biscuits with nuts",Plastic,"['en:palm-oil', 'en:non-vegan', 'en:vegetarian']",29.0,e,other,no,29.0,32.9,Non Biodegradable,non_food,good day harmony,non_food
8903664054100.0,Room freshner,"Non food products, Open Products Facts",,"['en:palm-oil-content-unknown', 'en:vegan-status-unknown', 'en:vegetarian-status-unknown']",,unknown,other,no,,40.0,Moderately Biodegradable,non_food,room freshner,non_food
8906044993044.0,Alo Frut Orange Juice 1ltr,,,['en:vegetarian'],,unknown,beverage,no,,35.0,Non Biodegradable,beverage,alo frut orange juice 1ltr,beverage
8908005144311.0,yoga bar 20g protein hazelnut,"Dietary supplements, Bodybuilding supplements, Protein bars",,[],,,other,no,,30.0,Non Biodegradable,confectionery,yoga bar 20g protein hazelnut,confectionery
8906087420347.0,Masala peanuts,,,[],,unknown,other,no,,30.0,Non Biodegradable,spices,masala peanuts,spices
8904090906520.0,Garlic mixture,,,[],,,other,no,,30.0,Non Biodegradable,non_food,garlic mixture,non_food
8901058867855.0,Nestea Iced Tea Lemon flavour,"Beverages, Tea-based beverages, Iced teas","tetra pak,carton,box","['en:palm-oil-content-unknown', 'en:vegan-status-unknown', 'en:vegetarian']",,,beverage,no,,50.0,Moderately Biodegradable,beverage,nestea iced tea lemon flavour,beverage
8901030739019.0,Magnum Chocolate Truffle,"Desserts, Frozen foods, Frozen desserts, Ice creams and sorbets, Ice creams, Ice cream bars, Chocolate ice cream bars",Plastic Wrapper,"['en:may-contain-palm-oil', 'en:non-vegan', 'en:vegetarian']",72.0,b,beverage,no,72.0,37.2,Non Biodegradable,beverage,magnum chocolate truffle,confectionery
8906017290965.0,Bisleri Limonata,"Plant-based foods and beverages, Beverages, Plant-based beverages, Carbonated drinks, Fruit-based beverages, Juices and nectars, Sodas, Fruit juices, Lemon juice",Plastic bottle,"['en:palm-oil-free', 'en:vegan-status-unknown', 'en:vegetarian']",,not-applicable,other,no,,30.0,Non Biodegradable,non_food,bisleri limonata,non_food
8901595852321.0,Chilli Vinegar,"Condiments, Vinegars",,"['en:palm-oil-free', 'en:vegan', 'en:vegetarian']",,,other,no,,40.0,Moderately Biodegradable,non_food,chilli vinegar,non_food
8908008615849.0,Freeze dried pomegranate,Dried fruits,,"['en:vegan', 'en:vegetarian']",,unknown,other,no,,40.0,Moderately Biodegradable,non_food,freeze dried pomegranate,non_food
8901652140620.0,Puff,"Beverages, Snacks, Sweet snacks, Biscuits and cakes, Biscuits, Shortbread cookies, Sweetened beverages",plastic,"['en:palm-oil', 'en:vegan-status-unknown', 'en:vegetarian-status-unknown']",-3.0,f,other,no,-3.0,29.7,Non Biodegradable,non_food,puff,non_food
8902080185023.0,Sting,,,[],,unknown,other,no,,30.0,Non Biodegradable,non_food,sting,non_food
8906076131223.0,Lavash flatbread,,,[],,unknown,other,no,,30.0,Non Biodegradable,non_food,lavash flatbread,non_food
8906084410877.0,Roasted Makhana,Makhana,,['en:vegetarian'],,,other,no,,35.0,Non Biodegradable,non_food,roasted makhana,non_food
8906112666474.0,Chocolate Wheat Flakes,,,[],,unknown,beverage,no,,30.0,Non Biodegradable,beverage,chocolate wheat flakes,confectionery
8901972061025.0,Spicy crackers,,,[],,unknown,other,no,,30.0,Non Biodegradable,snack,spicy crackers,snack
8906002730117.0,chitale instant khaman mix,,,[],,,other,no,,30.0,Non Biodegradable,non_food,chitale instant khaman mix,non_food
8901499010711.0,Kellogg'sCHOCOS,en:breakfast-cereals,,[],,,other,no,,30.0,Non Biodegradable,non_food,kellogg'schocos,non_food
8906112660540.0,Antioxydant mix,,,[],,unknown,other,no,,30.0,Non Biodegradable,non_food,antioxydant mix,non_food
8901246005373.0,TOMATO KETCHUP CLASSIC BLEND,"Condiments, Sauces, Tomato sauces, Ketchup",Plastic pouch,['en:vegetarian'],79.0,a,other,no,79.0,32.9,Non Biodegradable,dairy,tomato ketchup classic blend,dairy
8994963003265.0,Instant noodles chicken flavour,,,[],,,other,no,,30.0,Non Biodegradable,non_food,instant noodles chicken flavour,non_food
89009710.0,Hot And Sweet Ketchup,"Condiments, Sauces, en:ketchup",,"['en:palm-oil-content-unknown', 'en:vegan-status-unknown', 'en:vegetarian-status-unknown']",,,other,no,,40.0,Moderately Biodegradable,confectionery,hot and sweet ketchup,confectionery
8908010900063.0,Peanut Butter All Natural Creamy Unsweetened,"Plant-based foods and beverages, Plant-based foods, Legumes and their products, Spreads, Plant-based spreads, Oilseed purees, Legume butters, Peanut butters, Pure peanut butters",,"['en:palm-oil-content-unknown', 'en:vegan-status-unknown', 'en:vegetarian-status-unknown']",,,dairy,no,,40.0,Moderately Biodegradable,dairy,peanut butter all natural creamy unsweetened,dairy
8908005144090.0,Chocolate Chunk Nuts,"Snacks, Sweet snacks, Bars, Dietary supplements, Bodybuilding supplements, Energy bars",,"['en:palm-oil-content-unknown', 'en:non-vegan', 'en:vegetarian-status-unknown']",,unknown,beverage,no,,40.0,Moderately Biodegradable,beverage,chocolate chunk nuts,confectionery
8906017290941.0,Vedica Zen,"Beverages, Waters","Bottle,plastic","['en:palm-oil-free', 'en:vegan', 'en:vegetarian']",,not-applicable,other,no,,30.0,Non Biodegradable,non_food,vedica zen,non_food
8908004896709.0,Sweet bun,,,[],,,other,no,,30.0,Non Biodegradable,confectionery,sweet bun,confectionery
8904043551630.0,Modern bread long,,,[],,unknown,other,no,,30.0,Non Biodegradable,non_food,modern bread long,non_food
8901030837616.0,Chokissimo Choco Brownie,"Desserts, Frozen foods, Frozen desserts, Ice creams and sorbets, Ice creams, Ice cream cones",Paper,"['en:palm-oil', 'en:non-vegan', 'en:vegetarian']",71.0,b,other,yes,71.0,100.0,Highly Biodegradable,non_food,chokissimo choco brownie,confectionery
8901262152235.0,Amul Kool Rose,,,[],,,other,no,,30.0,Non Biodegradable,non_food,amul kool rose,non_food
8901058861921.0,Milky bar,"Snacks, Sweet snacks, Cocoa and its products, Confectioneries, Chocolates, Milk chocolates, Milk chocolate bar","cardboard box,Aluminium","['en:may-contain-palm-oil', 'en:non-vegan', 'en:vegetarian']",,,dairy,yes,,100.0,Highly Biodegradable,dairy,milky bar,dairy
8906082524255.0,Kerala virgin coconut oil,,,[],,unknown,other,no,,30.0,Non Biodegradable,non_food,kerala virgin coconut oil,non_food
8901030555442.0,Hot & Sour Veg Cup a Soup,"Meals, Soups, Soup mixes",Plastic,"['en:palm-oil', 'en:vegan-status-unknown', 'en:vegetarian']",,unknown,other,no,,30.0,Non Biodegradable,non_food,hot & sour veg cup a soup,non_food
8901512141705.0,Regular Peanui Butter,"Plant-based foods and beverages, Plant-based foods, Legumes and their products, Breakfasts, Spreads, Plant-based spreads, Oilseed purees, Legume butters, Peanut butters",1 plastic transparent bottle recycle,"['en:may-contain-palm-oil', 'en:maybe-vegan', 'en:vegetarian']",,,dairy,no,,30.0,Non Biodegradable,dairy,regular peanui butter,dairy
8901058895766.0,maggi Pichkoo tomato ketchup,"Condiments, Spreads, Sauces, Tomato sauces, Ketchup, Tomato Ketchup, India green dot, Made in india","Plastic,Recyclable material,Recyclable plastic","['en:palm-oil-content-unknown', 'en:vegan-status-unknown', 'en:vegetarian']",79.0,a,other,no,79.0,37.9,Non Biodegradable,condiment,maggi pichkoo tomato ketchup,sauce_condiment
8906006331112.0,kachi ghani mustard oil,"Plant-based foods and beverages, Plant-based foods, Fats, Vegetable fats, Vegetable oils, Mustard oils, Oil",1 plastic bottle,"['en:may-contain-palm-oil', 'en:vegan', 'en:vegetarian']",,unknown,other,no,,30.0,Non Biodegradable,non_food,kachi ghani mustard oil,non_food
8906008811766.0,Punjabi Khichdi,"Plant-based foods and beverages,Plant-based foods,Breakfasts,Cereals and potatoes,Seeds,Cereals and their products,Meals,Cereal grains,Rices,Plant-based meals,Paddy rices",1 plastic pouch recycle,"['en:palm-oil', 'en:non-vegan', 'en:vegetarian']",,,other,no,,30.0,Non Biodegradable,non_food,punjabi khichdi,non_food
8904063208101.0,Delista macaroni,"Plant-based foods and beverages, Plant-based foods, Breakfasts, Pastas, Dry pastas, Marconi",Bag,"['en:palm-oil-free', 'en:vegan', 'en:vegetarian']",,unknown,other,no,,50.0,Moderately Biodegradable,non_food,delista macaroni,non_food
8993175549387.0,Nextar Soft Brownies,"Snacks, Sweet snacks, Biscuits and cakes, Biscuits, Chocolate biscuits","Cardboard,Plastic","['en:palm-oil', 'en:vegan-status-unknown', 'en:vegetarian']",31.0,d,other,yes,31.0,100.0,Highly Biodegradable,non_food,nextar soft brownies,confectionery
8904004402261.0,PHALHARI CHIWDA,Snacks,plastic,"['en:palm-oil', 'en:vegan-status-unknown', 'en:vegetarian-status-unknown']",,,other,no,,30.0,Non Biodegradable,non_food,phalhari chiwda,non_food
8906091520361.0,Chicken tikka,,Raw Chicken,[],,unknown,other,no,,40.0,Moderately Biodegradable,non_food,chicken tikka,non_food
8906069840392.0,Adrak Elaichi Chai Tea,Tea-based beverages,,"['en:palm-oil-content-unknown', 'en:non-vegan', 'en:vegetarian-status-unknown']",43.0,d,beverage,no,43.0,44.3,Moderately Biodegradable,beverage,adrak elaichi chai tea,beverage
8904004409253.0,Potato Lite,en:potato-crisps,plastic,"['en:palm-oil', 'en:vegan-status-unknown', 'en:vegetarian-status-unknown']",63.0,b,other,no,63.0,36.3,Non Biodegradable,non_food,potato lite,non_food
8901719124044.0,Happy Happy Choco-Chip Cookies,en:chocolate-biscuits,,[],,,snack,no,,30.0,Non Biodegradable,snack,happy happy choco-chip cookies,snack
8902579000929.0,Smoodh,,,[],,unknown,other,no,,30.0,Non Biodegradable,non_food,smoodh,non_food
8904839003107.0,Spaghetti,,,[],,unknown,other,no,,30.0,Non Biodegradable,non_food,spaghetti,non_food
8906009532844.0,Max Protien,,,[],,unknown,other,no,,30.0,Non Biodegradable,non_food,max protien,non_food
8908013328222.0,Nutty Chips,en:crisps,,[],,,snack,no,,30.0,Non Biodegradable,snack,nutty chips,snack
8906069403566.0,Organic almond,,,"['en:vegan', 'en:vegetarian']",,unknown,other,no,,40.0,Moderately Biodegradable,non_food,organic almond,non_food
8901512910707.0,Popz,,,[],,,other,no,,30.0,Non Biodegradable,non_food,popz,non_food
8901030779640.0,Lipton GREEN TEA LEMON ZEST,"Beverages and beverages preparations, Plant-based foods and beverages, Beverages, Hot beverages, Plant-based beverages, Teas, en:green-teas",,[],,,beverage,no,,30.0,Non Biodegradable,beverage,lipton green tea lemon zest,beverage
8906017080306.0,Sweet Lemon Pickle,,,[],,unknown,other,no,,30.0,Non Biodegradable,confectionery,sweet lemon pickle,confectionery
8901491001854.0,PEPSICO.,"Plant-based foods and beverages,Plant-based foods,Snacks,Cereals and potatoes,Salty snacks,Appetizers,Chips and fries,Crisps,Potato crisps",,"['en:palm-oil', 'en:vegan-status-unknown', 'en:vegetarian-status-unknown']",,,other,no,,40.0,Moderately Biodegradable,non_food,pepsico.,non_food
8908004896730.0,Arpana Dilkush,,,[],,unknown,other,no,,30.0,Non Biodegradable,non_food,arpana dilkush,non_food
8904043551524.0,modern family special bread,"Plant-based foods and beverages,Plant-based foods,Cereals and potatoes,Breads",,"['en:palm-oil-content-unknown', 'en:vegan-status-unknown', 'en:vegetarian']",,,other,no,,40.0,Moderately Biodegradable,non_food,modern family special bread,non_food
8906031064887.0,Mixed Frozen Berries,,,[],,unknown,other,no,,30.0,Non Biodegradable,non_food,mixed frozen berries,non_food
8904124312136.0,life time vanila,,,[],,unknown,other,no,,30.0,Non Biodegradable,non_food,life time vanila,non_food
8901499009289.0,Cornflakes Almond Honey,"Plant-based foods and beverages,Plant-based foods,Breakfasts,Cereals and potatoes,Cereals and their products,Breakfast cereals,Flakes,Cereal flakes,Extruded cereals,Extruded flakes,Corn flakes",,"['en:palm-oil-free', 'en:non-vegan', 'en:vegetarian-status-unknown']",,,other,no,,40.0,Moderately Biodegradable,non_food,cornflakes almond honey,non_food
8901071302036.0,Sofit Soya Drink Chocolate,"Plant-based foods and beverages, Beverages, Plant-based foods, Legumes and their products, Dairy substitutes, Milk substitutes, Plant-based beverages, Plant-based milk alternatives, Legume-based drinks, Soy-based drinks, Chocolate soy-based drinks",,"['en:vegan', 'en:vegetarian']",69.0,b,beverage,no,69.0,46.9,Moderately Biodegradable,beverage,sofit soya drink chocolate,confectionery
8901063337169.0,Sandwich bread,,,[],,unknown,other,no,,30.0,Non Biodegradable,non_food,sandwich bread,non_food
8906020491083.0,8906020491083,,,[],,,other,no,,30.0,Non Biodegradable,non_food,8906020491083,non_food
8908017784246.0,Premium milk taste elachi,,,[],,unknown,dairy,no,,30.0,Non Biodegradable,dairy,premium milk taste elachi,dairy
8901058894615.0,every day,,,[],,unknown,other,no,,30.0,Non Biodegradable,non_food,every day,non_food
8904063220028.0,Chips Mast Masala,,,[],,,snack,no,,30.0,Non Biodegradable,snack,chips mast masala,snack
8901063142299.0,Nutrichoice,,,[],,unknown,other,no,,30.0,Non Biodegradable,non_food,nutrichoice,non_food
8901063026254.0,nutri sugarfree cracker,,,[],,unknown,other,no,,30.0,Non Biodegradable,snack,nutri sugarfree cracker,snack
8901063028166.0,Britania Nice time,,,[],,unknown,other,no,,30.0,Non Biodegradable,non_food,britania nice time,non_food
8901725114985.0,Marie Light Veda,,,[],,unknown,other,no,,30.0,Non Biodegradable,non_food,marie light veda,non_food
8901063032330.0,Britania treat,,,[],,unknown,other,no,,30.0,Non Biodegradable,other_food,britania treat,other
8901063032309.0,treat orange,,,[],,unknown,other,no,,30.0,Non Biodegradable,other_food,treat orange,other
8901063017504.0,potazos,,,"['en:palm-oil-content-unknown', 'en:vegan-status-unknown', 'en:vegetarian-status-unknown']",,unknown,other,no,,40.0,Moderately Biodegradable,non_food,potazos,non_food
8901063365018.0,Biscafe Biscuit 🍪,da:crackers,,"['en:palm-oil', 'en:non-vegan', 'en:vegetarian']",,,snack,no,,40.0,Moderately Biodegradable,snack,biscafe biscuit 🍪,confectionery
8901063012332.0,milk bikies,Biscuits,,[],,,dairy,no,,30.0,Non Biodegradable,dairy,milk bikies,dairy
8901063014152.0,vita marie gold,,,[],,unknown,other,no,,30.0,Non Biodegradable,non_food,vita marie gold,non_food
8901725119423.0,Moms magic Cashew & Almonds,"Snacks, Sweet snacks, Biscuits and cakes, Biscuits, Biscuit (cookie) snack w chocolate filling","Explore Mom's Magic on D Join us at www.staystrongmoms.com fssai A BRAND OWNED BY ITC LIMITED, 37, J.L.NEHRU ROAD, KOLKATA-700071. MFD.BY. (05) UTSAV FOOD PRODUCTS-PIJ ROAD, AT & PO TUNDEL, NADIAD (GJ)-387230. Lic. No. Lic. No. 10012031000312 10012021000230. (06) ITC LTD. - ITC LTD., FOODS DIVISION, PLOT NO. 1, SECTOR 11, IIE, BHEL, HARIDWAR (UK)-249403. Lic. No. 10012012000154. (13) NARAYANA PROCESSED FOOD PVT. LTD.-FP 15-21, ORANGE CITY FOOD PARK, MIDC, BUTIBORI, NAGPUR (MH)-441 122. Lic. No. 10012022000385. (14) DISHA FOODS PVT. LTD. - PLOT NO. 82, IDA KATTEDAN, HYDERABAD (TS)-500077. Lic. No. 10014047000057. (17) RANGAA FOOD INDUSTRIES PVT. LTD. - SF NO. 667/A1, KOVAI-TRICHY MAIN ROAD, VELLAKOVIL (TN)-638111. Lic. No. 10012042000186. (30) ITC LTD. - FOODS DIVISION-MOUZA-AMRABERIA, ULUBERIA, DIST HOWRAH (WB)-711303. Lic. No. 10016031001781. (31) ITC LTD. - NH-37, BORTEJPUR, KUKURMARA, KAMRUP DIST. (AS)-781134. Lic. No. 10017071000926. (32) ITC LTD. - BISCUIT UNIT, PLOT NO. A-1-A, INTEGRATED MIXED USED INDUSTRIAL PARK, VILL. JHALTHIKRIWAL, KAPURTHALA (PJ)-144601. Lic. No. 10017063001007. (36) ITC LTD. - ICML-VELLUR & VADUGAPATTI VILL. VIRALIMALAI TK, PUDUKKOTTAI (TN)-621316. Lic. No. 10018042004042. FOR THE MFG. UNIT ADDRESS AND Lic. No., MATCH THE LAST TWO CHARACTERS OF THE BATCH NUMBER WITH THE CORRESPONDING TWO DIGIT CHARACTERS BEFORE THE ADDRESS IN THE MFD. ADDRESS PANEL. OKHORASHENCHANSONSGRO Nutritional Information &quot;Per 100 g of Product: &quot;Approximate Values Energy (kcal) 499, Protein (g) 7.9. Carbohydrate (g) 67.2 Of which Sugar (g) 22.7. Fat (1) 22.1, Trans fat (g) 0.1. Saturated fat ( 10.1 INGREDIENTS: REFINED WHEAT FLOUR (MAIDA), SUGAR, REFINED PALM OIL, INVERT SYRUP, CASHEW NUT (0.7%), RAISING AGENTS [INS 500(i), INS 503(ii), INS 450(1), IODIZED SALT, MILK SOLIDS, ALMOND (0.3%) BUTTER (0.3%), EMULSIFIERS [INS 471, INS 322), INS 472e] AND FLOUR TREATMENT AGENT (INS 223). CONTAINS PERMITTED SYNTHETIC FOOD COLOUR(S) (INS 102) AND ADDED FLAVOUR(S) (NATURE IDENTICAL FLAVOURING SUBSTANCES AND ARTIFICIAL FLAVOURING SUBSTANCES-BUTTER, VANILLA) CONTAINS WHEAT, MILK SOLIDS, SOYA, NUTS AND SULPHITES. FOR FEEDBACK CONTACT: ITC CARES AT P.O. BOX NO. 592, BENGALURU- 560005itccares@itc.in 1800 425 444 444. QUALITY GUARANTEED. NET WEIGHT: Every Mom's Magic is baked with love, just like Moms would. Bite into a Mom's Magic and feel the delight of butter, cashews & almonds, BATCH NO.: PKD.: MRP incl. of all taxes BEST BEFORE SIX MONTHS FROM PACKAGING. STORE IN COOL & DRY PLACE.","['en:palm-oil', 'en:vegan-status-unknown', 'en:vegetarian-status-unknown']",27.0,e,other,no,27.0,52.7,Moderately Biodegradable,non_food,moms magic cashew & almonds,non_food
8901063018297.0,time pass,,,[],,unknown,other,no,,30.0,Non Biodegradable,non_food,time pass,non_food
8901063138162.0,Nutri choice Arrowroot,,,[],,,other,no,,30.0,Non Biodegradable,non_food,nutri choice arrowroot,non_food
8904124312105.0,life time,,,[],,,other,no,,30.0,Non Biodegradable,non_food,life time,non_food
8901063325586.0,toastea bilk rusk,,,[],,unknown,beverage,no,,30.0,Non Biodegradable,beverage,toastea bilk rusk,beverage
8901063017559.0,Britannia 5050 Potazos 71.5g,"Snacks, Sweet snacks, Biscuits and cakes, Biscuits",,"['en:palm-oil', 'en:non-vegan', 'en:vegetarian-status-unknown']",40.0,d,other,no,40.0,44.0,Moderately Biodegradable,non_food,britannia 5050 potazos 71.5g,non_food
8901063094154.0,good day pista badam,,,[],,,other,no,,30.0,Non Biodegradable,non_food,good day pista badam,non_food
8901063092495.0,good day butter cookiew,,,[],,,dairy,no,,30.0,Non Biodegradable,snack,good day butter cookiew,dairy
8901063091016.0,harmony,,,[],,unknown,other,no,,30.0,Non Biodegradable,non_food,harmony,non_food
8901689010026.0,Mala's,,,"['en:palm-oil-content-unknown', 'en:vegan-status-unknown', 'en:vegetarian-status-unknown']",,unknown,other,no,,40.0,Moderately Biodegradable,non_food,mala's,non_food
8901058891416.0,2-minute noodles,"Plant-based foods and beverages, Plant-based foods, Dried products, Pastas, Dried products to be rehydrated, Noodles, Instant noodles",Plastic,"['en:palm-oil', 'en:vegan-status-unknown', 'en:vegetarian']",57.0,c,other,no,57.0,35.7,Non Biodegradable,non_food,2-minute noodles,non_food
8902756431102.0,CHICKEN NUGGETS,Tyson,yummiez,[],,,other,no,,40.0,Moderately Biodegradable,non_food,chicken nuggets,non_food
8901052003693.0,Tata gold,,,[],,unknown,other,no,,30.0,Non Biodegradable,non_food,tata gold,non_food
8901052020409.0,tata Chakra gold,,,[],,unknown,other,no,,30.0,Non Biodegradable,non_food,tata chakra gold,non_food
8901052020386.0,tata chakra gold bottle,,,[],,unknown,other,no,,30.0,Non Biodegradable,non_food,tata chakra gold bottle,non_food
8901248253109.0,Fairness cream,,,[],,unknown,cosmetic,no,,30.0,Non Biodegradable,cosmetic,fairness cream,non_food
8901491001755.0,Wafer Style Tangy Treat Flavour,"Plant-based foods and beverages, Plant-based foods, Snacks, Cereals and potatoes, Salty snacks, Appetizers, Chips and fries, Crisps, Potato crisps",,"['en:palm-oil', 'en:non-vegan', 'en:vegetarian-status-unknown']",58.0,c,other,no,58.0,45.8,Moderately Biodegradable,other_food,wafer style tangy treat flavour,other
8901491983259.0,Wafer Style Sundried Chilli Flavour,"Plant-based foods and beverages, Plant-based foods, Snacks, Cereals and potatoes, Salty snacks, Appetizers, Chips and fries, Crisps, Potato crisps",,"['en:palm-oil', 'en:vegan-status-unknown', 'en:vegetarian-status-unknown']",,,other,no,,40.0,Moderately Biodegradable,non_food,wafer style sundried chilli flavour,non_food
8901063139336.0,Britannia bourbon 100g,"Snacks, en:biscuits",,"['en:palm-oil', 'en:non-vegan', 'en:vegetarian-status-unknown']",40.0,d,other,no,40.0,44.0,Moderately Biodegradable,non_food,britannia bourbon 100g,non_food
8906016413792.0,Badam Flavoured Milk,Flavoured milks,,"['en:palm-oil-content-unknown', 'en:vegan-status-unknown', 'en:vegetarian']",,,dairy,no,,40.0,Moderately Biodegradable,dairy,badam flavoured milk,dairy
8901058897159.0,Milkybar,"Snacks, Sweet snacks, Cocoa and its products, Confectioneries, Chocolates, White chocolates",,"['en:may-contain-palm-oil', 'en:non-vegan', 'en:vegetarian-status-unknown']",20.0,e,dairy,no,20.0,42.0,Moderately Biodegradable,dairy,milkybar,dairy
8901725120375.0,Mad Angles MMMMM Masala,,Plastic,"['en:palm-oil', 'en:non-vegan', 'en:vegetarian']",,unknown,other,no,,30.0,Non Biodegradable,spices,mad angles mmmmm masala,spices
8906020460027.0,White Bread,"Plant-based foods and beverages, Plant-based foods, Cereals and potatoes, Breads, White breads",,[],,unknown,other,no,,30.0,Non Biodegradable,non_food,white bread,non_food
8904095000667.0,Nimbu Pani,,,[],,unknown,other,no,,30.0,Non Biodegradable,non_food,nimbu pani,non_food
8904022990023.0,Sandwich plus,,,[],,unknown,other,no,,30.0,Non Biodegradable,non_food,sandwich plus,non_food
8901058897500.0,Nan pro2,,,[],,unknown,other,no,,30.0,Non Biodegradable,non_food,nan pro2,non_food
8901764048319.0,Charged berry bolt,"Beverages, Snacks, Sweet snacks, Carbonated drinks, Carbonated fruit soft drink, Energy drinks, Carbonated fruit soft drink with less than 10% of fruit juice, Carbonated fruit soft drink with sugar and artificial sweeteners and with less than 10% of fruit juice, Caffeine beverage",,"['en:palm-oil-content-unknown', 'en:vegan-status-unknown', 'en:vegetarian-status-unknown']",,,other,no,,40.0,Moderately Biodegradable,non_food,charged berry bolt,non_food
8906049971894.0,Sudha milk,"Dairies,Milks",,"['en:palm-oil-free', 'en:non-vegan', 'en:vegetarian']",37.0,d,dairy,no,37.0,43.7,Moderately Biodegradable,dairy,sudha milk,dairy
8906007280020.0,Fortune oil,refined oil,,[],,,other,no,,30.0,Non Biodegradable,non_food,fortune oil,non_food
8901058898330.0,Nescafe choco mocha,,,[],,,other,no,,30.0,Non Biodegradable,non_food,nescafe choco mocha,non_food
8906009534732.0,Max protein 7 grain breakfast cookie,Grain cookie,,[],,unknown,snack,no,,30.0,Non Biodegradable,snack,max protein 7 grain breakfast cookie,confectionery
8906010500269.0,Poprings Masala flavour,"Snacks, Sweet snacks, en:wafers","plastic,wrap","['en:palm-oil', 'en:vegan-status-unknown', 'en:vegetarian']",,unknown,other,no,,30.0,Non Biodegradable,spices,poprings masala flavour,spices
8906059636882.0,EP frt yogurt,,,[],,,dairy,no,,30.0,Non Biodegradable,dairy,ep frt yogurt,dairy
8906009451091.0,Biotique cream,,,[],,unknown,cosmetic,no,,30.0,Non Biodegradable,cosmetic,biotique cream,non_food
8906010500214.0,Balaji Wafers Sev Murmura,"Snacks,Puffed rice",,"['en:palm-oil', 'en:vegan-status-unknown', 'en:vegetarian']",,,other,no,,40.0,Moderately Biodegradable,snack,balaji wafers sev murmura,snack
8908006727421.0,Neycer,"Beverages, Waters, Drinking water",,[],,not-applicable,other,no,,30.0,Non Biodegradable,non_food,neycer,non_food
8906005913456.0,Akash peanut,,,[],,unknown,other,no,,30.0,Non Biodegradable,non_food,akash peanut,non_food
8906036676665.0,Nandini goodlife pista flavouring milk,"Milks,Flavoured milks",,"['en:palm-oil-content-unknown', 'en:non-vegan', 'en:vegetarian-status-unknown']",37.0,d,dairy,no,37.0,43.7,Moderately Biodegradable,dairy,nandini goodlife pista flavouring milk,dairy
8906074826640.0,Vegan Pistachio Millet Biscuit,"Snacks,Sweet snacks,Biscuits and cakes,Biscuits,Millet cookies","Bag-in-box,Cardboard,Plastic","['en:palm-oil-content-unknown', 'en:vegan', 'en:vegetarian']",54.0,c,snack,yes,54.0,100.0,Highly Biodegradable,snack,vegan pistachio millet biscuit,confectionery
8906019564132.0,Ratlam sev,,,[],,unknown,other,no,,30.0,Non Biodegradable,non_food,ratlam sev,non_food
8901491001809.0,Lay's Sizzlin Hot,,,"['en:palm-oil-content-unknown', 'en:vegan-status-unknown', 'en:vegetarian-status-unknown']",,,other,no,,40.0,Moderately Biodegradable,non_food,lay's sizzlin hot,non_food
8908013172269.0,Strawberries & Cream Protein Milk Shake,Milk-shakes,,['en:vegetarian'],,,dairy,no,,35.0,Non Biodegradable,dairy,strawberries & cream protein milk shake,dairy
8908007167028.0,Cream & Onion,,,[],,unknown,cosmetic,no,,30.0,Non Biodegradable,cosmetic,cream & onion,non_food
8906009071909.0,choco cookies,,,[],,,snack,no,,30.0,Non Biodegradable,snack,choco cookies,confectionery
8904049710468.0,Natures essence gold,,,[],,,other,no,,30.0,Non Biodegradable,non_food,natures essence gold,non_food
8902080013395.0,Tropicana Mixed Fruit Delight 1ltr Juice,en:multifruit-juices,,[],,,beverage,no,,30.0,Non Biodegradable,beverage,tropicana mixed fruit delight 1ltr juice,beverage
8904109463549.0,Amla Chatpata Candy,,,"['en:palm-oil-content-unknown', 'en:vegan-status-unknown', 'en:vegetarian-status-unknown']",,unknown,other,no,,40.0,Moderately Biodegradable,confectionery,amla chatpata candy,confectionery
8903363006592.0,TeaCountry Green tea,en:green-teas,,[],,,beverage,no,,30.0,Non Biodegradable,beverage,teacountry green tea,beverage
8901193503922.0,MaQintosh Whiskey,"Beverages and beverages preparations,Beverages,Alcoholic beverages,Whiskey",,[],,,other,no,,30.0,Non Biodegradable,non_food,maqintosh whiskey,non_food
8902979005623.0,Cavins Rabdi Milkshake 170ml,"Beverages, Dairies, Dairy drinks, Sterilised flavoured standardized milk",1 aluminium can 180ml,"['en:may-contain-palm-oil', 'en:non-vegan', 'en:vegetarian']",,,dairy,no,,60.0,Moderately Biodegradable,dairy,cavins rabdi milkshake 170ml,dairy
8904327600924.0,Myfitness Peanut Butter,"Plant-based foods and beverages, Plant-based foods, Legumes and their products, Spreads, Plant-based spreads, Oilseed purees, Legume butters, Peanut butters, en:nut-butters",,['en:vegetarian'],35.0,d,dairy,no,35.0,38.5,Non Biodegradable,dairy,myfitness peanut butter,dairy
8906018080282.0,Southern Classic Bread,"Plant-based foods and beverages, Plant-based foods, Cereals and potatoes, Breads, White breads",plastic,"['en:palm-oil-content-unknown', 'en:vegan-status-unknown', 'en:vegetarian-status-unknown']",,unknown,other,no,,30.0,Non Biodegradable,dairy,southern classic bread,dairy
8906130900185.0,Orion The Ultimate Choco Chip Cookies,,,"['en:may-contain-palm-oil', 'en:non-vegan', 'en:vegetarian-status-unknown']",,unknown,snack,no,,40.0,Moderately Biodegradable,snack,orion the ultimate choco chip cookies,snack
8901652142136.0,Butter Delite,"Snacks,Sweet snacks,Biscuits and cakes,Biscuits and crackers,Biscuits",,[],,,dairy,no,,30.0,Non Biodegradable,dairy,butter delite,dairy
8901491002134.0,Gourmet Vintage Cheese & Paprika Chips,,,[],,unknown,dairy,no,,30.0,Non Biodegradable,snack,gourmet vintage cheese & paprika chips,snack
8908014388034.0,Filter Coffee Liquid Brew,"Plant-based foods and beverages,Plant-based foods,Coffees",,"['en:palm-oil-free', 'en:vegan', 'en:vegetarian']",,unknown,beverage,no,,40.0,Moderately Biodegradable,beverage,filter coffee liquid brew,beverage
8908005144175.0,Yoga Bar,,,[],,unknown,other,no,,30.0,Non Biodegradable,confectionery,yoga bar,confectionery
8906003514204.0,KHAJURI IMLI CHUTNEY,,,[],,unknown,other,no,,30.0,Non Biodegradable,condiment,khajuri imli chutney,sauce_condiment
8908012471004.0,Indian tonic water,"Beverages and beverages preparations,Beverages,Carbonated drinks,Sodas,Tonic water",,[],,not-applicable,other,no,,30.0,Non Biodegradable,non_food,indian tonic water,non_food
8906101090105.0,"Strawberry, Chocolate, Jaggery",Double toned milk drink,,"['en:palm-oil-content-unknown', 'en:vegan-status-unknown', 'en:vegetarian']",,unknown,beverage,no,,40.0,Moderately Biodegradable,beverage,"strawberry, chocolate, jaggery",confectionery
8904256714099.0,Fresho Frozen Green pea,"Plant-based foods and beverages, Plant-based foods, Legumes and their products, Fruits and vegetables based foods, Legumes, Frozen foods, Vegetables based foods, Frozen plant-based foods, Frozen vegetables, Green peas","Plastic,Recyclable material,Recyclable plastic","['en:palm-oil-free', 'en:vegan', 'en:vegetarian']",,,other,no,,30.0,Non Biodegradable,non_food,fresho frozen green pea,non_food
8904258701950.0,Choco mint protein shake,,,[],,,other,no,,30.0,Non Biodegradable,non_food,choco mint protein shake,non_food
8906080601620.0,aamras,,,[],,unknown,other,no,,30.0,Non Biodegradable,non_food,aamras,non_food
8908009450029.0,Homa Brown Bread,breads,,"['en:palm-oil', 'en:non-vegan', 'en:vegetarian-status-unknown']",,,other,no,,40.0,Moderately Biodegradable,non_food,homa brown bread,non_food
8906009532509.0,Max protein,,,[],,unknown,other,no,,30.0,Non Biodegradable,non_food,max protein,non_food
8908009475022.0,Chochofan,,,[],,unknown,other,no,,30.0,Non Biodegradable,non_food,chochofan,non_food
8902268010857.0,Yummy,"Snacks, Sweet snacks, Biscuits and cakes, Biscuits",,[],50.0,c,other,no,50.0,35.0,Non Biodegradable,non_food,yummy,non_food
8901063365087.0,Brit 100% veg cake,"Snacks,Sweet snacks,Biscuits and cakes,Cakes",,"['en:may-contain-palm-oil', 'en:non-vegan', 'en:vegetarian-status-unknown']",,unknown,other,no,,40.0,Moderately Biodegradable,non_food,brit 100% veg cake,non_food
8906007280945.0,Premium kachi gani pre mustard oil,"Plant-based foods and beverages, Plant-based foods, Fats, Vegetable fats, Vegetable oils, Mustard oils",,"['en:may-contain-palm-oil', 'en:vegan', 'en:vegetarian']",,unknown,other,no,,40.0,Moderately Biodegradable,non_food,premium kachi gani pre mustard oil,non_food
8906047001227.0,Organic Coconut Oil,,,[],,unknown,other,no,,30.0,Non Biodegradable,non_food,organic coconut oil,non_food
8908014480073.0,Bovonto,Carbonated drinks,,"['en:palm-oil-free', 'en:vegan-status-unknown', 'en:vegetarian-status-unknown']",,,other,no,,40.0,Moderately Biodegradable,non_food,bovonto,non_food
8901719305917.0,Hide and seek chocolate chip cookies,,,[],,unknown,snack,no,,30.0,Non Biodegradable,beverage,hide and seek chocolate chip cookies,snack
8901725117092.0,Yippee magic masala noodles four in one pack,,,[],,unknown,other,no,,30.0,Non Biodegradable,spices,yippee magic masala noodles four in one pack,spices
8901499009043.0,kelloggs chocos multigrain,Breakfast cereals filled with chocolate,,[],,,other,no,,30.0,Non Biodegradable,non_food,kelloggs chocos multigrain,non_food
8902080304059.0,7up Super Duper 750ml,"Beverages, Carbonated drinks, Sodas, Drinking",,"['en:palm-oil-content-unknown', 'en:vegan-status-unknown', 'en:vegetarian']",,,other,no,,40.0,Moderately Biodegradable,non_food,7up super duper 750ml,non_food
8902979007412.0,strawberry milkshake,,,[],,unknown,dairy,no,,30.0,Non Biodegradable,dairy,strawberry milkshake,dairy
8908010900995.0,Pintola High Protien Peanut Butter,"Plant-based foods and beverages, Plant-based foods, Legumes and their products, Spreads, Plant-based spreads, Oilseed purees, Legume butters, Peanut butters, High Protien Peanut Butter, en:nut-butters",,"['en:palm-oil-free', 'en:non-vegan', 'en:maybe-vegetarian']",,,dairy,no,,40.0,Moderately Biodegradable,dairy,pintola high protien peanut butter,dairy
8901063342934.0,100% Whole Wheat Sandwich Bread,"Plant-based foods and beverages, Plant-based foods, Cereals and potatoes, Breads, Sliced breads, Wholemeal breads, Wholemeal sliced breads",,"['en:palm-oil', 'en:vegan-status-unknown', 'en:vegetarian']",60.0,b,other,no,60.0,46.0,Moderately Biodegradable,grain,100% whole wheat sandwich bread,grain
8906069960601.0,Sanchi ghee,,,[],,unknown,other,no,,30.0,Non Biodegradable,dairy,sanchi ghee,dairy
8904004405729.0,Rasgulla,,,[],,unknown,other,no,,30.0,Non Biodegradable,non_food,rasgulla,non_food
8904004408034.0,Mo'plleez Vermicelli,"it:vermicelli, semiya",,[],,,other,no,,30.0,Non Biodegradable,non_food,mo'plleez vermicelli,non_food
8901063029217.0,Jim Jam,"Flavoured sandwich Biscuits, en:biscuits",,"['en:palm-oil', 'en:non-vegan', 'en:vegetarian-status-unknown']",40.0,d,other,no,40.0,44.0,Moderately Biodegradable,non_food,jim jam,non_food
8901063004139.0,Britannia Good day Chocolate Cookies 400g,"Snacks, Sweet snacks, Cocoa and its products, Confectioneries, Bars, Chocolate candies, Candy chocolate bars, Chocolate biscuity bars, en:chocolate-biscuits",,"['en:palm-oil', 'en:vegan-status-unknown', 'en:vegetarian-status-unknown']",,,snack,no,,40.0,Moderately Biodegradable,beverage,britannia good day chocolate cookies 400g,confectionery
8901063032514.0,Britannia Traet Croissant,,,[],,unknown,other,no,,30.0,Non Biodegradable,non_food,britannia traet croissant,non_food
8901648092537.0,cold coffee,,,[],,unknown,beverage,no,,30.0,Non Biodegradable,beverage,cold coffee,beverage
8901764981036.0,peach,,,[],,unknown,other,no,,30.0,Non Biodegradable,non_food,peach,non_food
8906010502973.0,Papdi gathiya,"Aliments et boissons à base de végétaux, Aliments d'origine végétale, Légumineuses et dérivés, Légumineuses, Graines, Graines de légumineuses, Légumineuses sèches",,[],,unknown,other,no,,30.0,Non Biodegradable,non_food,papdi gathiya,non_food
8901063032484.0,Britannia treat Croissant Mixed Fruit,Snacks,,"['en:palm-oil', 'en:non-vegan', 'en:vegetarian-status-unknown']",,,other,no,,40.0,Moderately Biodegradable,other_food,britannia treat croissant mixed fruit,other
8901571000036.0,Horlicks - chocolate delight flavour,Boissons,,[],,,beverage,no,,30.0,Non Biodegradable,beverage,horlicks - chocolate delight flavour,confectionery
8901648092599.0,india,,,[],,,other,no,,30.0,Non Biodegradable,non_food,india,non_food
8904063259714.0,Soystix,,,[],,unknown,other,no,,30.0,Non Biodegradable,non_food,soystix,non_food
8906009993065.0,Elite good for you,,,"['en:palm-oil-content-unknown', 'en:vegan-status-unknown', 'en:vegetarian-status-unknown']",,,other,no,,40.0,Moderately Biodegradable,non_food,elite good for you,non_food
8901014004935.0,spiced chunky chicken,"Plant-based foods and beverages, Plant-based foods, Meats and their products, Meals, Meats, Dried products, Pastas, Dried products to be rehydrated, Meals with meat, Noodles, Poultries, Instant noodles, Poultry meals, Instant noodle soups, Meals with chicken",PP CUP,"['en:palm-oil', 'en:non-vegan', 'en:non-vegetarian']",32.0,d,other,no,32.0,53.2,Moderately Biodegradable,spices,spiced chunky chicken,spices
8906009079288.0,Kesar Cashew Badam Cookies,"Snacks, Sweet snacks, Biscuits and cakes, Biscuits",,"['en:palm-oil', 'en:non-vegan', 'en:maybe-vegetarian']",,,snack,no,,40.0,Moderately Biodegradable,snack,kesar cashew badam cookies,confectionery
8906014480673.0,Taan jeera masala sofa,,,[],,unknown,other,no,,30.0,Non Biodegradable,spices,taan jeera masala sofa,spices
8904083511601.0,Organic Flax Seeds,Flax seeds,,"['en:palm-oil-free', 'en:vegan', 'en:vegetarian']",29.0,e,other,no,29.0,42.9,Moderately Biodegradable,non_food,organic flax seeds,non_food
8901565001698.0,Tomato Discs,,,[],,,other,no,,30.0,Non Biodegradable,non_food,tomato discs,non_food
8906019564163.0,રીયલ સિંગ ભજીયા,,,[],,unknown,other,no,,30.0,Non Biodegradable,non_food,રીયલ સિંગ ભજીયા,non_food
8906010090197.0,Dlecta Natural Cheddar,"Dairies,Fermented foods,Fermented milk products,Cheeses,cheese",,"['en:palm-oil-content-unknown', 'en:non-vegan', 'en:vegetarian-status-unknown']",,,other,no,,40.0,Moderately Biodegradable,non_food,dlecta natural cheddar,non_food
8902080000852.0,Litchi delight,,,[],,unknown,other,no,,30.0,Non Biodegradable,non_food,litchi delight,non_food
8901262152334.0,Amul Kool Royal Elaichi Flavour,Dairy drinks,,['en:vegetarian'],,unknown,other,no,,35.0,Non Biodegradable,non_food,amul kool royal elaichi flavour,non_food
8908012477006.0,cornado,,,[],,unknown,other,no,,30.0,Non Biodegradable,non_food,cornado,non_food
8908012477525.0,garlic,,,[],,unknown,other,no,,30.0,Non Biodegradable,non_food,garlic,non_food
8901030831720.0,Kissan mix fruit jam 700g,en:tropical-fruit-jams,,[],,,other,no,,30.0,Non Biodegradable,non_food,kissan mix fruit jam 700g,non_food
8901491000772.0,American Style Cream & Onion Flavour,"Plant-based foods and beverages, Plant-based foods, Snacks, Cereals and potatoes, Salty snacks, Appetizers, Chips and fries, Crisps, Potato crisps, en:flavoured-potato-crisps",,"['en:palm-oil', 'en:non-vegan', 'en:vegetarian']",,,cosmetic,no,,40.0,Moderately Biodegradable,cosmetic,american style cream & onion flavour,canned_food
8904083302063.0,Yogurt,,,[],,unknown,dairy,no,,30.0,Non Biodegradable,dairy,yogurt,dairy
8906065450069.0,Choco Fillo,Mini wafer filled with choco cream,,"['en:palm-oil', 'en:non-vegan', 'en:vegetarian-status-unknown']",,unknown,other,no,,40.0,Moderately Biodegradable,non_food,choco fillo,non_food
8901063001022.0,Britannia nutri choice,en:biscuits,,[],,,other,no,,30.0,Non Biodegradable,non_food,britannia nutri choice,non_food
8902080105021.0,Pepsi Cola 250ml Can,"Beverages and beverages preparations, Beverages, Carbonated drinks, Waters, Sodas, Carbonated waters, Sweetened beverages, Caffeine, en:colas",,"['en:palm-oil-content-unknown', 'en:vegan-status-unknown', 'en:vegetarian-status-unknown']",,,beverage,no,,40.0,Moderately Biodegradable,beverage,pepsi cola 250ml can,beverage
8906036674739.0,Special Toned Milk,"Dairies, Milks, Pasteurised milks, Toned milk",Plastic,"['en:palm-oil-content-unknown', 'en:non-vegan', 'en:vegetarian']",42.0,d,dairy,no,42.0,34.2,Non Biodegradable,dairy,special toned milk,dairy
8906010502782.0,Stack Up - Simply Salted,"Snacks, Condiments, Salty snacks, Appetizers, Chips and fries, Crisps, Salty snacks made from potato",,"['en:palm-oil', 'en:maybe-vegan', 'en:maybe-vegetarian']",57.0,c,other,no,57.0,45.7,Moderately Biodegradable,spices,stack up - simply salted,other
8904406247347.0,Dry Fruits,,,[],,unknown,other,no,,30.0,Non Biodegradable,non_food,dry fruits,non_food
8904063214768.0,Haldiram's Chatpata Dal,"Snacks, Salty snacks, en:salty-roasted-chickpeas",,[],,,other,no,,30.0,Non Biodegradable,grain,haldiram's chatpata dal,grain
8901107030582.0,Softovac,Digestive System,,[],,,other,no,,30.0,Non Biodegradable,non_food,softovac,non_food
8901725111663.0,Yippee Creamy Corn Pasta,,,[],,,cosmetic,no,,30.0,Non Biodegradable,cosmetic,yippee creamy corn pasta,non_food
8906069403412.0,Chef's Special Tomato Ketchup,"Condiments,Sauces,Tomato sauces,Ketchup,Tomato Ketchup",,"['en:palm-oil-free', 'en:vegan-status-unknown', 'en:vegetarian-status-unknown']",,,other,no,,40.0,Moderately Biodegradable,condiment,chef's special tomato ketchup,sauce_condiment
8904022903863.0,Butter Bonn Biscuits,"Frozen foods,Frozen snacks and starters",,['en:vegetarian'],,unknown,dairy,no,,35.0,Non Biodegradable,snack,butter bonn biscuits,dairy
8902433004117.0,Orbit Sepermint Flavour,,,[],,unknown,other,no,,30.0,Non Biodegradable,non_food,orbit sepermint flavour,non_food
8901719124143.0,ParleG gold 75 g,"Snacks, Snacks sucrés, Biscuits et gâteaux, Biscuits",,[],,,other,no,,30.0,Non Biodegradable,non_food,parleg gold 75 g,non_food
8906081123626.0,100% natural premium whole cashew nuts,"Plant-based foods and beverages,Plant-based foods,Snacks,Salty snacks,Nuts and their products,Nuts,Salted nuts,Cashew nuts,Unsalted cashews",,"['en:palm-oil-content-unknown', 'en:vegan-status-unknown', 'en:vegetarian']",,,other,no,,40.0,Moderately Biodegradable,non_food,100% natural premium whole cashew nuts,non_food
8904258700595.0,Raw Pressery Sugarcane Juice,Juices and nectars,,[],,,beverage,no,,30.0,Non Biodegradable,beverage,raw pressery sugarcane juice,beverage
8906001021698.0,Topp Up Milk Rose Flavour,,,[],,unknown,dairy,no,,30.0,Non Biodegradable,dairy,topp up milk rose flavour,dairy
8904089802987.0,Aroma Magic,,en:pet-tube,[],,unknown,other,no,,20.0,Non Biodegradable,non_food,aroma magic,non_food
8906115981284.0,Roasted Flax Seeds,"Plant-based foods and beverages,Plant-based foods,Cereals and potatoes,Seeds,Cereals and their products,Cereal grains,Flax seeds",,"['en:vegan', 'en:vegetarian']",29.0,e,other,no,29.0,42.9,Moderately Biodegradable,non_food,roasted flax seeds,non_food
8901648018186.0,Classic Dahi,,,[],,,other,no,,30.0,Non Biodegradable,dairy,classic dahi,dairy
8906066202551.0,Pizza Oregano,,,[],,,other,no,,30.0,Non Biodegradable,non_food,pizza oregano,non_food
8902268011571.0,Anmol Hit & Run Choco Chip Cookies,,,"['en:palm-oil', 'en:vegan-status-unknown', 'en:vegetarian-status-unknown']",,,snack,no,,40.0,Moderately Biodegradable,snack,anmol hit & run choco chip cookies,snack
8904004416091.0,Gorus cookies,,,[],,unknown,snack,no,,30.0,Non Biodegradable,snack,gorus cookies,confectionery
8906113490801.0,Masala Oats and Millets,"Plant-based foods and beverages, Plant-based foods, Breakfasts, Cereals and potatoes, Seeds, Cereals and their products, Breakfast cereals, Cereal grains, Flakes, Cereal flakes, Rolled flakes, Millet, Rolled oats",,"['en:palm-oil', 'en:vegan-status-unknown', 'en:vegetarian']",,,other,no,,40.0,Moderately Biodegradable,cereal,masala oats and millets,spices
8902080000821.0,Tropicana,,,[],,unknown,other,no,,30.0,Non Biodegradable,non_food,tropicana,non_food
8904022914951.0,Milk short cake,Biscuits and crackers,,[],,,dairy,no,,30.0,Non Biodegradable,dairy,milk short cake,dairy
8906004620782.0,DHARA RICE BRAN OIL,,,[],,unknown,other,no,,30.0,Non Biodegradable,grain,dhara rice bran oil,grain
8906028791147.0,Green Chilli,,,"['en:palm-oil-free', 'en:maybe-vegan', 'en:maybe-vegetarian']",,unknown,other,no,,40.0,Moderately Biodegradable,non_food,green chilli,non_food
8901928350951.0,Googly,Packejing,,[],,,other,no,,30.0,Non Biodegradable,non_food,googly,non_food
8901063142244.0,Nutri choice zero,Biscuits,,"['en:palm-oil-content-unknown', 'en:vegan-status-unknown', 'en:vegetarian-status-unknown']",,,other,no,,40.0,Moderately Biodegradable,non_food,nutri choice zero,non_food
8901262171557.0,Chocolate family pack,,,[],,,beverage,no,,30.0,Non Biodegradable,beverage,chocolate family pack,confectionery
8903363004987.0,Dried Dates,"Plant-based foods and beverages, Plant-based foods, Dried products, Dried plant-based foods",,"['en:palm-oil-free', 'en:vegan', 'en:vegetarian']",,unknown,other,no,,40.0,Moderately Biodegradable,non_food,dried dates,non_food
8901058895780.0,Hot & sweet tomato chili sauce,"Condiments,Sauces",,"['en:palm-oil-free', 'en:maybe-vegan', 'en:vegetarian']",,,other,no,,40.0,Moderately Biodegradable,confectionery,hot & sweet tomato chili sauce,confectionery
8901044124900.0,Ma,,,[],,unknown,other,no,,30.0,Non Biodegradable,non_food,ma,non_food
8902281608802.0,Carmicide,"Non food products, Open Products Facts",,[],,,other,no,,30.0,Non Biodegradable,non_food,carmicide,non_food
8906005504852.0,Chowpati bhelpuri,,,[],,unknown,other,no,,30.0,Non Biodegradable,non_food,chowpati bhelpuri,non_food
8904109445187.0,Patanjali kesh kanti,,,[],,,other,no,,30.0,Non Biodegradable,non_food,patanjali kesh kanti,non_food
8901058898347.0,Intense café flavoured milk,,,[],,,dairy,no,,30.0,Non Biodegradable,dairy,intense café flavoured milk,dairy
8901071701396.0,Hershey's Spreads Cocoa with Almond,"Breakfasts, Spreads, Sweet spreads, fr:Pâtes à tartiner, Hazelnut spreads, Chocolate spreads, Cocoa and hazelnuts spreads",,[],31.0,d,other,no,31.0,33.1,Non Biodegradable,non_food,hershey's spreads cocoa with almond,non_food
8906006720046.0,Qyno Deseeded Dates,Pitted dates,,"['en:palm-oil-content-unknown', 'en:vegan-status-unknown', 'en:vegetarian']",49.0,c,other,no,49.0,44.9,Moderately Biodegradable,non_food,qyno deseeded dates,non_food
8906031311424.0,Rice bran oil,"Plant-based foods and beverages,Plant-based foods,Cereals and potatoes,Fats,Cereals and their products,Vegetable fats,Vegetable oils,Cereal oils,Rice bran oils",,['en:vegetarian'],,unknown,other,no,,35.0,Non Biodegradable,grain,rice bran oil,grain
8906105617933.0,Omega 3,"Fats, Animal fats, Dietary supplements, Capsules, Fish oils, Sardine oils","Plastic,Jar","['en:palm-oil-free', 'en:non-vegan', 'en:non-vegetarian']",71.0,b,other,no,71.0,37.1,Non Biodegradable,non_food,omega 3,non_food
8901499008787.0,Cornflakes,"Plant-based foods and beverages,Plant-based foods,Breakfasts,Cereals and potatoes,Cereals and their products,Breakfast cereals,Flakes,Cereal flakes,Extruded cereals,Extruded flakes,Corn flakes",,[],25.0,e,other,no,25.0,32.5,Non Biodegradable,non_food,cornflakes,non_food
8904004400427.0,Ratlami sev,,,[],,,other,no,,30.0,Non Biodegradable,non_food,ratlami sev,non_food
8901071702195.0,Exotic dark,,,[],,unknown,other,no,,30.0,Non Biodegradable,non_food,exotic dark,non_food
8904052566069.0,Vanilla ice cream,"Desserts, Frozen foods, Frozen desserts, Ice creams and sorbets, Ice creams, Ice cream tubs, Vanilla ice cream tubs",,"['en:palm-oil-content-unknown', 'en:non-vegan', 'en:vegetarian-status-unknown']",67.0,b,cosmetic,no,67.0,46.7,Moderately Biodegradable,cosmetic,vanilla ice cream,frozen_food
8902393003250.0,BECOSULES Z capsules,"Non food products,Dietary supplements,Open Products Facts",,[],,unknown,other,no,,30.0,Non Biodegradable,non_food,becosules z capsules,non_food
8901721000756.0,Prabhuji mix 350g,,,[],,,other,no,,30.0,Non Biodegradable,non_food,prabhuji mix 350g,non_food
8906023901268.0,Hapima Fried Rice Mix,,,[],,unknown,other,no,,30.0,Non Biodegradable,grain,hapima fried rice mix,grain
8906048500668.0,Protinex Rich Chocolate Flavour 400g Jar,Dietary supplements,,['en:vegetarian'],,,beverage,no,,35.0,Non Biodegradable,beverage,protinex rich chocolate flavour 400g jar,confectionery
8901888002563.0,Grape,,Tetra Pak,[],,unknown,other,no,,40.0,Moderately Biodegradable,non_food,grape,non_food
8902041020417.0,Creamy Water Biscuits,"Snacks, Sweet snacks, Biscuits and cakes, Biscuits, Wafers, Thin crunchy wafer biscuit with chocolate, Chocolate Flavoured Wafer Biscuit, en:confectioneries",,"['en:may-contain-palm-oil', 'en:vegan-status-unknown', 'en:vegetarian-status-unknown']",49.0,c,snack,no,49.0,44.9,Moderately Biodegradable,snack,creamy water biscuits,confectionery
8901719122880.0,Parle's wafers,,,[],,unknown,other,no,,30.0,Non Biodegradable,snack,parle's wafers,snack
8901725105211.0,B Natural Mixed fruit fibre 180ml cbd,,,[],,unknown,other,no,,30.0,Non Biodegradable,non_food,b natural mixed fruit fibre 180ml cbd,non_food
8906039420425.0,Mithi orange candy,,,[],,unknown,other,no,,30.0,Non Biodegradable,confectionery,mithi orange candy,confectionery
8902080404575.0,Mango Slice 1.75ltr,"Plant-based foods and beverages, Beverages, Plant-based beverages, Fruit-based beverages",Plastic PET bottle,"['en:palm-oil-content-unknown', 'en:vegan-status-unknown', 'en:vegetarian']",,,other,no,,30.0,Non Biodegradable,non_food,mango slice 1.75ltr,non_food
8906005610591.0,Fruit Cake with Raisin & Tutti Frutti,"Snacks, Sweet snacks, Biscuits and cakes, Cakes, Fruit cakes",plastic,"['en:palm-oil', 'en:non-vegan', 'en:non-vegetarian']",50.0,c,other,no,50.0,35.0,Non Biodegradable,non_food,fruit cake with raisin & tutti frutti,non_food
8902080704057.0,Lehar Soda 750ml pet,"Beverages, Carbonated drinks, Waters, Carbonated waters, en:sodas",,[],,,beverage,no,,30.0,Non Biodegradable,beverage,lehar soda 750ml pet,beverage
8901499010742.0,Chocos Crunchy Bites,Food,,"['en:palm-oil-content-unknown', 'en:vegan-status-unknown', 'en:vegetarian']",,,other,no,,40.0,Moderately Biodegradable,non_food,chocos crunchy bites,non_food
8901123005762.0,Caramilk bars,,,[],,,dairy,no,,30.0,Non Biodegradable,dairy,caramilk bars,dairy
8906009803784.0,Dukes Waffy straberry,,,[],,,other,no,,30.0,Non Biodegradable,non_food,dukes waffy straberry,non_food
8908005505068.0,NACHO CHIPS,,,[],,,snack,no,,30.0,Non Biodegradable,snack,nacho chips,snack
8906009073323.0,Unibic Snappers,,,[],,,other,no,,30.0,Non Biodegradable,non_food,unibic snappers,non_food
8901499010513.0,Muesli kellogs,"Plant-based foods and beverages,Plant-based foods,Breakfasts,Cereals and potatoes,Cereals and their products,Breakfast cereals,Cereals with fruits,Mueslis,Mueslis with fruits",Plastic,"['en:palm-oil-free', 'en:vegan-status-unknown', 'en:vegetarian']",,,other,no,,30.0,Non Biodegradable,cereal,muesli kellogs,cereal
8901071306119.0,Sofit Soya Drink (Kesar Pista Flavour) 1ltr,"Plant-based foods and beverages, Beverages, Plant-based foods, Legumes and their products, Dairy substitutes, Milk substitutes, Plant-based beverages, Plant-based milk alternatives, Legume-based drinks, Soy-based drinks, Sweetened plain soy-based drinks",Tetra Pak paper-based recyclable carton,"['en:palm-oil-content-unknown', 'en:vegan', 'en:vegetarian']",,,beverage,yes,,100.0,Highly Biodegradable,beverage,sofit soya drink (kesar pista flavour) 1ltr,grain
8906002488490.0,doublement,,,[],,,other,no,,30.0,Non Biodegradable,non_food,doublement,non_food
8908005144359.0,Breakfast protein bar,"Snacks, Sweet snacks, Bars, Dietary supplements, Bodybuilding supplements, Energy bars, Protein bars, Protein Energy Bars",,"['en:palm-oil-free', 'en:non-vegan', 'en:vegetarian']",,,other,no,,40.0,Moderately Biodegradable,confectionery,breakfast protein bar,confectionery
8935001726449.0,fruit-tella,,,[],,,other,no,,30.0,Non Biodegradable,non_food,fruit-tella,non_food
8901071732468.0,Milkshake vanilla Ice cream flavor,en:flavoured-milks,,[],,,dairy,no,,30.0,Non Biodegradable,dairy,milkshake vanilla ice cream flavor,dairy
8904109401961.0,Divya jal,en:waters,,[],,not-applicable,other,no,,30.0,Non Biodegradable,non_food,divya jal,non_food
8906019776092.0,Arabian Premium Dates,"Aliments et boissons à base de végétaux, Aliments d'origine végétale, Aliments à base de fruits et de légumes, Fruits et produits dérivés, Fruits, Dattes",,"['en:palm-oil-free', 'en:vegan', 'en:vegetarian']",54.0,c,other,no,54.0,45.4,Moderately Biodegradable,non_food,arabian premium dates,non_food
8901262172493.0,Amul Chocochips Icecream,"Desserts, Surgelés, Desserts glacés, Glaces et sorbets, Glaces",,[],67.0,b,snack,no,67.0,36.7,Non Biodegradable,snack,amul chocochips icecream,snack
8906021927406.0,Fruit Blast Mixed Fruit Jam,,,[],,unknown,other,no,,30.0,Non Biodegradable,non_food,fruit blast mixed fruit jam,non_food
8902901222937.0,Good life black salt 200g,,,"['en:palm-oil-free', 'en:vegan', 'en:vegetarian']",,,other,no,,40.0,Moderately Biodegradable,spices,good life black salt 200g,other
8906010913113.0,Dairy day junior Sandae,,,[],,unknown,other,no,,30.0,Non Biodegradable,non_food,dairy day junior sandae,non_food
8904256717830.0,Brown rice chips,,,"['en:vegan', 'en:vegetarian']",,unknown,snack,no,,40.0,Moderately Biodegradable,snack,brown rice chips,snack
8901012320242.0,Guruji ompudi,,,[],,unknown,other,no,,30.0,Non Biodegradable,non_food,guruji ompudi,non_food
8902901223927.0,Almond 500gm,almonds,,['en:vegetarian'],,,other,no,,35.0,Non Biodegradable,non_food,almond 500gm,non_food
8904004409949.0,Sweets,,,[],,unknown,other,no,,30.0,Non Biodegradable,confectionery,sweets,confectionery
8901499009715.0,Kelloggs Crunchy Granola Almonds & Cranberries,"Plant-based foods and beverages, Plant-based foods, Snacks, Breakfasts, Cereals and potatoes, Sweet snacks, Cereals and their products, Bars, Breakfast cereals, Cereal bars, Nuts cereal bars, Cereal bar with almonds or hazelnuts, Cereal bar with almonds","Recyclable plastic,Pouch flask","['en:palm-oil', 'en:non-vegan', 'en:vegetarian']",,,other,no,,30.0,Non Biodegradable,non_food,kelloggs crunchy granola almonds & cranberries,non_food
8901030865855.0,Knorr soupy noodles mast masala,"Aliments et boissons à base de végétaux, Aliments d'origine végétale, Produits déshydratés, Pâtes alimentaires, Produits lyophilisés à reconstituer, Nouilles, Nouilles instantanées",,"['en:palm-oil-content-unknown', 'en:vegan-status-unknown', 'en:vegetarian-status-unknown']",,,other,no,,40.0,Moderately Biodegradable,spices,knorr soupy noodles mast masala,spices
8904145911820.0,Pedia Sure,en:kids,36,[],,unknown,other,no,,40.0,Moderately Biodegradable,non_food,pedia sure,non_food
8906001387015.0,English oven,,,[],,,other,no,,30.0,Non Biodegradable,non_food,english oven,non_food
8901242400608.0,Kai Murruku,,,[],,unknown,other,no,,30.0,Non Biodegradable,non_food,kai murruku,non_food
8901042964478.0,Multigrain Dosa,"Plant-based foods and beverages, Plant-based foods, Flours",,"['en:palm-oil', 'en:vegan-status-unknown', 'en:vegetarian-status-unknown']",,,other,no,,40.0,Moderately Biodegradable,non_food,multigrain dosa,non_food
8904018605238.0,Chandan Regal Rose Mix,mouth freshener,,"['en:palm-oil-free', 'en:vegan-status-unknown', 'en:vegetarian']",,,other,no,,40.0,Moderately Biodegradable,non_food,chandan regal rose mix,non_food
8908006217465.0,"Mango, Ragi, & Rice With Milk Cereal",,,[],,,dairy,no,,30.0,Non Biodegradable,dairy,"mango, ragi, & rice with milk cereal",dairy
8904004402131.0,Dry fruit mix,"snacks, salty-snacks, appetizers, da:crackers, plain-salty-snacks",1 coloured opeque plastic bag recycle,"['en:palm-oil', 'en:vegan-status-unknown', 'en:vegetarian']",,,other,no,,30.0,Non Biodegradable,non_food,dry fruit mix,non_food
8906017440902.0,Mamra giri Almond,"Plant-based foods and beverages,Plant-based foods,Nuts and their products,Nuts,Almonds",1 paper box recycle,"['en:palm-oil-content-unknown', 'en:vegan-status-unknown', 'en:vegetarian']",33.0,d,other,yes,33.0,100.0,Highly Biodegradable,non_food,mamra giri almond,non_food
8906137490146.0,Coconut Dreamz Biscuit,biscuit,,['en:vegetarian'],50.0,c,snack,no,50.0,40.0,Moderately Biodegradable,snack,coconut dreamz biscuit,confectionery
8908006666171.0,Walnut Kernels,"Plant-based foods and beverages,Plant-based foods,Nuts and their products,Nuts,Walnuts,Dried husked walnut",1 paper box recycle,"['en:palm-oil-free', 'en:vegan', 'en:vegetarian']",27.0,e,other,yes,27.0,100.0,Highly Biodegradable,non_food,walnut kernels,non_food
8906013030367.0,Xpress Instant Noodles Masala Delight,"Plant-based foods and beverages, Plant-based foods, Dried products, Pastas, Dried products to be rehydrated, Noodles, Instant noodles",,"['en:palm-oil', 'en:vegan-status-unknown', 'en:vegetarian-status-unknown']",52.0,c,other,no,52.0,45.2,Moderately Biodegradable,spices,xpress instant noodles masala delight,spices
8902246004656.0,haywards,"Beverages, Alcoholic beverages, Beers, Strong beers",beer,[],37.0,d,other,no,37.0,43.7,Moderately Biodegradable,non_food,haywards,non_food
8906010500900.0,wheels,"Snacks,Appetizers",,"['en:palm-oil', 'en:vegan-status-unknown', 'en:vegetarian']",,,other,no,,40.0,Moderately Biodegradable,non_food,wheels,non_food
8908005072812.0,delight nuts Omani dates,dates,,"['en:palm-oil-free', 'en:vegan', 'en:vegetarian']",49.0,c,other,no,49.0,44.9,Moderately Biodegradable,non_food,delight nuts omani dates,non_food
8901622072012.0,Vijaya Vajra,"Dairies,Milks (liquid and powder),Milks,Homogenized milks,Pasteurised products,UHT Milks",,"['en:palm-oil-free', 'en:non-vegan', 'en:vegetarian-status-unknown']",37.0,d,other,no,37.0,43.7,Moderately Biodegradable,non_food,vijaya vajra,non_food
8904355400305.0,imported olive oil,en:olive-oils,,[],27.0,e,other,no,27.0,32.7,Non Biodegradable,non_food,imported olive oil,non_food
8908011478684.0,Heart Healthy Trail Mix,"Plant-based foods and beverages, Plant-based foods, Fruits and vegetables based foods, Fruits based foods, Dried products, Dried plant-based foods, Dried fruits",,"['en:palm-oil-free', 'en:vegan-status-unknown', 'en:vegetarian']",,unknown,other,no,,40.0,Moderately Biodegradable,non_food,heart healthy trail mix,non_food
8901088141260.0,Masala oats,,,[],,unknown,other,no,,30.0,Non Biodegradable,cereal,masala oats,spices
8906066700521.0,Kettle corn,,,[],,unknown,other,no,,30.0,Non Biodegradable,non_food,kettle corn,non_food
8908004279113.0,maggie,,,[],,unknown,other,no,,30.0,Non Biodegradable,non_food,maggie,non_food
8901719117213.0,Parle HIDEGSEEK,en:biscuits,,[],,,other,no,,30.0,Non Biodegradable,non_food,parle hidegseek,non_food
8901063019027.0,Little Hearts Classic,"Snacks, Sweet snacks, Biscuits and cakes, Biscuits, Sugar coated biscuit",,"['en:palm-oil-content-unknown', 'en:non-vegan', 'en:vegetarian']",,,other,no,,40.0,Moderately Biodegradable,dairy,little hearts classic,dairy
8902393003199.0,Gelusil,"Non alimentaire, Open Products Facts",,[],,unknown,other,no,,30.0,Non Biodegradable,non_food,gelusil,non_food
8904327600931.0,Myfitness Chocolate peanut butter,en:peanut-butters,,[],,,dairy,no,,30.0,Non Biodegradable,beverage,myfitness chocolate peanut butter,dairy
8901719123443.0,Kismis,"Snacks, Sweet snacks, Cocoa and its products, Confectioneries, Chocolate candies, Elaichi flavored bar, Elaichi-flavoured-bar, Sugar-boiled-confectionery, en:bars",,[],,,other,no,,30.0,Non Biodegradable,non_food,kismis,non_food
8901725119201.0,yippee!,,,[],,unknown,other,no,,30.0,Non Biodegradable,non_food,yippee!,non_food
8904049708120.0,Nature's essence almond and honey,,,"['en:palm-oil-content-unknown', 'en:vegan-status-unknown', 'en:vegetarian-status-unknown']",,unknown,other,no,,40.0,Moderately Biodegradable,non_food,nature's essence almond and honey,non_food
8906037060012.0,Suji Rusk,,,[],,unknown,other,no,,30.0,Non Biodegradable,non_food,suji rusk,non_food
8906015720020.0,Big mishra pedha,"Snacks,Sweet snacks,Dairy by-products",,"['en:palm-oil-content-unknown', 'en:non-vegan', 'en:vegetarian']",,,other,no,,40.0,Moderately Biodegradable,non_food,big mishra pedha,non_food
8901058902372.0,Maggi pazzta,,,['en:vegetarian'],,unknown,other,no,,35.0,Non Biodegradable,non_food,maggi pazzta,non_food
8901088102872.0,Parachute Coconut Oil,"Plant-based foods and beverages,Plant-based foods,Fats,Vegetable fats,Vegetable oils,Coconut oils",,['en:vegetarian'],,,other,no,,35.0,Non Biodegradable,non_food,parachute coconut oil,non_food
8901207045318.0,Chocolate Peanut Butter,,,"['en:palm-oil', 'en:vegan-status-unknown', 'en:vegetarian']",,unknown,dairy,no,,40.0,Moderately Biodegradable,beverage,chocolate peanut butter,dairy
8908000835368.0,Ringo Star ring,,,[],,unknown,other,no,,30.0,Non Biodegradable,non_food,ringo star ring,non_food
8904043553542.0,Danish bun,,,[],,,other,no,,30.0,Non Biodegradable,non_food,danish bun,non_food
8906005618030.0,Winkies chocolate swiss roll,Cake,,[],,,beverage,no,,30.0,Non Biodegradable,beverage,winkies chocolate swiss roll,confectionery
8904256723015.0,Happychef Tandoori Paneer Tikka Pizza,"Meals,Pizzas pies and quiches,Pizzas","Cardboard,Paperboard","['en:may-contain-palm-oil', 'en:non-vegan', 'en:vegetarian']",,,dairy,yes,,100.0,Highly Biodegradable,dairy,happychef tandoori paneer tikka pizza,dairy
8908006514847.0,Muffets and tuffets Burger bun,,,[],,unknown,other,no,,30.0,Non Biodegradable,non_food,muffets and tuffets burger bun,non_food
8904132913226.0,Snac tac Tomato Ketchup,"Condiments, Sauces, Tomato sauces, Ketchup, Tomato Ketchup",,['en:vegetarian'],,,other,no,,35.0,Non Biodegradable,condiment,snac tac tomato ketchup,sauce_condiment
8906002001118.0,Pasta & pizza sauce,,,[],,,other,no,,30.0,Non Biodegradable,condiment,pasta & pizza sauce,sauce_condiment
8902901126464.0,Yeah mango juice,,,[],,unknown,beverage,no,,30.0,Non Biodegradable,beverage,yeah mango juice,beverage
8908000233232.0,Iyer's Punjabi Masala Papad,,,[],,,other,no,,30.0,Non Biodegradable,spices,iyer's punjabi masala papad,spices
8904272600055.0,Storia mango shake,,,['en:vegetarian'],,unknown,other,no,,35.0,Non Biodegradable,non_food,storia mango shake,non_food
8904073601022.0,Sharbat Khus,Syrups,,"['en:palm-oil-content-unknown', 'en:vegan-status-unknown', 'en:vegetarian']",,unknown,other,no,,40.0,Moderately Biodegradable,beverage,sharbat khus,beverage_syrup
8907003505124.0,Mini Thenkuzhal,Snacks,,"['en:palm-oil-content-unknown', 'en:non-vegan', 'en:vegetarian']",,,other,no,,40.0,Moderately Biodegradable,non_food,mini thenkuzhal,non_food
8904258701974.0,protien milkshake,,,[],,,dairy,no,,30.0,Non Biodegradable,dairy,protien milkshake,dairy
8902901225181.0,Moong dal whole 500g,,,[],,,other,no,,30.0,Non Biodegradable,grain,moong dal whole 500g,grain
8901123005403.0,Lotto Choco Pie With Rich Marshmallow,"Snacks, Sweet snacks, Cocoa and its products, Chocolates, en:chocolate-biscuits",,"['en:palm-oil', 'en:non-vegan', 'en:vegetarian-status-unknown']",,,other,no,,40.0,Moderately Biodegradable,non_food,lotto choco pie with rich marshmallow,non_food
8906080601637.0,Pomo juice,,,[],,unknown,beverage,no,,30.0,Non Biodegradable,beverage,pomo juice,beverage
8901491983198.0,MAXX MACHO CHILLI FLAVOUR,potato chips,,[],,,other,no,,30.0,Non Biodegradable,non_food,maxx macho chilli flavour,non_food
8906002342563.0,Rajdhani Maida,,,"['en:palm-oil-content-unknown', 'en:vegan-status-unknown', 'en:vegetarian-status-unknown']",,unknown,other,no,,40.0,Moderately Biodegradable,non_food,rajdhani maida,non_food
8901888006363.0,Real Mixed Fruit 180ml,Real mixed fruit juice,,"['en:palm-oil-content-unknown', 'en:vegan-status-unknown', 'en:vegetarian-status-unknown']",,,other,no,,40.0,Moderately Biodegradable,non_food,real mixed fruit 180ml,non_food
8906002130016.0,Toor dhal,,,[],,unknown,other,no,,30.0,Non Biodegradable,non_food,toor dhal,non_food
8934043905379.0,Tata Gofit plant protein,"Dietary supplements,Bodybuilding supplements,Protein powders",,['en:vegetarian'],,unknown,other,no,,35.0,Non Biodegradable,non_food,tata gofit plant protein,non_food
8901741000026.0,Wai wai masala noodles,,,[],,,other,no,,30.0,Non Biodegradable,spices,wai wai masala noodles,spices
8906032019169.0,Patanjali Atta noodles Chatpata flavour,,,[],,,other,no,,30.0,Non Biodegradable,grain,patanjali atta noodles chatpata flavour,grain
8901595971244.0,Ching's Hot and sour,en:soups,,['en:vegetarian'],,,other,no,,35.0,Non Biodegradable,non_food,ching's hot and sour,non_food
8906015613216.0,Hangyo Roasted Almonds Icecream,,,[],,,cosmetic,no,,30.0,Non Biodegradable,cosmetic,hangyo roasted almonds icecream,frozen_food
8906015614978.0,Hangyo Pink Guava Icecream,,,[],,unknown,cosmetic,no,,30.0,Non Biodegradable,cosmetic,hangyo pink guava icecream,frozen_food
8906054102092.0,Uzhunnu Vada,Frozen foods,,[],,unknown,other,no,,30.0,Non Biodegradable,non_food,uzhunnu vada,non_food
8906000920046.0,Crisp Wheat Khakhra - Masala,,,['en:vegetarian'],,unknown,other,no,,35.0,Non Biodegradable,grain,crisp wheat khakhra - masala,spices
8901512562203.0,8901512562203,,,[],,unknown,other,no,,30.0,Non Biodegradable,non_food,8901512562203,non_food
8906010368722.0,Townbus masala peanut,,,[],,unknown,other,no,,30.0,Non Biodegradable,spices,townbus masala peanut,spices
8902901224641.0,Good life Masoor whole 500g,,,[],,,other,no,,30.0,Non Biodegradable,non_food,good life masoor whole 500g,non_food
8906064656783.0,Wingreens farms prm tandri moyo,Sauces and Condiments variety packs,,[],,,other,no,,30.0,Non Biodegradable,non_food,wingreens farms prm tandri moyo,non_food
8902901033557.0,Good life Chana brown big 500g,,,[],,,other,no,,30.0,Non Biodegradable,non_food,good life chana brown big 500g,non_food
8902901222227.0,Good life chilli powder,"Plant-based foods and beverages, Plant-based foods, Condiments, Spices, Chili peppers, Chili powders",,"['en:palm-oil-free', 'en:vegan', 'en:vegetarian']",,,other,no,,40.0,Moderately Biodegradable,spices,good life chilli powder,other
8906113870139.0,yavira,"Beverages, Alcoholic beverages, Beers",,"['en:palm-oil-content-unknown', 'en:vegan-status-unknown', 'en:vegetarian']",,,other,no,,40.0,Moderately Biodegradable,non_food,yavira,non_food
8906009531335.0,Max protein active choco fudge bar,,,[],,unknown,other,no,,30.0,Non Biodegradable,confectionery,max protein active choco fudge bar,confectionery
8901030881411.0,Tomato Sauce,,,[],,unknown,other,no,,30.0,Non Biodegradable,condiment,tomato sauce,sauce_condiment
8901262175845.0,Icecream,en:ice-creams,,[],,,cosmetic,no,,30.0,Non Biodegradable,cosmetic,icecream,frozen_food
8901207033551.0,Hommade imli sauce,Sauces,,['en:vegetarian'],,,other,no,,35.0,Non Biodegradable,condiment,hommade imli sauce,sauce_condiment
8906020492219.0,LAL Dharwad Peda,,,[],,,other,no,,30.0,Non Biodegradable,non_food,lal dharwad peda,non_food
8906030680071.0,Gurujii kara boondi,,,[],,unknown,other,no,,30.0,Non Biodegradable,non_food,gurujii kara boondi,non_food
8901207004414.0,REAL litchi juice (2) 1ltr tpk,,,[],,,beverage,no,,30.0,Non Biodegradable,beverage,real litchi juice (2) 1ltr tpk,beverage
8901719113451.0,20 20 cashew,,,[],,,other,no,,30.0,Non Biodegradable,non_food,20 20 cashew,non_food
89009727.0,rich tomato sauce,,,[],,unknown,other,no,,30.0,Non Biodegradable,condiment,rich tomato sauce,sauce_condiment
8904045410386.0,Multani rajbhogprash,,,[],,unknown,other,no,,30.0,Non Biodegradable,non_food,multani rajbhogprash,non_food
8901262175074.0,Amul nutty ice ceam,"Desserts, Surgelés, Desserts glacés",,[],,unknown,other,no,,30.0,Non Biodegradable,non_food,amul nutty ice ceam,non_food
8901491002349.0,Sizzlin hot nacho,"ro:nachos, en:corn-chips",,"['en:palm-oil-content-unknown', 'en:vegan-status-unknown', 'en:vegetarian-status-unknown']",,,other,no,,40.0,Moderately Biodegradable,non_food,sizzlin hot nacho,non_food
8907459000365.0,Kopiko,"Snacks,Sweet snacks,Confectioneries,Candies",,['en:vegetarian'],42.0,d,other,no,42.0,39.2,Non Biodegradable,non_food,kopiko,non_food
8902901001594.0,Besan 500g,en:flours,,[],,,other,no,,30.0,Non Biodegradable,non_food,besan 500g,non_food
8908002974546.0,Kamarkat,,,"['en:palm-oil-content-unknown', 'en:vegan-status-unknown', 'en:vegetarian-status-unknown']",,unknown,other,no,,40.0,Moderately Biodegradable,non_food,kamarkat,non_food
8908002974942.0,Coconut mittai,Sweet snacks,,['en:vegetarian'],,unknown,other,no,,35.0,Non Biodegradable,non_food,coconut mittai,non_food
8901719118654.0,20/20,,,"['en:palm-oil-content-unknown', 'en:vegan-status-unknown', 'en:vegetarian-status-unknown']",,unknown,other,no,,40.0,Moderately Biodegradable,non_food,20/20,non_food
8904132912823.0,Snactac bikaneri bhujja 1kg,,,[],,unknown,other,no,,30.0,Non Biodegradable,non_food,snactac bikaneri bhujja 1kg,non_food
8906070020455.0,Sharvas Sev nice chilly,,,[],,unknown,other,no,,30.0,Non Biodegradable,non_food,sharvas sev nice chilly,non_food
8906070020592.0,Sharvas corn mixture,,,[],,unknown,other,no,,30.0,Non Biodegradable,non_food,sharvas corn mixture,non_food
8906070020417.0,Sharvas ompudi,,,[],,unknown,other,no,,30.0,Non Biodegradable,non_food,sharvas ompudi,non_food
8904112704042.0,Durga butter murukku,,,[],,unknown,dairy,no,,30.0,Non Biodegradable,dairy,durga butter murukku,dairy
8902042212583.0,gold cup,,,[],,unknown,other,no,,30.0,Non Biodegradable,non_food,gold cup,non_food
8906125980024.0,cheese Microwave popcorn,,,[],,,dairy,no,,30.0,Non Biodegradable,dairy,cheese microwave popcorn,dairy
8901304269457.0,hygenic,,,[],,unknown,other,no,,30.0,Non Biodegradable,non_food,hygenic,non_food
8904304711582.0,Suggi peanut masala,,,['en:vegetarian'],,unknown,other,no,,35.0,Non Biodegradable,spices,suggi peanut masala,spices
8904304711599.0,Suggi classic salted peanuts,,,[],,unknown,other,no,,30.0,Non Biodegradable,dairy,suggi classic salted peanuts,dairy
8906119530112.0,Zuggi Crushed peanut Chikki,,,[],,,other,no,,30.0,Non Biodegradable,non_food,zuggi crushed peanut chikki,non_food
8906119530082.0,Zuggi peanut Chikki,,,[],,unknown,other,no,,30.0,Non Biodegradable,non_food,zuggi peanut chikki,non_food
8901719124877.0,Parle Maire,,,[],,,other,no,,30.0,Non Biodegradable,non_food,parle maire,non_food
8901491990097.0,Doritos Sweet Chilli,en:corn-chips,,[],,,other,no,,30.0,Non Biodegradable,confectionery,doritos sweet chilli,confectionery
8901719123122.0,Hide and Seek choco chip,,,[],,,other,no,,30.0,Non Biodegradable,non_food,hide and seek choco chip,snack
8901088098472.0,Set,,,[],,unknown,other,no,,30.0,Non Biodegradable,non_food,set,non_food
8901719124068.0,Parle Rusk real elaichi,,,[],,unknown,other,no,,30.0,Non Biodegradable,non_food,parle rusk real elaichi,non_food
8908013841004.0,BL Roasted Suji,,,[],,unknown,other,no,,30.0,Non Biodegradable,non_food,bl roasted suji,non_food
8902433002014.0,Bounty Miniatures,,,[],,unknown,other,no,,30.0,Non Biodegradable,non_food,bounty miniatures,non_food
8904113521280.0,Agro Fresh Idli Rawa,,,[],,unknown,other,no,,30.0,Non Biodegradable,non_food,agro fresh idli rawa,non_food
8902089020066.0,Til Sona,,,[],,,other,no,,30.0,Non Biodegradable,non_food,til sona,non_food
8906014640046.0,Vanaspati Dalda,,,[],,,other,no,,30.0,Non Biodegradable,grain,vanaspati dalda,grain
8906014080064.0,Brahmins Fied Rawa,,,[],,unknown,other,no,,30.0,Non Biodegradable,non_food,brahmins fied rawa,non_food
8901393016185.0,Mentor pure fresh mint sfree,,,[],,unknown,other,no,,30.0,Non Biodegradable,non_food,mentor pure fresh mint sfree,non_food
8902433003585.0,Galaxy Crispy Chocolate,,,[],,,beverage,no,,30.0,Non Biodegradable,beverage,galaxy crispy chocolate,confectionery
8901058869736.0,Milo cocoa malt milk,,,[],,,dairy,no,,30.0,Non Biodegradable,dairy,milo cocoa malt milk,dairy
8906014085601.0,Brahmins appam powder,,,[],,unknown,other,no,,30.0,Non Biodegradable,spices,brahmins appam powder,other
8906014080026.0,Brahmins putting pudi,,,[],,unknown,other,no,,30.0,Non Biodegradable,non_food,brahmins putting pudi,non_food
89007716.0,Orbit sweet mint sugar free gum,,,[],,,other,no,,30.0,Non Biodegradable,confectionery,orbit sweet mint sugar free gum,confectionery
8902433003677.0,Galaxy smooth Milk,Milk chocolate bar,,"['en:palm-oil', 'en:non-vegan', 'en:vegetarian-status-unknown']",,,dairy,no,,40.0,Moderately Biodegradable,dairy,galaxy smooth milk,dairy
8901725003128.0,B Natural Mango bitz,,,[],,unknown,other,no,,30.0,Non Biodegradable,non_food,b natural mango bitz,non_food
8901499011367.0,Chocos variety pack 7 packs,,,[],,,other,no,,30.0,Non Biodegradable,non_food,chocos variety pack 7 packs,non_food
8906035140075.0,Chipo white mix,,,[],,unknown,other,no,,30.0,Non Biodegradable,non_food,chipo white mix,snack
8906035140181.0,Chipo snow flakes mix,,,['en:vegetarian'],,unknown,other,no,,35.0,Non Biodegradable,non_food,chipo snow flakes mix,snack
8906070492009.0,Ojin ring ring,,,[],,unknown,other,no,,30.0,Non Biodegradable,non_food,ojin ring ring,non_food
8908001503099.0,Taza Salt,,,[],,unknown,other,no,,30.0,Non Biodegradable,spices,taza salt,other
8906078260563.0,butter bke,en:butters,,[],,,dairy,no,,30.0,Non Biodegradable,dairy,butter bke,dairy
8901393018073.0,Juzt Jelly,,,[],,,other,no,,30.0,Non Biodegradable,non_food,juzt jelly,non_food
8901972075688.0,Waffy,,,[],,unknown,other,no,,30.0,Non Biodegradable,non_food,waffy,non_food
8906031312735.0,Hi-Nutrition Breakfast Cereal,Breakfast cereals,,['en:vegetarian'],25.0,e,other,no,25.0,37.5,Non Biodegradable,cereal,hi-nutrition breakfast cereal,cereal
8906019711604.0,Gluten Free Rice Maize Penne Pasta,"Plant-based foods and beverages, Plant-based foods, Specific products, Pastas, Products for specific diets, Products without gluten",,[],,,other,no,,30.0,Non Biodegradable,grain,gluten free rice maize penne pasta,grain
8906005618658.0,Bauli moonfils,,,[],,,other,no,,30.0,Non Biodegradable,non_food,bauli moonfils,non_food
8906007280037.0,Fortune Soya Health Refined Oil,"Soybean oils,soyabean oil",,[],,,other,no,,30.0,Non Biodegradable,non_food,fortune soya health refined oil,grain
8901786431014.0,Coriender powder everest,,,[],,unknown,other,no,,30.0,Non Biodegradable,spices,coriender powder everest,other
8902042111077.0,AVT PREMIUM,,,[],,,other,no,,30.0,Non Biodegradable,non_food,avt premium,non_food
8902901224177.0,Best farm pista green,,,[],,,other,no,,30.0,Non Biodegradable,non_food,best farm pista green,non_food
8906030680361.0,Gurujee Cornflakes Masala,,,[],,,other,no,,30.0,Non Biodegradable,spices,gurujee cornflakes masala,spices
8906030680514.0,Gurujee Ompudi Mixture,,,[],,,other,no,,30.0,Non Biodegradable,non_food,gurujee ompudi mixture,non_food
8906030680149.0,Gurujee Ompudi Thin,,,[],,,other,no,,30.0,Non Biodegradable,non_food,gurujee ompudi thin,non_food
8906030680033.0,Gurujee Kharapuri Masala,,,[],,,other,no,,30.0,Non Biodegradable,spices,gurujee kharapuri masala,spices
8906030680330.0,Gurujee green peas,,,[],,,other,no,,30.0,Non Biodegradable,non_food,gurujee green peas,non_food
8902433003998.0,Kesar Pista,"Snacks, Sweet snacks, Cocoa and its products, Bars, Chocolates",,['en:vegetarian'],,,other,no,,35.0,Non Biodegradable,non_food,kesar pista,non_food
8902188812067.0,Ramdev strong hing,,,[],,unknown,other,no,,30.0,Non Biodegradable,non_food,ramdev strong hing,non_food
8906114940190.0,Patal pohe chiwda,,,"['en:palm-oil', 'en:vegan-status-unknown', 'en:vegetarian-status-unknown']",,unknown,other,no,,40.0,Moderately Biodegradable,non_food,patal pohe chiwda,non_food
8906042150579.0,Anil happala,,,[],,unknown,other,no,,30.0,Non Biodegradable,non_food,anil happala,non_food
8904113521969.0,Agro fresh jaggry,,,[],,unknown,other,no,,30.0,Non Biodegradable,non_food,agro fresh jaggry,non_food
8904112704363.0,Durga sessame chakra,,,[],,unknown,other,no,,30.0,Non Biodegradable,non_food,durga sessame chakra,non_food
8901764239304.0,Minute maid mix fruit juice,,,[],,unknown,beverage,no,,30.0,Non Biodegradable,beverage,minute maid mix fruit juice,beverage
8908000385221.0,Dev snacks,,,[],,,snack,no,,30.0,Non Biodegradable,snack,dev snacks,snack
8908000384132.0,Dev kuzalappam,,,[],,,other,no,,30.0,Non Biodegradable,non_food,dev kuzalappam,non_food
8908000385139.0,Kuzhalappam,"Plant-based foods and beverages, Plant-based foods, Cereals and potatoes, Breads",,"['en:non-vegan', 'en:non-vegetarian']",,unknown,other,no,,40.0,Moderately Biodegradable,non_food,kuzhalappam,non_food
8901393024043.0,Chupa chups mango + orange flavour,"Snacks, Snacks sucrés, Confiseries, Bonbons",,[],42.0,d,other,no,42.0,34.2,Non Biodegradable,non_food,chupa chups mango + orange flavour,non_food
8906013032897.0,Masala delight,,,[],,unknown,other,no,,30.0,Non Biodegradable,spices,masala delight,spices
8904355911917.0,Upsnac Sweet Cinnoman Peanut Butter,"Plant-based foods and beverages,Plant-based foods,Legumes and their products,Spreads,Nuts and their products,Plant-based spreads,Oilseed purees,Legume butters,Nut butters,Peanut butters",,"['en:vegan', 'en:vegetarian']",35.0,d,dairy,no,35.0,43.5,Moderately Biodegradable,dairy,upsnac sweet cinnoman peanut butter,dairy
8901522000023.0,100 Pipers,"Beverages and beverages preparations,Beverages,Alcoholic beverages,Distilled beverages,Hard liquors",,[],,,other,no,,30.0,Non Biodegradable,non_food,100 pipers,non_food
8901725111465.0,Bingo potato Chips,,,[],,unknown,snack,no,,30.0,Non Biodegradable,snack,bingo potato chips,snack
8904132911475.0,Yeah mixed fruit,,,[],,unknown,other,no,,30.0,Non Biodegradable,non_food,yeah mixed fruit,non_food
8904132919297.0,Desi kitchen sanje masala,,,[],,,other,no,,30.0,Non Biodegradable,spices,desi kitchen sanje masala,spices
8904113521457.0,Agrofresh green cardamon,,,[],,unknown,other,no,,30.0,Non Biodegradable,non_food,agrofresh green cardamon,non_food
8901042954875.0,Matt chana masala,,,[],,unknown,other,no,,30.0,Non Biodegradable,spices,matt chana masala,spices
8904049111647.0,Triphala Churna (B.P.N),,,[],,unknown,other,no,,30.0,Non Biodegradable,non_food,triphala churna (b.p.n),non_food
8901262151344.0,Badam Shakers,"Beverages and beverages preparations, Beverages, en:milks",,[],,,other,no,,30.0,Non Biodegradable,non_food,badam shakers,non_food
8901719124600.0,Parle Monaco can 150g,en:appetizers,,[],,,other,no,,30.0,Non Biodegradable,non_food,parle monaco can 150g,non_food
8901972061018.0,Nibbles ranch,,,[],,unknown,other,no,,30.0,Non Biodegradable,non_food,nibbles ranch,non_food
8906009072661.0,Unibic Snapper potato,,,[],,,other,no,,30.0,Non Biodegradable,non_food,unibic snapper potato,non_food
8906009072654.0,Unibic Snapper potato spice 300g( 2ta),,,[],,,other,no,,30.0,Non Biodegradable,spices,unibic snapper potato spice 300g( 2ta),spices
8901725000592.0,Sunfest Marie Light,en:biscuits,,[],50.0,c,other,no,50.0,35.0,Non Biodegradable,non_food,sunfest marie light,non_food
8904132907669.0,Healthy life Chocho,,,[],,,other,no,,30.0,Non Biodegradable,non_food,healthy life chocho,non_food
8904132928541.0,Aarambh Muesli,en:mueslis,,[],62.0,b,other,no,62.0,36.2,Non Biodegradable,cereal,aarambh muesli,cereal
8904132928480.0,Aarambh corn flakes,en:corn-flakes,,['en:vegetarian'],25.0,e,other,no,25.0,37.5,Non Biodegradable,cereal,aarambh corn flakes,cereal
8906062861684.0,Brij Punjabi mixture namkeen,,,[],,unknown,snack,no,,30.0,Non Biodegradable,snack,brij punjabi mixture namkeen,snack
8908004643587.0,GM Aloo Paratha,,,[],,unknown,other,no,,30.0,Non Biodegradable,non_food,gm aloo paratha,non_food
8904132934610.0,getreal pure tenders,,,[],,,other,no,,30.0,Non Biodegradable,non_food,getreal pure tenders,non_food
8902901222210.0,Good life turmeric powder,,,[],,,other,no,,30.0,Non Biodegradable,spices,good life turmeric powder,spice
8902901223002.0,Good life jeera powder,jeera powder,,['en:vegetarian'],,,other,no,,35.0,Non Biodegradable,spices,good life jeera powder,other
8901440023258.0,Eastern cumin powder,,,[],,unknown,other,no,,30.0,Non Biodegradable,spices,eastern cumin powder,spice
8906044992856.0,Alo Frut Kiwi 1ltr,,,[],,unknown,other,no,,30.0,Non Biodegradable,non_food,alo frut kiwi 1ltr,non_food
8908010907147.0,Jaw dropping skin,,,[],,unknown,other,no,,30.0,Non Biodegradable,non_food,jaw dropping skin,non_food
8906066204029.0,CREAMY MUSHROOM SOUP,,,[],,unknown,cosmetic,no,,30.0,Non Biodegradable,cosmetic,creamy mushroom soup,non_food
8906006853867.0,Sweet cream vanilla,,,[],,unknown,cosmetic,no,,30.0,Non Biodegradable,confectionery,sweet cream vanilla,confectionery
8906084560022.0,Ragi with oats biscuits,"Snacks,Sweet snacks,Biscuits and cakes,Biscuits",,[],50.0,c,snack,no,50.0,35.0,Non Biodegradable,snack,ragi with oats biscuits,confectionery
8901216812260.0,KS Spark,,,[],,unknown,other,no,,30.0,Non Biodegradable,non_food,ks spark,non_food
8906009078847.0,Unibic Choco ripple biscuit,,,[],,unknown,snack,no,,30.0,Non Biodegradable,snack,unibic choco ripple biscuit,confectionery
8901719120992.0,Parle Monaco biscuits 700,,,[],,,snack,no,,30.0,Non Biodegradable,snack,parle monaco biscuits 700,confectionery
8901063155329.0,Tiger Crunch biscuit 400g,"Snacks,Sweet snacks,Biscuits and cakes,Biscuits",,[],,,snack,no,,30.0,Non Biodegradable,snack,tiger crunch biscuit 400g,confectionery
8904342605409.0,Pomegranate peel powder,,,"['en:vegan', 'en:vegetarian']",,unknown,other,no,,40.0,Moderately Biodegradable,spices,pomegranate peel powder,other
8901030900105.0,Tomato Soup,"Plant-based foods and beverages, Plant-based foods, Fruits and vegetables based foods, Meals, Soups, Vegetable soups, Tomato soups",,"['en:palm-oil', 'en:vegan-status-unknown', 'en:vegetarian-status-unknown']",,,other,no,,40.0,Moderately Biodegradable,non_food,tomato soup,non_food
8904063240286.0,Moon daal,Namkeen,,[],,unknown,other,no,,30.0,Non Biodegradable,non_food,moon daal,non_food
8908013252015.0,Crunchy Granola,"Plant-based foods and beverages,Plant-based foods,Breakfasts,Cereals and potatoes,Cereals and their products,Breakfast cereals,Mueslis",,['en:vegetarian'],62.0,b,other,no,62.0,41.2,Moderately Biodegradable,non_food,crunchy granola,non_food
8902901001747.0,Semolina Suji Rawa,Semolina,,"['en:palm-oil-free', 'en:vegan', 'en:vegetarian']",,,other,no,,40.0,Moderately Biodegradable,non_food,semolina suji rawa,non_food
8902901001754.0,Sooji rawa,wheat,,"['en:palm-oil-free', 'en:vegan', 'en:vegetarian']",,,other,no,,40.0,Moderately Biodegradable,non_food,sooji rawa,non_food
8902080013265.0,Tropicana Guava Juice (25),en:fruit-juices,,"['en:palm-oil-content-unknown', 'en:vegan-status-unknown', 'en:vegetarian-status-unknown']",,,beverage,no,,40.0,Moderately Biodegradable,beverage,tropicana guava juice (25),beverage
8904112704141.0,Durga Cornflax mixture,,,[],,unknown,other,no,,30.0,Non Biodegradable,non_food,durga cornflax mixture,non_food
8904112704165.0,Durga puffed rice,,,[],,,other,no,,30.0,Non Biodegradable,grain,durga puffed rice,grain
8906000920015.0,Daddis plain khakra,,,[],,unknown,other,no,,30.0,Non Biodegradable,non_food,daddis plain khakra,non_food
8907003505070.0,A2b pepper sev,,,[],,unknown,other,no,,30.0,Non Biodegradable,spices,a2b pepper sev,spice
8904112704455.0,Durga moong dal,,,[],,unknown,other,no,,30.0,Non Biodegradable,grain,durga moong dal,grain
8906070020431.0,Sharvas pepper sev,,,[],,unknown,other,no,,30.0,Non Biodegradable,spices,sharvas pepper sev,spice
8904085900090.0,Ambika Appam papad,"Plant-based foods and beverages,Plant-based foods,Cereals and potatoes,Breads,Flatbreads,Special breads,Papadum",,['en:vegetarian'],,,other,no,,35.0,Non Biodegradable,non_food,ambika appam papad,non_food
8902901224825.0,Good life urad dal chillka,"Plant-based foods and beverages,Plant-based foods,Legumes and their products,Legumes,Seeds,Legume seeds,Pulses,Black grams",,[],,,other,no,,30.0,Non Biodegradable,grain,good life urad dal chillka,grain
8901052003723.0,Tata tea gold,en:teas,,[],,,beverage,no,,30.0,Non Biodegradable,beverage,tata tea gold,beverage
8906006051201.0,Bejar flour,,,[],,unknown,other,no,,30.0,Non Biodegradable,grain,bejar flour,grain
8902901001761.0,Broken wheat,,,[],,,other,no,,30.0,Non Biodegradable,grain,broken wheat,grain
8901725006358.0,Sunfeast Smoothies Strawberry with Chia Seeds 300ml,"Plant-based foods and beverages, Beverages, Plant-based beverages, Smoothies, Fruit smoothies",,['en:vegetarian'],,,other,no,,35.0,Non Biodegradable,non_food,sunfeast smoothies strawberry with chia seeds 300ml,non_food
8901688900083.0,Vegetable Spring Rolls,Frozen spring rolls,,[],,unknown,other,no,,30.0,Non Biodegradable,non_food,vegetable spring rolls,non_food
8902756331891.0,Yummiez Veg. Cheese Fingers,"Alternatives à la viande,Substituts de viande,Produits panés,Nuggets végétariens,Nuggets végétariens surgelés,Surgelés",,"['en:may-contain-palm-oil', 'en:non-vegan', 'en:vegetarian-status-unknown']",,,dairy,no,,40.0,Moderately Biodegradable,dairy,yummiez veg. cheese fingers,dairy
8904406403095.0,Tamyam creme Chocolat wafters,"Snacks,Sweet snacks,Biscuits and cakes,Biscuits and crackers,Biscuits,wafers",,['en:vegetarian'],58.0,c,beverage,no,58.0,40.8,Moderately Biodegradable,beverage,tamyam creme chocolat wafters,beverage
8902080204052.0,Mirinda orange Flavour 750ml,"Beverages and beverages preparations,Plant-based foods and beverages,Beverages,Plant-based beverages,Fruit-based beverages",,[],,,other,no,,30.0,Non Biodegradable,non_food,mirinda orange flavour 750ml,non_food
8904272600574.0,Storea 100%guava juice,,,[],,unknown,beverage,no,,30.0,Non Biodegradable,beverage,storea 100%guava juice,beverage
8901063032446.0,Britannia Treat Croissant Cocoa Crème,"Snacks, Sweet snacks, Viennoiseries, Croissants, Chocolate croissant",,[],,,other,no,,30.0,Non Biodegradable,other_food,britannia treat croissant cocoa crème,other
8901063004207.0,Britannia Good Day Chocochip Cookies,"Snacks, Sweet snacks, Biscuits and cakes, Biscuits",,[],50.0,c,snack,no,50.0,35.0,Non Biodegradable,snack,britannia good day chocochip cookies,snack
8906018140429.0,Puff Dough Paratha,"Plant-based foods and beverages,Plant-based foods,Cereals and potatoes,Breads",,"['en:palm-oil', 'en:vegan', 'en:vegetarian']",,,other,no,,40.0,Moderately Biodegradable,non_food,puff dough paratha,non_food
8906001055372.0,Mango and chilis pickles,,,[],,unknown,other,no,,30.0,Non Biodegradable,non_food,mango and chilis pickles,non_food
8906116955949.0,Creamy Dark Chocolate Peanut Butter,"Plant-based foods and beverages, Plant-based foods, Snacks, Sweet snacks, Nuts and their products",,"['en:may-contain-palm-oil', 'en:non-vegan', 'en:vegetarian']",,unknown,dairy,no,,40.0,Moderately Biodegradable,beverage,creamy dark chocolate peanut butter,dairy
8906014902168.0,Multigrain Choco Flakes,en:chocolate-cereals,,[],,,other,no,,30.0,Non Biodegradable,non_food,multigrain choco flakes,non_food
8908018084000.0,Jolochip,,,[],,unknown,other,no,,30.0,Non Biodegradable,non_food,jolochip,snack
8906005500243.0,fatafat Bhelpuri,,,[],,unknown,other,no,,30.0,Non Biodegradable,non_food,fatafat bhelpuri,non_food
8906026347193.0,Jamaican All Spice,,,[],,unknown,other,no,,30.0,Non Biodegradable,spices,jamaican all spice,spices
8906004620263.0,Thara kachi Ghandi oil,,,[],,unknown,other,no,,30.0,Non Biodegradable,non_food,thara kachi ghandi oil,non_food
8902979051934.0,Chocolate Milkshake,"Beverages, Dairies, Dairy drinks, Flavoured milks, Milkshakes","Tetra Pak, Plastic Cap","['en:palm-oil-free', 'en:non-vegan', 'en:vegetarian-status-unknown']",34.0,d,dairy,no,34.0,33.4,Non Biodegradable,beverage,chocolate milkshake,dairy
8901725003791.0,yippee noodles (ITC),,",","['en:palm-oil-content-unknown', 'en:vegan-status-unknown', 'en:vegetarian-status-unknown']",,unknown,other,no,,50.0,Moderately Biodegradable,non_food,yippee noodles (itc),non_food
8906018940081.0,Tuborg,en:beers,,[],37.0,d,other,no,37.0,33.7,Non Biodegradable,non_food,tuborg,non_food
8902901224009.0,Good Life Cashew 2 piece 200gm,,,['en:vegetarian'],,,other,no,,35.0,Non Biodegradable,non_food,good life cashew 2 piece 200gm,non_food
8901648001386.0,MD Mishti Dai,,,[],,unknown,other,no,,30.0,Non Biodegradable,non_food,md mishti dai,non_food
8903754313056.0,Tata Gluco+ Orange,"Beverages, Energy drinks, Brianna ®️ nutri choice Thin, Glucose-drink",,"['en:palm-oil-free', 'en:vegan-status-unknown', 'en:vegetarian-status-unknown']",,,other,no,,40.0,Moderately Biodegradable,non_food,tata gluco+ orange,non_food
8905694500510.0,Sprouvita,,,[],,unknown,other,no,,30.0,Non Biodegradable,non_food,sprouvita,non_food
8906008810837.0,Fortune khichdi,,,[],,unknown,other,no,,30.0,Non Biodegradable,non_food,fortune khichdi,non_food
8904132929104.0,Good life besan,,,[],,unknown,other,no,,30.0,Non Biodegradable,non_food,good life besan,non_food
8902901232370.0,Good life Soya Chunks,,,[],,,other,no,,30.0,Non Biodegradable,non_food,good life soya chunks,grain
8902901221855.0,Best Farms white peas dry,,,[],,,other,no,,30.0,Non Biodegradable,non_food,best farms white peas dry,non_food
8906055440704.0,Organic tattva organic Arhar (Tur) dal 1kg,,,"['en:vegan', 'en:vegetarian']",,,other,no,,40.0,Moderately Biodegradable,grain,organic tattva organic arhar (tur) dal 1kg,grain
8904117900067.0,Pro nature Moong Whole dal,,,[],,unknown,other,no,,30.0,Non Biodegradable,grain,pro nature moong whole dal,grain
8906033531264.0,Snap!n white onion powder,,,"['en:palm-oil-content-unknown', 'en:vegan-status-unknown', 'en:vegetarian-status-unknown']",,,other,no,,40.0,Moderately Biodegradable,spices,snap!n white onion powder,other
8901063363977.0,BRITANNIA Cake Gobbles Fruity Fun,"Snacks, Sweet snacks, Biscuits and cakes, Cakes",,"['en:palm-oil', 'en:non-vegan', 'en:non-vegetarian']",,unknown,other,no,,40.0,Moderately Biodegradable,non_food,britannia cake gobbles fruity fun,non_food
8908000385269.0,Dev snack mullu murukku,,,[],,unknown,snack,no,,30.0,Non Biodegradable,snack,dev snack mullu murukku,snack
8906035872341.0,Kafma,,,[],,unknown,other,no,,30.0,Non Biodegradable,non_food,kafma,non_food
8901725111458.0,Bingo chilli sprinkled 50,en:crisps,,[],,unknown,other,no,,30.0,Non Biodegradable,non_food,bingo chilli sprinkled 50,non_food
8902901224207.0,Good life piste salted,,,[],,unknown,other,no,,30.0,Non Biodegradable,spices,good life piste salted,other
8906112665354.0,Protein Granola,"Plant-based foods and beverages, Plant-based foods, Breakfasts, Cereals and potatoes, Cereals and their products, Breakfast cereals",,"['en:palm-oil-free', 'en:non-vegan', 'en:vegetarian']",25.0,e,other,no,25.0,42.5,Moderately Biodegradable,non_food,protein granola,non_food
8904112704066.0,Durg pakoda,,,[],,unknown,other,no,,30.0,Non Biodegradable,non_food,durg pakoda,non_food
8901764031250.0,Sprite Lemon drink 300ml can,en:sodas,,[],,,beverage,no,,30.0,Non Biodegradable,beverage,sprite lemon drink 300ml can,beverage
8908000385238.0,Dev peanut ball 125 g,"Plant-based foods and beverages, Plant-based foods, Snacks, Sweet snacks, Nuts and their products, Bars, Nut bars, Peanut bars, en:nuts",,"['en:palm-oil-free', 'en:vegan', 'en:vegetarian']",,unknown,other,no,,40.0,Moderately Biodegradable,non_food,dev peanut ball 125 g,non_food
8906019350100.0,Amalas,,,[],,unknown,other,no,,30.0,Non Biodegradable,non_food,amalas,non_food
8904258702421.0,Alphonso Mango juice,,,[],,unknown,beverage,no,,30.0,Non Biodegradable,beverage,alphonso mango juice,beverage
8908000385061.0,Kadalamavu Mixture,Snacks,,"['en:palm-oil', 'en:vegan-status-unknown', 'en:vegetarian']",,unknown,other,no,,40.0,Moderately Biodegradable,grain,kadalamavu mixture,grain
8908001010825.0,Nirmal Salt,,,[],,unknown,other,no,,30.0,Non Biodegradable,spices,nirmal salt,other
8908001954075.0,Congress Peanuts Masala,snacks,,"['en:may-contain-palm-oil', 'en:vegan-status-unknown', 'en:vegetarian']",,,other,no,,40.0,Moderately Biodegradable,spices,congress peanuts masala,spices
8908001954068.0,Sanjay Avrebele masala,,,[],,unknown,other,no,,30.0,Non Biodegradable,spices,sanjay avrebele masala,spices
8901058905113.0,Kit kat,en:chocolate-biscuity-bars,,"['en:palm-oil-content-unknown', 'en:vegan-status-unknown', 'en:vegetarian-status-unknown']",33.0,d,other,no,33.0,43.3,Moderately Biodegradable,non_food,kit kat,non_food
8901725135430.0,Moms magic butter cookies,,,['en:vegetarian'],,unknown,dairy,no,,35.0,Non Biodegradable,snack,moms magic butter cookies,dairy
8901199140879.0,Supreme Blend,,,[],,unknown,other,no,,30.0,Non Biodegradable,non_food,supreme blend,non_food
8902080002054.0,Tropicana Litchi Delight,"Plant-based foods and beverages, Beverages, Plant-based beverages, Fruit-based beverages, Juices and nectars, Fruit juices",,['en:vegetarian'],21.0,e,other,no,21.0,37.1,Non Biodegradable,non_food,tropicana litchi delight,non_food
8902080104024.0,Pepsi cola,"Beverages and beverages preparations, Beverages, Carbonated drinks, Sodas, Colas, en:sweetened-beverages",,"['en:palm-oil-content-unknown', 'en:vegan-status-unknown', 'en:vegetarian-status-unknown']",,,beverage,no,,40.0,Moderately Biodegradable,beverage,pepsi cola,beverage
8906081123725.0,Premium Dryfruit Collection,Roasted salted almonds and cashew,,['en:vegetarian'],,unknown,other,no,,35.0,Non Biodegradable,non_food,premium dryfruit collection,non_food
8902579103187.0,Frooti Mango Drink 1.2ltr,,,[],,,beverage,no,,30.0,Non Biodegradable,beverage,frooti mango drink 1.2ltr,beverage
8901207024559.0,Real Fruit Power Alphonso Mango Nectar,"Plant-based foods and beverages, Beverages, Plant-based beverages, Fruit-based beverages, Juices and nectars, Fruit nectars, Fruit juices",paper carton,"['en:palm-oil-free', 'en:vegan-status-unknown', 'en:vegetarian']",,,other,yes,,100.0,Highly Biodegradable,non_food,real fruit power alphonso mango nectar,non_food
8901719121685.0,20 20 butter cookies 200g,en:biscuits,,[],,,dairy,no,,30.0,Non Biodegradable,snack,20 20 butter cookies 200g,dairy
8908013841035.0,Sir bhagyalakshmi maida,,,[],,unknown,other,no,,30.0,Non Biodegradable,non_food,sir bhagyalakshmi maida,non_food
8901512881205.0,Sundrop Peanut Butter Regular,"Plant-based foods and beverages, Plant-based foods, Legumes and their products, Spreads, Plant-based spreads, Oilseed purees, Legume butters, Peanut butters, en:nut-butters",,['en:vegetarian'],,,dairy,no,,35.0,Non Biodegradable,dairy,sundrop peanut butter regular,dairy
8906005617095.0,Fruit Cake,,,[],,unknown,other,no,,30.0,Non Biodegradable,non_food,fruit cake,non_food
8904067711874.0,Gachak,,,[],,unknown,other,no,,30.0,Non Biodegradable,non_food,gachak,non_food
8908006646746.0,Makhana piri piri,,,[],,unknown,other,no,,30.0,Non Biodegradable,non_food,makhana piri piri,non_food
8904304711513.0,Suggi crushed peanut chikki,,,[],,unknown,other,no,,30.0,Non Biodegradable,non_food,suggi crushed peanut chikki,non_food
8901207035524.0,Homemade tomato chutny,,,[],,unknown,other,no,,30.0,Non Biodegradable,non_food,homemade tomato chutny,non_food
8901725100063.0,B Natural apple juice 1ltr tpk,en:apple-juices,,"['en:palm-oil-free', 'en:vegan-status-unknown', 'en:vegetarian-status-unknown']",,,beverage,no,,40.0,Moderately Biodegradable,beverage,b natural apple juice 1ltr tpk,beverage
8901058850390.0,Classic,,,['en:vegetarian'],,unknown,other,no,,35.0,Non Biodegradable,dairy,classic,dairy
8901063023956.0,Marie Gold 400g (1),,,[],,unknown,other,no,,30.0,Non Biodegradable,non_food,marie gold 400g (1),non_food
8902901031249.0,Tibar Basmati Rice,"Plant-based foods and beverages,Plant-based foods,Cereals and potatoes,Seeds,Cereals and their products,Cereal grains,Rices,Basmati rices",,['en:vegetarian'],-2.0,f,other,no,-2.0,34.8,Non Biodegradable,confectionery,tibar basmati rice,grain
8901088017411.0,Saffola gold Blended oil 5 l,,,[],,unknown,other,no,,30.0,Non Biodegradable,non_food,saffola gold blended oil 5 l,non_food
8902901031232.0,Good life rozana dubar bsmt rice 5 kg,,,[],,,other,no,,30.0,Non Biodegradable,confectionery,good life rozana dubar bsmt rice 5 kg,grain
8901262070379.0,Bindaaz,,,[],,unknown,other,no,,30.0,Non Biodegradable,non_food,bindaaz,non_food
8906100280293.0,Shresta Bansi Rawa,Wheat,,"['en:palm-oil-free', 'en:vegan', 'en:vegetarian']",,,other,no,,40.0,Moderately Biodegradable,non_food,shresta bansi rawa,non_food
8901058898354.0,Nescaffe Chilled latte Shake,"Plant-based foods and beverages, Plant-based foods, Coffees",,['en:vegetarian'],,unknown,other,no,,35.0,Non Biodegradable,non_food,nescaffe chilled latte shake,non_food
8902901031225.0,Good life rozana rice 1kg,,,[],,,other,no,,30.0,Non Biodegradable,grain,good life rozana rice 1kg,grain
8908000120280.0,Safal premium sunflower oil,,,[],,unknown,other,no,,30.0,Non Biodegradable,non_food,safal premium sunflower oil,non_food
8908002622089.0,Sun premium oil,,,[],,unknown,other,no,,30.0,Non Biodegradable,non_food,sun premium oil,non_food
8906005618351.0,Fruit cake sliced,,,[],,unknown,other,no,,30.0,Non Biodegradable,non_food,fruit cake sliced,non_food
8901928753004.0,Rich Marie,"Biscut, en:biscuits",,[],,,other,no,,30.0,Non Biodegradable,non_food,rich marie,non_food
8906120106337.0,Protein Mix,,,[],,,other,no,,30.0,Non Biodegradable,non_food,protein mix,non_food
8906069416573.0,Fruit candies,,,[],,unknown,other,no,,30.0,Non Biodegradable,non_food,fruit candies,non_food
8904011301601.0,Pasteurised Full Cream Milk,"Dairies, Milks, Pasteurised milks, Whole milks, Cow milks, Whole pasteurised milks",Plastic,"['en:palm-oil-free', 'en:non-vegan', 'en:vegetarian']",33.0,d,dairy,no,33.0,33.3,Non Biodegradable,dairy,pasteurised full cream milk,dairy
8906080601774.0,paper boat slurpy mango pch,,,[],,unknown,other,no,,30.0,Non Biodegradable,non_food,paper boat slurpy mango pch,non_food
8901018028531.0,Pasteurised Unsalted Cooking Butter,"Dairies, Fats, Spreads, Spreadable fats, Animal fats, Dairy spreads, Milkfat, Butters, Unsalted butters, Pasteurized butters, Unsalted butter with 82% fat",,"['en:palm-oil-free', 'en:non-vegan', 'en:vegetarian']",20.0,e,dairy,no,20.0,42.0,Moderately Biodegradable,dairy,pasteurised unsalted cooking butter,dairy
8906063890560.0,Pork Bockwurst Sausages,,,"['en:palm-oil-content-unknown', 'en:non-vegan', 'en:non-vegetarian']",,unknown,other,no,,40.0,Moderately Biodegradable,non_food,pork bockwurst sausages,non_food
8901262174114.0,King Alphonso Gold Ice Cream,"Desserts,Frozen foods,Frozen desserts,Ice creams and sorbets,Ice creams,Ice cream in a box",,[],,,cosmetic,no,,30.0,Non Biodegradable,cosmetic,king alphonso gold ice cream,frozen_food
8902979001724.0,Cavins Masala Chaasa 180 ml,"Beverages,Buttermilks,Dairy drinks",Paper Carton,"['en:palm-oil-free', 'en:non-vegan', 'en:vegetarian']",,,other,yes,,100.0,Highly Biodegradable,spices,cavins masala chaasa 180 ml,spices
8901725119195.0,Yippee! noodles mood masala,"Plant-based foods and beverages, Plant-based foods, Dried products, Pastas, Dried products to be rehydrated, Noodles, Instant noodles",,"['en:palm-oil', 'en:non-vegan', 'en:vegetarian']",52.0,c,other,no,52.0,45.2,Moderately Biodegradable,spices,yippee! noodles mood masala,spices
8901014004942.0,Cup Noodles Spiced Chicken,"Plant-based foods and beverages, Plant-based foods, Dried products, Pastas, Dried products to be rehydrated, Noodles, Instant noodles",,"['en:palm-oil', 'en:non-vegan', 'en:non-vegetarian']",52.0,c,other,no,52.0,45.2,Moderately Biodegradable,spices,cup noodles spiced chicken,spices
8902346012353.0,Electral,beverage preparation,,"['en:palm-oil-free', 'en:vegan-status-unknown', 'en:vegetarian-status-unknown']",,,other,no,,40.0,Moderately Biodegradable,non_food,electral,non_food
8904109420092.0,Tulsi Ghanvati,,,"['en:palm-oil-content-unknown', 'en:vegan-status-unknown', 'en:vegetarian-status-unknown']",,unknown,other,no,,40.0,Moderately Biodegradable,non_food,tulsi ghanvati,non_food
8901491002141.0,Gourmet limed and cracked pepper chips,en:potato-crisps,,[],68.0,b,snack,no,68.0,36.8,Non Biodegradable,snack,gourmet limed and cracked pepper chips,snack
8906140203450.0,Natural choice mixed dry fruits 400g,,,[],,,other,no,,30.0,Non Biodegradable,non_food,natural choice mixed dry fruits 400g,non_food
8902901039436.0,Good life bellar bal split,,,[],,unknown,other,no,,30.0,Non Biodegradable,non_food,good life bellar bal split,non_food
8901764111259.0,Coca cola zero sugar 300ml,"Beverages and beverages preparations,Beverages,Carbonated drinks,Artificially sweetened beverages,Sodas,Diet beverages,Colas,Diet sodas,Diet cola soft drink",,"['en:palm-oil-content-unknown', 'en:vegan-status-unknown', 'en:vegetarian-status-unknown']",,not-applicable,beverage,no,,40.0,Moderately Biodegradable,beverage,coca cola zero sugar 300ml,beverage
8902901223910.0,Good life almond,,,[],,,other,no,,30.0,Non Biodegradable,non_food,good life almond,non_food
8908002506044.0,Emperor dates,Dates,,"['en:palm-oil-free', 'en:vegan', 'en:vegetarian']",49.0,c,other,no,49.0,44.9,Moderately Biodegradable,non_food,emperor dates,non_food
8901063016842.0,50 50,,,[],,unknown,other,no,,30.0,Non Biodegradable,non_food,50 50,non_food
8904083308065.0,Spiced Butter Milk,,,[],,unknown,dairy,no,,30.0,Non Biodegradable,dairy,spiced butter milk,dairy
8901063029262.0,Jim jam92 g,Biscuit (cookie) snack w chocolate filling,,"['en:palm-oil', 'en:non-vegan', 'en:vegetarian-status-unknown']",,,other,no,,40.0,Moderately Biodegradable,non_food,jim jam92 g,non_food
8906009078021.0,UNIBIC Cashew Cookies,"Snacks,Sweet snacks,Biscuits and cakes,Biscuits",,"['en:palm-oil', 'en:non-vegan', 'en:vegetarian']",,,snack,no,,40.0,Moderately Biodegradable,snack,unibic cashew cookies,confectionery
8901725132866.0,Dark fantasy coffee,,,[],,unknown,beverage,no,,30.0,Non Biodegradable,beverage,dark fantasy coffee,beverage
8901725119430.0,Moms magic cashew,,,[],,unknown,other,no,,30.0,Non Biodegradable,non_food,moms magic cashew,non_food
8901063028227.0,Britannia nice time (8),Buscuit,,[],,unknown,other,no,,30.0,Non Biodegradable,non_food,britannia nice time (8),non_food
8904145911257.0,Ensure Vanilla Flavour,Dietary supplements,,['en:vegetarian'],,unknown,other,no,,35.0,Non Biodegradable,non_food,ensure vanilla flavour,non_food
8904083312055.0,shrikhand elaichi,Desserts,,"['en:palm-oil-content-unknown', 'en:non-vegan', 'en:vegetarian']",,,other,no,,40.0,Moderately Biodegradable,non_food,shrikhand elaichi,non_food
8901548100110.0,Nutralitefat dwhomga3 chltrl 500g,,,[],,,other,no,,30.0,Non Biodegradable,non_food,nutralitefat dwhomga3 chltrl 500g,non_food
8908000233058.0,Iyer's Curd Chillies Papad,Plant-based foods,,"['en:palm-oil-content-unknown', 'en:vegan-status-unknown', 'en:vegetarian']",,unknown,dairy,no,,40.0,Moderately Biodegradable,dairy,iyer's curd chillies papad,dairy
8908000233355.0,Iyers rice wafers papad,,,[],,unknown,other,no,,30.0,Non Biodegradable,snack,iyers rice wafers papad,grain
8901441017027.0,Lizzath punjabi masala papad,en:papadum,,[],,,other,no,,30.0,Non Biodegradable,spices,lizzath punjabi masala papad,spices
8906070210030.0,Ginger with honey,honey,,[],72.0,b,other,no,72.0,37.2,Non Biodegradable,non_food,ginger with honey,non_food
8901512144904.0,Peanut Butter 100% Natural Crunchy,"Plant-based foods and beverages, Plant-based foods, Legumes and their products, Spreads, Nuts and their products, Plant-based spreads, Oilseed purees, Legume butters, Nut butters, Peanut butters, Crunchy peanut butters, Pure peanut butters","Plastic,Jar","['en:palm-oil-free', 'en:vegan', 'en:vegetarian']",35.0,d,dairy,no,35.0,33.5,Non Biodegradable,dairy,peanut butter 100% natural crunchy,dairy
8901512890702.0,Tortilla Chips,"Snacks, Salty snacks, Appetizers, Chips and fries, Crisps, Corn chips",,[],68.0,b,snack,no,68.0,36.8,Non Biodegradable,snack,tortilla chips,snack
8901207019999.0,Dabur glucoplus,,,[],,unknown,other,no,,30.0,Non Biodegradable,non_food,dabur glucoplus,non_food
8904043926216.0,Unpolished Toor Dal,"Plant-based foods and beverages, Plant-based foods, Legumes and their products, Legumes, Seeds, Legume seeds, Pulses, Lentils",,"['en:palm-oil-content-unknown', 'en:vegan-status-unknown', 'en:vegetarian']",,,other,no,,40.0,Moderately Biodegradable,grain,unpolished toor dal,grain
8901030739026.0,Magnum Almond,"Desserts, Frozen foods, Frozen desserts, Ice creams and sorbets, Ice creams, Ice cream bars, Chocolate ice cream bars, Vanilla ice cream bars",,"['en:may-contain-palm-oil', 'en:non-vegan', 'en:vegetarian']",67.0,b,other,no,67.0,46.7,Moderately Biodegradable,non_food,magnum almond,non_food
8906008811902.0,Pro Immunity Multi-source Edible Oil,"Plant-based foods and beverages, Plant-based foods, Cereals and potatoes, Fats, Cereals and their products, Vegetable fats, Vegetable oils, Sunflower seeds and their products, Cereal oils, Sunflower oils, Rice bran oils",,"['en:palm-oil-content-unknown', 'en:vegan-status-unknown', 'en:vegetarian']",44.0,d,other,no,44.0,44.4,Moderately Biodegradable,other_food,pro immunity multi-source edible oil,oil
8901030532719.0,kissan fresh Tamato,"Condiments, Sauces, Tomato sauces, Ketchup, Tomato Ketchup",,"['en:palm-oil-free', 'en:vegan-status-unknown', 'en:vegetarian']",,,other,no,,40.0,Moderately Biodegradable,non_food,kissan fresh tamato,non_food
8904063258410.0,Yellow banana chips,Dried bananas,,[],29.0,e,snack,no,29.0,32.9,Non Biodegradable,snack,yellow banana chips,snack
8906151420020.0,chiwda,salty snacks,,"['en:may-contain-palm-oil', 'en:vegan-status-unknown', 'en:vegetarian']",,,other,no,,40.0,Moderately Biodegradable,non_food,chiwda,non_food
8906151420075.0,Lakshminarayan cornflakes,,,[],,unknown,other,no,,30.0,Non Biodegradable,non_food,lakshminarayan cornflakes,non_food
8906005670366.0,Charli masala butter chakli,Salty snacks,,"['en:palm-oil', 'en:non-vegan', 'en:vegetarian-status-unknown']",,,dairy,no,,40.0,Moderately Biodegradable,dairy,charli masala butter chakli,dairy
8902901225907.0,Good Life ragi flour,"Plant-based foods and beverages,Plant-based foods,Flours",,"['en:palm-oil-free', 'en:vegan', 'en:vegetarian']",,unknown,other,no,,40.0,Moderately Biodegradable,grain,good life ragi flour,grain
8904113522423.0,Agro fresh corn flour,,,[],,unknown,other,no,,30.0,Non Biodegradable,grain,agro fresh corn flour,grain
8901233033525.0,Dairy Milk Silk Oreo,"Dairies, Snacks, Sweet snacks, Cocoa and its products, Confectioneries, Chocolate candies, Bonbons, Assorted chocolate candies",,[],,,dairy,no,,30.0,Non Biodegradable,dairy,dairy milk silk oreo,dairy
8902082806865.0,Grandma's Peanut Butter,"Plant-based foods and beverages,Plant-based foods,Legumes and their products,Spreads,Plant-based spreads,Oilseed purees,Legume butters,Peanut butters",,[],35.0,d,dairy,no,35.0,33.5,Non Biodegradable,dairy,grandma's peanut butter,dairy
8902901222203.0,Good life coriander powder,,,[],,,other,no,,30.0,Non Biodegradable,spices,good life coriander powder,other
8906018250227.0,Good Morning Cow Ghee,,,[],,unknown,other,no,,30.0,Non Biodegradable,dairy,good morning cow ghee,dairy
8904067700137.0,Chana Jor,Chickpeas,,[],,,other,no,,30.0,Non Biodegradable,non_food,chana jor,non_food
8908004722008.0,White Buttons,"Plant-based foods and beverages, Plant-based foods, Fruits and vegetables based foods, Vegetables based foods, Mushrooms and their products, Mushrooms, Champignon mushrooms, Whole champignon mushrooms",,"['en:palm-oil-free', 'en:vegan', 'en:vegetarian']",78.0,a,other,no,78.0,47.8,Moderately Biodegradable,non_food,white buttons,non_food
8906087777229.0,Chicken Fettuccine,,,"['en:palm-oil-content-unknown', 'en:vegan', 'en:vegetarian']",,unknown,other,no,,40.0,Moderately Biodegradable,non_food,chicken fettuccine,non_food
8906080602726.0,Paper Boat Swing yummy Guava 600ml pet,Beverages,,"['en:palm-oil-content-unknown', 'en:vegan', 'en:vegetarian']",,,other,no,,40.0,Moderately Biodegradable,non_food,paper boat swing yummy guava 600ml pet,non_food
8906112664869.0,Protein crunch minis,,,[],,unknown,other,no,,30.0,Non Biodegradable,non_food,protein crunch minis,non_food
8908014124038.0,stevia powder,,,"['en:palm-oil-free', 'en:vegan-status-unknown', 'en:vegetarian-status-unknown']",,unknown,other,no,,40.0,Moderately Biodegradable,spices,stevia powder,other
8904063200525.0,Salted Banana Chips,"Chips and fries, en:crisps",1 plastic wrapper,"['en:palm-oil', 'en:vegan', 'en:vegetarian']",,,snack,no,,30.0,Non Biodegradable,snack,salted banana chips,snack
8908013524181.0,Popped potato chips Italian Cheese flavour,en:potato-crisps,,[],68.0,b,dairy,no,68.0,36.8,Non Biodegradable,snack,popped potato chips italian cheese flavour,snack
8901393019063.0,Center Fresh 3 layered gum,,,[],,unknown,other,no,,30.0,Non Biodegradable,non_food,center fresh 3 layered gum,non_food
8901063363960.0,Brittania Gobbles Chocolate Cake,"Snacks, Desserts, Sweet snacks, Biscuits and cakes, Cakes, Chocolate soft cake",,"['en:palm-oil-content-unknown', 'en:non-vegan', 'en:vegetarian-status-unknown']",,,beverage,no,,40.0,Moderately Biodegradable,beverage,brittania gobbles chocolate cake,confectionery
8901058889987.0,Maggi pasta,,,[],,unknown,other,no,,30.0,Non Biodegradable,non_food,maggi pasta,non_food
8906009531212.0,Ritebite nutrition bar,,,[],,unknown,other,no,,30.0,Non Biodegradable,confectionery,ritebite nutrition bar,confectionery
8901071731959.0,Sofit almond drink,,,[],,unknown,beverage,no,,30.0,Non Biodegradable,beverage,sofit almond drink,beverage
8902901227161.0,Good life raisin yellow 500g,Raisins,,"['en:palm-oil-content-unknown', 'en:vegan-status-unknown', 'en:vegetarian']",,,other,no,,40.0,Moderately Biodegradable,non_food,good life raisin yellow 500g,non_food
8902089020059.0,TilSona Gold,Sesame oils,,['en:vegetarian'],52.0,c,other,no,52.0,40.2,Moderately Biodegradable,non_food,tilsona gold,non_food
8904132930308.0,Healthy Life Chocostars,,,[],,unknown,other,no,,30.0,Non Biodegradable,non_food,healthy life chocostars,non_food
8904067709482.0,Jablonski cocktail nuts,,,[],,unknown,other,no,,30.0,Non Biodegradable,non_food,jablonski cocktail nuts,non_food
8908001954082.0,Khara Groundnuts,,,[],,,other,no,,30.0,Non Biodegradable,non_food,khara groundnuts,non_food
8901414003286.0,Khatta meetha 1kg (10),,,[],,,other,no,,30.0,Non Biodegradable,grain,khatta meetha 1kg (10),grain
8908005144014.0,Multigain energy bar,"Snacks, Snacks sucrés, Barres, Barres de céréales",,"['en:palm-oil-content-unknown', 'en:vegan-status-unknown', 'en:vegetarian-status-unknown']",,,other,no,,40.0,Moderately Biodegradable,beverage,multigain energy bar,beverage
8908005767756.0,Kitchen trresures hot and sweet,,,[],,unknown,other,no,,30.0,Non Biodegradable,confectionery,kitchen trresures hot and sweet,confectionery
8909192808277.0,Sokoliki,,,[],,unknown,other,no,,30.0,Non Biodegradable,non_food,sokoliki,non_food
8906144491082.0,French Vanilla Instant Coffee,,,[],,unknown,beverage,no,,30.0,Non Biodegradable,beverage,french vanilla instant coffee,beverage
8901542017629.0,Glucon D Nimbu Pani,,,[],,unknown,other,no,,30.0,Non Biodegradable,non_food,glucon d nimbu pani,non_food
8904083306085.0,Milky Mist Curd,Curd,,"['en:palm-oil-content-unknown', 'en:vegan-status-unknown', 'en:vegetarian']",,unknown,dairy,no,,40.0,Moderately Biodegradable,dairy,milky mist curd,dairy
8904083525585.0,24 Mantra Organic,"Plant-based foods and beverages, Plant-based foods, Legumes and their products, Spreads, Plant-based spreads, Oilseed purees, Legume butters, Peanut butters, Pure peanut butters","Plastic, Jar","['en:palm-oil-free', 'en:vegan', 'en:vegetarian']",35.0,d,other,no,35.0,33.5,Non Biodegradable,non_food,24 mantra organic,non_food
8908002915525.0,matxin,,,[],,unknown,other,no,,30.0,Non Biodegradable,non_food,matxin,non_food
8906064656622.0,premium veg mayo,en:mayonnaises,,[],,,other,no,,30.0,Non Biodegradable,non_food,premium veg mayo,non_food
8901393016192.0,Mentos pure and fresh gum,"Snacks, Sweet snacks, Confectioneries, Chewing gum, Sugar-free chewing gum",,"['en:palm-oil-content-unknown', 'en:vegan-status-unknown', 'en:vegetarian-status-unknown']",,unknown,other,no,,40.0,Moderately Biodegradable,non_food,mentos pure and fresh gum,non_food
8908005144076.0,Multigrain Energy Bar,Protein Bar,,"['en:palm-oil-content-unknown', 'en:non-vegan', 'en:vegetarian-status-unknown']",,,other,no,,40.0,Moderately Biodegradable,beverage,multigrain energy bar,beverage
8906021062459.0,Molsi's.Cashews,Snacks,Plastic,"['en:palm-oil-free', 'en:vegan', 'en:vegetarian']",,unknown,other,no,,30.0,Non Biodegradable,non_food,molsi's.cashews,non_food
8908011423035.0,Classic cola,,,[],,unknown,beverage,no,,30.0,Non Biodegradable,beverage,classic cola,dairy
8901725100346.0,Aashirvaad ghee,,,[],,unknown,other,no,,30.0,Non Biodegradable,dairy,aashirvaad ghee,dairy
8908015543005.0,Pineapple flavoured pea protein,,,"['en:vegan', 'en:vegetarian']",,unknown,other,no,,40.0,Moderately Biodegradable,non_food,pineapple flavoured pea protein,non_food
8901491101905.0,Kurkure - Green Chutney Style,"Snacks, Namkeen",,"['en:palm-oil', 'en:vegan-status-unknown', 'en:vegetarian-status-unknown']",,unknown,other,no,,40.0,Moderately Biodegradable,snack,kurkure - green chutney style,snack
8901553111040.0,Rich milk,"Dairies,Milks",,"['en:palm-oil-free', 'en:non-vegan', 'en:vegetarian']",37.0,d,dairy,no,37.0,43.7,Moderately Biodegradable,dairy,rich milk,dairy
8902901222807.0,masterd big,,,['en:vegetarian'],,unknown,other,no,,35.0,Non Biodegradable,non_food,masterd big,non_food
8906090572118.0,Karare,en:appetizers,,[],,unknown,other,no,,30.0,Non Biodegradable,non_food,karare,non_food
8901071359108.0,Sofit Soya Drink Vanilla Flavour,Flavoured soy drink,tetrapak,"['en:palm-oil-content-unknown', 'en:vegan', 'en:vegetarian']",,,beverage,no,,50.0,Moderately Biodegradable,beverage,sofit soya drink vanilla flavour,grain
8908011423042.0,Lime and lemon,Sugar free,,"['en:palm-oil-content-unknown', 'en:vegan', 'en:vegetarian']",,,other,no,,40.0,Moderately Biodegradable,non_food,lime and lemon,non_food
8906066202124.0,Italiano Tradizionale,"Plant-based foods and beverages, Plant-based foods, Cereals and potatoes, Cereals and their products, Pastas, Cereal pastas, Durum wheat pasta",,"['en:palm-oil-free', 'en:vegan', 'en:vegetarian']",,unknown,other,no,,40.0,Moderately Biodegradable,non_food,italiano tradizionale,non_food
8906047529578.0,DiSano Apple Cider Vinegar with Mother of vinegar,Apple Cider,,"['en:palm-oil-content-unknown', 'en:vegan-status-unknown', 'en:vegetarian-status-unknown']",,,other,no,,40.0,Moderately Biodegradable,non_food,disano apple cider vinegar with mother of vinegar,non_food
8901063363793.0,Britania cake pineapple,,,[],,,other,no,,30.0,Non Biodegradable,non_food,britania cake pineapple,non_food
8901063363779.0,Britannia cake fruity fun,"Snacks, Sweet snacks, Biscuits and cakes, Cakes, en:biscuits",,"['en:palm-oil', 'en:non-vegan', 'en:vegetarian-status-unknown']",,,other,no,,40.0,Moderately Biodegradable,non_food,britannia cake fruity fun,non_food
8901725116149.0,Dark fantasy chocolate shake,,,[],,unknown,beverage,no,,30.0,Non Biodegradable,beverage,dark fantasy chocolate shake,confectionery
8906062261231.0,White quinoa raw,,,[],,,other,no,,30.0,Non Biodegradable,non_food,white quinoa raw,non_food
8902979050913.0,Covins chocolate milkshake 180ml,,,"['en:palm-oil-content-unknown', 'en:vegan-status-unknown', 'en:vegetarian']",,,dairy,no,,40.0,Moderately Biodegradable,beverage,covins chocolate milkshake 180ml,dairy
8908001032117.0,Everyday 100% whole wheat bread,"Plant-based foods and beverages,Plant-based foods,Cereals and potatoes,Breads,White breads,Wheat breads",,"['en:palm-oil', 'en:non-vegan', 'en:vegetarian']",,unknown,other,no,,40.0,Moderately Biodegradable,grain,everyday 100% whole wheat bread,grain
8901030824937.0,Horlicks Lite Regular Malt 450g pet,"Beverages,Instant beverages,Malt based beverage,Unsweetened beverages",,"['en:palm-oil-free', 'en:non-vegan', 'en:vegetarian']",,,other,no,,40.0,Moderately Biodegradable,non_food,horlicks lite regular malt 450g pet,non_food
8901063160088.0,Puremagic chocolush,,,"['en:palm-oil-free', 'en:vegan-status-unknown', 'en:vegetarian-status-unknown']",,unknown,other,no,,40.0,Moderately Biodegradable,non_food,puremagic chocolush,non_food
8901512140609.0,Peanut spread,,,[],,unknown,other,no,,30.0,Non Biodegradable,non_food,peanut spread,non_food
8946664542691.0,Walnut,,,[],,unknown,other,no,,30.0,Non Biodegradable,non_food,walnut,non_food
8901192108128.0,Jeera pwdr,,,"['en:palm-oil-content-unknown', 'en:vegan-status-unknown', 'en:vegetarian-status-unknown']",,,other,no,,40.0,Moderately Biodegradable,non_food,jeera pwdr,non_food
8901063029255.0,Jimjam 57g (57),Biscuits,,"['en:palm-oil', 'en:non-vegan', 'en:vegetarian']",,,other,no,,40.0,Moderately Biodegradable,non_food,jimjam 57g (57),non_food
8906011145018.0,B-Protin Chocolate Flavour,"Dietary supplements,Bodybuilding supplements,Protein powders",Glass Bottle,"['en:palm-oil-free', 'en:non-vegan', 'en:vegetarian']",,,beverage,no,,60.0,Moderately Biodegradable,beverage,b-protin chocolate flavour,confectionery
8901512144201.0,Peanut Butter 100% Natural Creamy,"Plant-based foods and beverages, Plant-based foods, Legumes and their products, Spreads, Plant-based spreads, Oilseed purees, Legume butters, Peanut butters, Pure peanut butters",,"['en:palm-oil-free', 'en:vegan', 'en:vegetarian']",35.0,d,dairy,no,35.0,43.5,Moderately Biodegradable,dairy,peanut butter 100% natural creamy,dairy
8901972061032.0,Duke Nibbles Salted,Biscuit mixes,,[],,,other,no,,30.0,Non Biodegradable,spices,duke nibbles salted,other
8901972053525.0,Dukes Nibbles Masala,,,['en:vegetarian'],,unknown,other,no,,35.0,Non Biodegradable,spices,dukes nibbles masala,spices
8901781002721.0,Fennel saunf,,,['en:vegetarian'],,unknown,other,no,,35.0,Non Biodegradable,non_food,fennel saunf,non_food
8901088077095.0,Soya Chunk,,,[],,,other,no,,30.0,Non Biodegradable,non_food,soya chunk,grain
8904132918184.0,Snac tac celebration,,,[],,unknown,other,no,,30.0,Non Biodegradable,non_food,snac tac celebration,non_food
8908009450104.0,fruit bun,"plant-based-foods-and-beverages, plant-based-foods, cereals-and-potatoes, breads, hr:buns",,[],,,other,no,,30.0,Non Biodegradable,non_food,fruit bun,non_food
8901071302111.0,Soya Chocolate Flavor Drink,"Plant-based foods and beverages,Dairy substitutes,Milk substitutes",,"['en:vegan', 'en:vegetarian']",,,beverage,no,,40.0,Moderately Biodegradable,beverage,soya chocolate flavor drink,confectionery
8904085900076.0,Papad,"Papadum,Snacks",,['en:vegetarian'],,unknown,other,no,,35.0,Non Biodegradable,non_food,papad,non_food
8904112704356.0,Durga peanut chakra,,,[],,unknown,other,no,,30.0,Non Biodegradable,non_food,durga peanut chakra,non_food
8906006051362.0,Vijay maze flour,,,[],,unknown,other,no,,30.0,Non Biodegradable,grain,vijay maze flour,grain
8906070020639.0,Sharvas kodu bale,,,[],,unknown,other,no,,30.0,Non Biodegradable,non_food,sharvas kodu bale,non_food
8906070020400.0,Sharvas mixture,,,[],,unknown,other,no,,30.0,Non Biodegradable,non_food,sharvas mixture,non_food
8906070020448.0,Sharvas khara sev,,,[],,unknown,other,no,,30.0,Non Biodegradable,non_food,sharvas khara sev,non_food
8901262152211.0,Amul Kool Kesar Flavour,"Beverages and beverages preparations,Beverages,Dairies,Dairy drinks,Fruit and milk beverages",,"['en:palm-oil-content-unknown', 'en:non-vegan', 'en:vegetarian']",,,other,no,,40.0,Moderately Biodegradable,non_food,amul kool kesar flavour,non_food
8901491503013.0,Yellow Salted Lays,"Plant-based foods and beverages, Plant-based foods, Snacks, Cereals and potatoes, Salty snacks, Appetizers, Chips and fries, Crisps, Potato crisps, en:potato-crisps-in-sunflower-oil",,"['en:palm-oil-content-unknown', 'en:vegan-status-unknown', 'en:vegetarian-status-unknown']",,,other,no,,40.0,Moderately Biodegradable,spices,yellow salted lays,snack
8901058902839.0,Veg Atta Masala Noodles,"Plant-based foods and beverages, Plant-based foods, Dried products, Pastas, Dried products to be rehydrated, Noodles, Instant noodles",,"['en:palm-oil', 'en:vegan-status-unknown', 'en:vegetarian-status-unknown']",,,other,no,,40.0,Moderately Biodegradable,grain,veg atta masala noodles,spices
8991998111422.0,Gadjah Kopi Tubruk 10x24g,,,"['en:palm-oil-content-unknown', 'en:vegan-status-unknown', 'en:vegetarian-status-unknown']",,unknown,other,no,,40.0,Moderately Biodegradable,non_food,gadjah kopi tubruk 10x24g,non_food
8902080002030.0,Tropicana Apple Delight juice,Beverages,,[],,unknown,beverage,no,,30.0,Non Biodegradable,beverage,tropicana apple delight juice,beverage
8901808000068.0,weikfield custard powder vanilla,"Dessert sauces,Custards and pastry creams,desse",,"['en:palm-oil-free', 'en:vegan-status-unknown', 'en:vegetarian']",,,other,no,,40.0,Moderately Biodegradable,spices,weikfield custard powder vanilla,other
8906001723288.0,Nandan cow ghee,,,['en:vegetarian'],,unknown,other,no,,35.0,Non Biodegradable,dairy,nandan cow ghee,dairy
8904083302100.0,Fruit yogurt blueberry,Fruit yogurts,,"['en:palm-oil-content-unknown', 'en:non-vegan', 'en:vegetarian-status-unknown']",,,dairy,no,,40.0,Moderately Biodegradable,dairy,fruit yogurt blueberry,dairy
8901207035517.0,Dabur garlic chutney,,,[],,unknown,other,no,,30.0,Non Biodegradable,condiment,dabur garlic chutney,sauce_condiment
8904132919426.0,Desi kitchen kesari halwa,,,[],,unknown,other,no,,30.0,Non Biodegradable,non_food,desi kitchen kesari halwa,non_food
8902433003769.0,Galaxy MILK CHOCOLATE,,,['en:vegetarian'],,unknown,dairy,no,,35.0,Non Biodegradable,beverage,galaxy milk chocolate,dairy
8906009531311.0,Choco Slim Bar,,,[],,unknown,other,no,,30.0,Non Biodegradable,confectionery,choco slim bar,confectionery
8906010503550.0,Wafers,en:wafers,,[],,,other,no,,30.0,Non Biodegradable,snack,wafers,snack
8902901224238.0,Good life raisins green 500gm,Raisins,,"['en:palm-oil-free', 'en:vegan', 'en:vegetarian']",,,other,no,,40.0,Moderately Biodegradable,non_food,good life raisins green 500gm,non_food
8901233034300.0,Cadbury dairy milk silk bubbly,,,[],,unknown,dairy,no,,30.0,Non Biodegradable,dairy,cadbury dairy milk silk bubbly,dairy
8901393019469.0,Happydent wave,en:chewing-gum,,[],,,other,no,,30.0,Non Biodegradable,non_food,happydent wave,non_food
8901063029279.0,Jimjam,"Snacks, Snacks sucrés, Biscuits et gâteaux, Biscuits",,"['en:palm-oil-content-unknown', 'en:vegan-status-unknown', 'en:vegetarian']",,,other,no,,40.0,Moderately Biodegradable,non_food,jimjam,non_food
8903875394019.0,Milk n sugar bun,,,[],,unknown,dairy,no,,30.0,Non Biodegradable,dairy,milk n sugar bun,dairy
8908009587114.0,Roasted muesli super seeds,"Plant-based foods and beverages,Plant-based foods,Breakfasts,Cereals and potatoes,Cereals and their products,Breakfast cereals,Mueslis",,[],62.0,b,other,no,62.0,36.2,Non Biodegradable,cereal,roasted muesli super seeds,cereal
8906069692540.0,Manga,,,[],,unknown,other,no,,30.0,Non Biodegradable,non_food,manga,non_food
8901491001144.0,Maxx sizzling barbeque flavour,,,[],,unknown,other,no,,30.0,Non Biodegradable,confectionery,maxx sizzling barbeque flavour,confectionery
8906131680581.0,millet noodles,"Plant-based foods and beverages,Plant-based foods,Pastas,Noodles",,[],,unknown,other,no,,30.0,Non Biodegradable,non_food,millet noodles,non_food
8902901222272.0,Good life turmeric power,,,[],,,other,no,,30.0,Non Biodegradable,non_food,good life turmeric power,non_food
8901088081344.0,Saffola Peanut Butter,peanut butter,,['en:vegetarian'],,,dairy,no,,35.0,Non Biodegradable,dairy,saffola peanut butter,dairy
8991002105423.0,Kopi Kapal Api Special,"Plant-based foods and beverages, Beverages, Plant-based foods, Coffees, Instant beverages, Instant coffees",,[],-20.0,f,other,no,-20.0,28.0,Non Biodegradable,non_food,kopi kapal api special,non_food
8908012456056.0,Bread,,,[],,,other,no,,30.0,Non Biodegradable,non_food,bread,non_food
8908004203033.0,Morton brand Ghee 500ml,Ghee,,['en:vegetarian'],,,other,no,,35.0,Non Biodegradable,dairy,morton brand ghee 500ml,dairy
8901071701983.0,hershey-s,,,[],,,other,no,,30.0,Non Biodegradable,non_food,hershey-s,non_food
8906091860252.0,Kiwi pack of 6,,,[],,,other,no,,30.0,Non Biodegradable,non_food,kiwi pack of 6,non_food
8901725134327.0,Nice Sugar Sprinkled Biscuits,en:biscuits,,[],50.0,c,snack,no,50.0,35.0,Non Biodegradable,snack,nice sugar sprinkled biscuits,confectionery
8904738600650.0,Thon au naturel pêché à la ligne,,,[],,unknown,other,no,,30.0,Non Biodegradable,non_food,thon au naturel pêché à la ligne,non_food
8901063093089.0,Good day Cashew,"Snacks,Sweet snacks,Biscuits and cakes,Biscuits",,[],,,other,no,,30.0,Non Biodegradable,non_food,good day cashew,non_food
8906130900277.0,Orian choco chip,,,[],,,other,no,,30.0,Non Biodegradable,non_food,orian choco chip,snack
8904113521198.0,Agro fresh Ragi flour,,,[],,,other,no,,30.0,Non Biodegradable,grain,agro fresh ragi flour,grain
8902901031577.0,Lokwan wheat,,,[],,unknown,other,no,,30.0,Non Biodegradable,grain,lokwan wheat,grain
8906021061209.0,cashews blissfully salted,,,[],,unknown,other,no,,30.0,Non Biodegradable,spices,cashews blissfully salted,other
8901063017566.0,Britannia patazos,,,[],,,other,no,,30.0,Non Biodegradable,non_food,britannia patazos,non_food
8906024484142.0,badam flavored milk,"Beverages, Dairies, Dairy drinks, Milks, Flavoured milks, Double toned milk",,"['en:palm-oil-content-unknown', 'en:non-vegan', 'en:vegetarian']",,,dairy,no,,40.0,Moderately Biodegradable,dairy,badam flavored milk,dairy
8901058869262.0,Toned Milk a+,Milks,,"['en:palm-oil-free', 'en:non-vegan', 'en:vegetarian']",37.0,d,dairy,no,37.0,43.7,Moderately Biodegradable,dairy,toned milk a+,dairy
8901747003861.0,premium spiced tea,"100, en:teas",paper,[],,,beverage,yes,,90.0,Highly Biodegradable,beverage,premium spiced tea,spices
8901088034616.0,Saffola active,,,[],,unknown,other,no,,30.0,Non Biodegradable,non_food,saffola active,non_food
8901088034593.0,SAFOLA ACTIVE - MULTI-SOURCE EDIBLE OIL,"Plant-based foods and beverages, Plant-based foods, Legumes and their products, Cereals and potatoes, Fats, Cereals and their products, Vegetable fats, Vegetable oils, Cereal oils, Legume oils, Rice bran oils, Soybean oils",,"['en:palm-oil-free', 'en:vegan', 'en:vegetarian']",,,other,no,,40.0,Moderately Biodegradable,other_food,safola active - multi-source edible oil,oil
8901088002530.0,Tasty+,"Plant-based foods and beverages,Plant-based foods,Cereals and potatoes,Fats,Cereals and their products,Vegetable fats,Vegetable oils,Cereal oils,Refined cereal oils",,"['en:palm-oil-free', 'en:vegan', 'en:vegetarian']",,,other,no,,40.0,Moderately Biodegradable,non_food,tasty+,non_food
8906119530105.0,Zuggi chikki,,,[],,unknown,other,no,,30.0,Non Biodegradable,non_food,zuggi chikki,non_food
8908007271008.0,Umadi's Groundnut Chetney,,,[],,unknown,other,no,,30.0,Non Biodegradable,non_food,umadi's groundnut chetney,non_food
8902901026788.0,Good life grounding oil,,,['en:vegetarian'],,unknown,other,no,,35.0,Non Biodegradable,non_food,good life grounding oil,non_food
8904272600154.0,Storia Tender Coconut Water,"Beverages and beverages preparations,Plant-based foods and beverages,Beverages,Plant-based beverages,Coconut waters",,['en:vegetarian'],,,other,no,,35.0,Non Biodegradable,non_food,storia tender coconut water,non_food
8906070020509.0,Sharvas pakoda,,,[],,unknown,other,no,,30.0,Non Biodegradable,non_food,sharvas pakoda,non_food
8908012861928.0,Karachi dry fruit collection,,,[],,unknown,other,no,,30.0,Non Biodegradable,non_food,karachi dry fruit collection,non_food
8906055442524.0,Organic Tattva mustard oil,Mustard oils,,['en:vegetarian'],,unknown,other,no,,35.0,Non Biodegradable,non_food,organic tattva mustard oil,non_food
8901393019117.0,Happydent wave sugarfree,,,"['en:palm-oil-free', 'en:non-vegan', 'en:non-vegetarian']",,unknown,other,no,,40.0,Moderately Biodegradable,non_food,happydent wave sugarfree,non_food
8901688121013.0,Chicken pops Piri Piri,"Meats and their products, Chicken and its products, Meat preparations, Breaded products, Chicken preparations, Poultry nuggets, Breaded chicken, Chicken nuggets",Plastic,"['en:palm-oil-content-unknown', 'en:non-vegan', 'en:non-vegetarian']",16.0,e,other,no,16.0,31.6,Non Biodegradable,non_food,chicken pops piri piri,non_food
8901764011634.0,Coca cola pack of 6,,,[],,unknown,beverage,no,,30.0,Non Biodegradable,beverage,coca cola pack of 6,beverage
8906090571562.0,Too Yumm - Multigrain Chips,,,[],,unknown,snack,no,,30.0,Non Biodegradable,snack,too yumm - multigrain chips,snack
8904272904566.0,Dinoo's Makhana Sour Cream & Onion,Makhana,,"['en:palm-oil', 'en:non-vegan', 'en:vegetarian']",,,cosmetic,no,,40.0,Moderately Biodegradable,cosmetic,dinoo's makhana sour cream & onion,non_food
8906000212325.0,"Pillsbury multi, grain flour",,,[],,unknown,other,no,,30.0,Non Biodegradable,grain,"pillsbury multi, grain flour",grain
8901207032103.0,Real Guava juice 180ml tpk,"Plant-based foods and beverages, Beverages, Plant-based beverages, Fruit-based beverages, Juices and nectars, Fruit juices",,[],,,beverage,no,,30.0,Non Biodegradable,beverage,real guava juice 180ml tpk,beverage
8901888005397.0,Real active 100% orange juice,"Plant-based foods and beverages,Beverages,Plant-based beverages,Fruit-based beverages,Juices and nectars,Fruit juices,Orange juices",,['en:vegetarian'],,,beverage,no,,35.0,Non Biodegradable,beverage,real active 100% orange juice,beverage
8901888005410.0,Real activ 100% mixed fruit juice,Beverages and beverages preparations,,"['en:palm-oil-free', 'en:vegan-status-unknown', 'en:vegetarian-status-unknown']",,,beverage,no,,40.0,Moderately Biodegradable,beverage,real activ 100% mixed fruit juice,beverage
8904132944671.0,Campa cola,,,[],,unknown,beverage,no,,30.0,Non Biodegradable,beverage,campa cola,beverage
8904132944688.0,Campa lime & lemon,,,[],,unknown,other,no,,30.0,Non Biodegradable,non_food,campa lime & lemon,non_food
8904132944695.0,Campa orenge,,,[],,unknown,other,no,,30.0,Non Biodegradable,non_food,campa orenge,non_food
8906023721309.0,Sumul Dairy Chhas,buttermilk,,['en:vegetarian'],,,other,no,,35.0,Non Biodegradable,non_food,sumul dairy chhas,non_food
8906066203008.0,Dark Soya Sauce,,,[],,unknown,other,no,,30.0,Non Biodegradable,condiment,dark soya sauce,grain
8908018045070.0,Disney chocos pack of 6,,,[],,,other,no,,30.0,Non Biodegradable,non_food,disney chocos pack of 6,non_food
8901063363786.0,Gobbles Orange Bites cake,"Snacks,Sweet snacks,Cakes",,"['en:palm-oil', 'en:non-vegan', 'en:non-vegetarian']",,unknown,other,no,,40.0,Moderately Biodegradable,non_food,gobbles orange bites cake,non_food
8906064656721.0,CHIPOTLE MAYO 180 g,"Condiments, Sauces, Mayonnaises",,[],,,other,no,,30.0,Non Biodegradable,non_food,chipotle mayo 180 g,snack
8906064656714.0,Wingreens sauce,"Condiments, Sauces, Salad dressings",,[],,,other,no,,30.0,Non Biodegradable,condiment,wingreens sauce,sauce_condiment
8901023005800.0,Ezee,,,[],,unknown,other,no,,30.0,Non Biodegradable,non_food,ezee,non_food
8906059639906.0,Vanilla Milk Shake,"Beverages, Dairies, Dairy drinks, Flavoured milks, Vanilla milks",,['en:vegetarian'],,,dairy,no,,35.0,Non Biodegradable,dairy,vanilla milk shake,dairy
8901393019926.0,Chewy Dragees,,,[],,unknown,other,no,,30.0,Non Biodegradable,non_food,chewy dragees,non_food
8901262030243.0,Pure cow ghee,"Dairies, Fats, Spreads, Spreadable fats, Animal fats, Dairy spreads, Milkfat, Butters",,['en:vegetarian'],,,other,no,,35.0,Non Biodegradable,dairy,pure cow ghee,dairy
8904132919228.0,Desi kitchen rasam,,,[],,unknown,other,no,,30.0,Non Biodegradable,non_food,desi kitchen rasam,non_food
8901719123900.0,Parle g gold,"Snacks, Sweet snacks, Biscuits and cakes, Biscuits",,[],50.0,c,other,no,50.0,35.0,Non Biodegradable,non_food,parle g gold,non_food
8936036027402.0,Orion,,,[],,unknown,other,no,,30.0,Non Biodegradable,non_food,orion,non_food
8901719119026.0,Parle Assorted Candy orange bite,,,[],,,other,no,,30.0,Non Biodegradable,confectionery,parle assorted candy orange bite,confectionery
8901123001306.0,Lotte Fruto Pie Fluffy Cacks Filled With Strawberry Cream,"Snacks, Sweet snacks, Biscuits and cakes, Cakes",,[],,,cosmetic,no,,30.0,Non Biodegradable,cosmetic,lotte fruto pie fluffy cacks filled with strawberry cream,non_food
8901248704014.0,Zandu Pancharishta,Dietary supplements,,[],,,other,no,,30.0,Non Biodegradable,non_food,zandu pancharishta,non_food
8902080002085.0,Tropicana Orange Delight,"Plant-based foods and beverages, Beverages, Plant-based beverages, Fruit-based beverages, Juices and nectars, Fruit juices, Fruit juices from concentrate, Orange juices, Orange juices from concentrate, Sweetened beverages",,"['en:may-contain-palm-oil', 'en:vegan-status-unknown', 'en:vegetarian']",,,other,no,,40.0,Moderately Biodegradable,non_food,tropicana orange delight,non_food
8901725004545.0,Sunfeast milk shek 300ml pet,,,['en:vegetarian'],,unknown,dairy,no,,35.0,Non Biodegradable,dairy,sunfeast milk shek 300ml pet,dairy
8906005610836.0,Winkies muffins,,,[],,unknown,other,no,,30.0,Non Biodegradable,non_food,winkies muffins,non_food
8901088072236.0,Saffola Soya Chunks,Soybean and wheat-based nuggets (vegan),,"['en:palm-oil-free', 'en:vegan', 'en:vegetarian']",,,other,no,,40.0,Moderately Biodegradable,non_food,saffola soya chunks,grain
8901192227003.0,Dahi Masala,,,[],,,other,no,,30.0,Non Biodegradable,spices,dahi masala,spices
8902901225860.0,Good life idly rawa,,,[],,unknown,other,no,,30.0,Non Biodegradable,non_food,good life idly rawa,non_food
8908001658065.0,Ocean Fruit drink Mango & Passion fruit Flv 500ml,"Beverages and beverages preparations,Beverages",,"['en:palm-oil-content-unknown', 'en:vegan-status-unknown', 'en:vegetarian']",,,beverage,no,,40.0,Moderately Biodegradable,beverage,ocean fruit drink mango & passion fruit flv 500ml,beverage
8901262090322.0,Amulya dairy whitner,,,[],,unknown,other,no,,30.0,Non Biodegradable,non_food,amulya dairy whitner,non_food
8906003381714.0,Organic Raw Honey,Raw honey,,[],,unknown,other,no,,30.0,Non Biodegradable,non_food,organic raw honey,non_food
8906020580916.0,ID Instant Filter Coffee Liquid (Bold),"Plant-based foods and beverages, Plant-based foods, Coffees, Coffee decoction, Filter coffee, en:instant-coffees",,"['en:palm-oil-content-unknown', 'en:vegan-status-unknown', 'en:vegetarian-status-unknown']",,,beverage,no,,40.0,Moderately Biodegradable,beverage,id instant filter coffee liquid (bold),beverage
8901542000089.0,Complain Creamy Classic 500g Cbd,,,[],,,cosmetic,no,,30.0,Non Biodegradable,dairy,complain creamy classic 500g cbd,dairy
8908002237023.0,Terra banana chips,Snacks,,[],,unknown,snack,no,,30.0,Non Biodegradable,snack,terra banana chips,snack
8904004401073.0,Haldiram khatta mitha,"Rice-flakes-and-peanut-based-snacks,Snacks",,"['en:palm-oil', 'en:vegan-status-unknown', 'en:vegetarian']",,,other,no,,40.0,Moderately Biodegradable,grain,haldiram khatta mitha,grain
8901719126970.0,Parle 20 20cashew biscuits,"Snacks, Sweet snacks, Biscuits and cakes, Biscuits, Variety packs, Biscuits or cookies variety packs, Biscuits or Cookies (Perishable), Vegetarian",,['en:vegetarian'],50.0,c,snack,no,50.0,40.0,Moderately Biodegradable,snack,parle 20 20cashew biscuits,confectionery
8906080678998.0,Xlx hakka noodels,,,[],,,other,no,,30.0,Non Biodegradable,non_food,xlx hakka noodels,non_food
8904327600955.0,MYFITNESS Peanut Butter - Chocolate,Peanut butters,,"['en:may-contain-palm-oil', 'en:non-vegan', 'en:vegetarian']",35.0,d,dairy,no,35.0,43.5,Moderately Biodegradable,beverage,myfitness peanut butter - chocolate,dairy
8901063146181.0,Brtn wnkn cow vanila milk shake,,,[],,unknown,dairy,no,,30.0,Non Biodegradable,dairy,brtn wnkn cow vanila milk shake,dairy
8901063325036.0,Britannia toastea,,,[],,,beverage,no,,30.0,Non Biodegradable,beverage,britannia toastea,beverage
8904113521228.0,Agro fresh sooji rawa,,,[],,unknown,other,no,,30.0,Non Biodegradable,non_food,agro fresh sooji rawa,non_food
8906111440006.0,Tata Q pasta,,,[],,unknown,other,no,,30.0,Non Biodegradable,non_food,tata q pasta,non_food
8901777411124.0,Pain indien,,,[],,,other,no,,30.0,Non Biodegradable,non_food,pain indien,non_food
8906014640053.0,Dalda,Vegetable oils,,['en:vegetarian'],,,other,no,,35.0,Non Biodegradable,grain,dalda,grain
8906066207648.0,Schezwan chilli garlic Chutney,"Plant-based foods and beverages, Plant-based foods, Condiments, Spreads, Plant-based spreads, Sauces, Non emulsi",,"['en:palm-oil-free', 'en:vegan-status-unknown', 'en:vegetarian']",,,other,no,,40.0,Moderately Biodegradable,condiment,schezwan chilli garlic chutney,sauce_condiment
8902901027303.0,Pulses Urad Daal,,,[],,unknown,other,no,,30.0,Non Biodegradable,non_food,pulses urad daal,non_food
8906009993188.0,Elite cake,,,[],,,other,no,,30.0,Non Biodegradable,non_food,elite cake,non_food
8901262150118.0,Amul Fresh Cream 1ltr,"Creams,Dairies",,"['en:palm-oil-free', 'en:non-vegan', 'en:vegetarian']",,,cosmetic,no,,40.0,Moderately Biodegradable,cosmetic,amul fresh cream 1ltr,non_food
8904063253415.0,Roasted Chana Cracker Heeng Jeera,"Snacks, en:appetizers",plastic,[],,unknown,other,no,,20.0,Non Biodegradable,snack,roasted chana cracker heeng jeera,snack
8901030825521.0,Horlicks Protein Plus Chocolate Flavour,,,[],,unknown,beverage,no,,30.0,Non Biodegradable,beverage,horlicks protein plus chocolate flavour,confectionery
8902979050883.0,Cavin's Vanilla Milkshake 180ml,"Beverages, Dairies, Dairy drinks, Flavoured milks, Milkshakes, Vanilla milkshake",,"['en:palm-oil-free', 'en:vegan-status-unknown', 'en:vegetarian']",,,dairy,no,,40.0,Moderately Biodegradable,dairy,cavin's vanilla milkshake 180ml,dairy
8901725116835.0,Sunfeast milk shek,,,[],,unknown,dairy,no,,30.0,Non Biodegradable,dairy,sunfeast milk shek,dairy
8904132919273.0,Desi kitchen Chhole masala,,,[],,unknown,other,no,,30.0,Non Biodegradable,spices,desi kitchen chhole masala,spices
8906021121941.0,Aachi lemon paste,,,[],,,other,no,,30.0,Non Biodegradable,non_food,aachi lemon paste,non_food
8904132919242.0,Desi kitchen Idli Chilli powder,,,[],,,other,no,,30.0,Non Biodegradable,spices,desi kitchen idli chilli powder,other
8901063146297.0,Britannia Winkin cow thick lassi 180ml,"Dairies,beverages",,"['en:palm-oil-content-unknown', 'en:vegan-status-unknown', 'en:vegetarian-status-unknown']",,,other,no,,40.0,Moderately Biodegradable,dairy,britannia winkin cow thick lassi 180ml,dairy
8901063146280.0,Winkin cow thick Lassi classic 180ml,,,[],,,other,no,,30.0,Non Biodegradable,dairy,winkin cow thick lassi classic 180ml,dairy
8904132919303.0,Desi kitchen rajma masala,,,[],,unknown,other,no,,30.0,Non Biodegradable,spices,desi kitchen rajma masala,spices
8904132917163.0,Snac tac Gulab jamun 1kg,,,['en:vegetarian'],,unknown,other,no,,35.0,Non Biodegradable,non_food,snac tac gulab jamun 1kg,non_food
8908000233225.0,Iyer's Punjabi masala papad 200g,"Plant-based foods and beverages,Plant-based foods,Cereals and potatoes,Breads,Flatbreads,Special breads,Papadum",,['en:vegetarian'],,,other,no,,35.0,Non Biodegradable,spices,iyer's punjabi masala papad 200g,spices
8908000233034.0,Chilly Papad,"Plant-based foods and beverages,Plant-based foods,Cereals and potatoes,Breads,Flatbreads,Special breads,Papadum",,"['en:may-contain-palm-oil', 'en:vegan-status-unknown', 'en:vegetarian']",,unknown,other,no,,40.0,Moderately Biodegradable,non_food,chilly papad,non_food
8908000233300.0,Plain Papad,"Plant-based foods and beverages,Plant-based foods,Cereals and potatoes,Breads,Flatbreads,Special breads,Papadum",,[],,,other,no,,30.0,Non Biodegradable,non_food,plain papad,non_food
8906008591354.0,Ganesh kesaria Thandai,Plant-based beverages,,"['en:palm-oil-content-unknown', 'en:vegan-status-unknown', 'en:vegetarian-status-unknown']",,,other,no,,40.0,Moderately Biodegradable,non_food,ganesh kesaria thandai,non_food
8994963003272.0,Instant Noodles Special Chicken Flavour,,,[],,,other,no,,30.0,Non Biodegradable,non_food,instant noodles special chicken flavour,non_food
8901063017634.0,Britannia 5050,"Plant-based foods and beverages,Plant-based foods,Snacks,Cereals and potatoes,Fats,Salty snacks,Appetizers,Chips and fries,Crisps,Potato crisps,Salt and vinegar crisps,Salt and malt vinegar crisps",,"['en:palm-oil', 'en:non-vegan', 'en:vegetarian-status-unknown']",58.0,c,other,no,58.0,45.8,Moderately Biodegradable,non_food,britannia 5050,non_food
8901719123139.0,Hide&seek bisc,"Snacks, Sweet snacks, Biscuits and cakes, Biscuits",,"['en:palm-oil', 'en:vegan-status-unknown', 'en:vegetarian-status-unknown']",40.0,d,other,no,40.0,44.0,Moderately Biodegradable,non_food,hide&seek bisc,non_food
8908014665050.0,Yogurt Drink Mango,,,[],,unknown,dairy,no,,30.0,Non Biodegradable,beverage,yogurt drink mango,dairy
8901719123597.0,pale fab bourbon,en:biscuits,,['en:vegetarian'],,,other,no,,35.0,Non Biodegradable,non_food,pale fab bourbon,non_food
8906066201356.0,Keya sea salt grinder,,,[],,unknown,other,no,,30.0,Non Biodegradable,spices,keya sea salt grinder,other
8901595853861.0,Just Soak Whole Wheat Hakka Noodles,,,[],,unknown,other,no,,30.0,Non Biodegradable,grain,just soak whole wheat hakka noodles,grain
8939111642958.0,choco ragi millet cookies,,,[],,unknown,snack,no,,30.0,Non Biodegradable,snack,choco ragi millet cookies,confectionery
8906119250034.0,Prem dulhan mehndi,,,[],,,other,no,,30.0,Non Biodegradable,non_food,prem dulhan mehndi,non_food
8902901224160.0,Good life walnut kernels,,,[],,unknown,other,no,,30.0,Non Biodegradable,non_food,good life walnut kernels,non_food
8902901224092.0,Good life chironji,,,[],,,other,no,,30.0,Non Biodegradable,non_food,good life chironji,non_food
8904545454552.0,Bright star,,,[],,,other,no,,30.0,Non Biodegradable,non_food,bright star,non_food
8902901026122.0,Good life fluttered groundout oil,,,[],,unknown,other,no,,30.0,Non Biodegradable,non_food,good life fluttered groundout oil,non_food
8906006330184.0,Gemini soybean oil,en:milk-substitutes,,[],,,other,no,,30.0,Non Biodegradable,non_food,gemini soybean oil,non_food
8901030825491.0,Women's plus chocolate,,,[],,unknown,beverage,no,,30.0,Non Biodegradable,beverage,women's plus chocolate,confectionery
8902901029628.0,Good life sugar 5 kg,,,[],,unknown,other,no,,30.0,Non Biodegradable,non_food,good life sugar 5 kg,non_food
8901262150378.0,slim 'n' trim Skimmed Milk,"Dairies,Milks",,"['en:palm-oil-free', 'en:non-vegan', 'en:vegetarian']",,,dairy,no,,40.0,Moderately Biodegradable,dairy,slim 'n' trim skimmed milk,dairy
8901719122187.0,krackjack,,,[],,,other,no,,30.0,Non Biodegradable,non_food,krackjack,non_food
8908000502024.0,Sunpure Physically Refined Sunflower Oil,"Plant-based foods and beverages, Plant-based foods, Fats, Vegetable fats, Vegetable oils, en:sunflower-oils",,[],44.0,d,other,no,44.0,34.4,Non Biodegradable,non_food,sunpure physically refined sunflower oil,non_food
8902080001286.0,Pepsi black,"Beverages, Carbonated drinks, Artificially sweetened beverages, Sodas, Diet beverages, Diet sodas, Punjabi, en:diet-cola-soft-drink",,"['en:palm-oil-content-unknown', 'en:vegan-status-unknown', 'en:vegetarian-status-unknown']",,,other,no,,40.0,Moderately Biodegradable,non_food,pepsi black,non_food
8908000420151.0,Sil Baked beans in Tomato Sauce,,,[],,,other,no,,30.0,Non Biodegradable,condiment,sil baked beans in tomato sauce,sauce_condiment
8906066854187.0,Nature Land Organics Pure Kachi Ghani Mustard Oil Cold Pressed,,,[],,unknown,other,no,,30.0,Non Biodegradable,non_food,nature land organics pure kachi ghani mustard oil cold pressed,non_food
8904272600093.0,Storia Coffee Shake 180ml,Beverages,,"['en:palm-oil-content-unknown', 'en:vegan-status-unknown', 'en:vegetarian']",,unknown,beverage,no,,40.0,Moderately Biodegradable,beverage,storia coffee shake 180ml,beverage
8904272600130.0,Storia Badam Shake 180ml pet,Beverages,,['en:vegetarian'],,unknown,other,no,,35.0,Non Biodegradable,non_food,storia badam shake 180ml pet,non_food
8901764175091.0,Fruit drink,"Sweet snacks,Confectioneries",,"['en:palm-oil-content-unknown', 'en:vegan-status-unknown', 'en:vegetarian-status-unknown']",,unknown,beverage,no,,40.0,Moderately Biodegradable,beverage,fruit drink,beverage
8901246003607.0,Del Monte Extra Virgin Olive Oil,"Plant-based foods and beverages,Plant-based foods,Fats,Vegetable fats,Olive tree products,Vegetable oils,Olive oils,Extra-virgin olive oils",,[],32.0,d,other,no,32.0,33.2,Non Biodegradable,non_food,del monte extra virgin olive oil,non_food
8906020460430.0,Harvest gold,,,[],,unknown,other,no,,30.0,Non Biodegradable,non_food,harvest gold,non_food
8901016000058.0,surjeet,"Pun, Punjab",,[],,unknown,other,no,,30.0,Non Biodegradable,non_food,surjeet,non_food
8901764122613.0,Minute maid gritty guava,,,[],,unknown,other,no,,30.0,Non Biodegradable,non_food,minute maid gritty guava,non_food
8904052566328.0,Choco Chips,,,[],,unknown,snack,no,,30.0,Non Biodegradable,snack,choco chips,snack
8901542001628.0,8901542001628,,,[],,,other,no,,30.0,Non Biodegradable,non_food,8901542001628,non_food
8902901001709.0,chakki aata 5kg,"Plant-based foods and beverages,Plant-based foods,Cereals and potatoes,Cereals and their products,Flours,Cereal flours,Wheat flours",,['en:vegetarian'],,,other,no,,35.0,Non Biodegradable,non_food,chakki aata 5kg,non_food
8908014705268.0,Twist khari,,,[],,unknown,other,no,,30.0,Non Biodegradable,non_food,twist khari,non_food
8908014705015.0,Maska khari,,,[],,unknown,other,no,,30.0,Non Biodegradable,non_food,maska khari,non_food
8908014705329.0,Milk baby rusk,,,[],,,dairy,no,,30.0,Non Biodegradable,dairy,milk baby rusk,dairy
8908014705343.0,Dark Belgian protein rusk,,,[],,unknown,other,no,,30.0,Non Biodegradable,non_food,dark belgian protein rusk,non_food
8908014705381.0,Italian mini bun roll,,,[],,,other,no,,30.0,Non Biodegradable,non_food,italian mini bun roll,non_food
8901719414084.0,monaco cheesling,,,[],,unknown,other,no,,30.0,Non Biodegradable,non_food,monaco cheesling,non_food
8901246005793.0,Ketchup,,,[],,,other,no,,30.0,Non Biodegradable,condiment,ketchup,sauce_condiment
8906143890473.0,The Whole Truth 71% Dark Chocolate,"Snacks,Sweet snacks,Cocoa and its products,Chocolates,Dark chocolates,No Added Flavour,No Added Sugar,No Erythritol,No Maltitol,No Preservatives,No Stevia",,"['en:palm-oil-free', 'en:vegan', 'en:vegetarian']",15.0,e,beverage,no,15.0,41.5,Moderately Biodegradable,beverage,the whole truth 71% dark chocolate,confectionery
8906143890480.0,The Whole Truth 55% Dark Chocolate,"Snacks,Sweet snacks,Cocoa and its products,Chocolates,Dark chocolates",,"['en:palm-oil-free', 'en:vegan', 'en:vegetarian']",15.0,e,beverage,no,15.0,41.5,Moderately Biodegradable,beverage,the whole truth 55% dark chocolate,confectionery
8906143890497.0,The Whole Truth Almond Raisin Dark Chocolate,"Snacks,Sweet snacks,Cocoa and its products,Chocolates,Dark chocolates",,"['en:palm-oil-free', 'en:vegan', 'en:vegetarian']",15.0,e,beverage,no,15.0,41.5,Moderately Biodegradable,beverage,the whole truth almond raisin dark chocolate,confectionery
8901052034574.0,Agni 1kg,"Beverages and beverages preparations,Plant-based foods and beverages,Beverages,Hot beverages,Plant-based beverages,Teas",,['en:vegetarian'],,,other,no,,35.0,Non Biodegradable,non_food,agni 1kg,non_food
8904132917040.0,Aarambh danedar Assam tea 1kg,"Plant-based foods and beverages, Beverages, Hot beverages, Plant-based beverages, Teas",,[],,,beverage,no,,30.0,Non Biodegradable,beverage,aarambh danedar assam tea 1kg,beverage
8901063032453.0,Treat Croissant Vanilla Créme,"Snacks, Sweet snacks, Viennoiseries, Filled croissants, Croissant filled with cream",,[],,,other,no,,30.0,Non Biodegradable,other_food,treat croissant vanilla créme,other
8904132917088.0,Aarambh Classic Dust tea,,,[],,unknown,beverage,no,,30.0,Non Biodegradable,beverage,aarambh classic dust tea,dairy
8906143890107.0,dark chocolate peanut butter,"Plant-based foods and beverages,Plant-based foods,Legumes and their products,Breakfasts,Spreads,Plant-based spreads,Sweet spreads,Oilseed purees,Legume butters,fr:Pâtes à tartiner,Peanut butters,Chocolate spreads",,"['en:palm-oil-free', 'en:vegan', 'en:vegetarian']",,,dairy,no,,40.0,Moderately Biodegradable,beverage,dark chocolate peanut butter,dairy
8901063146204.0,Winkin cow milk shek,,,[],,unknown,dairy,no,,30.0,Non Biodegradable,dairy,winkin cow milk shek,dairy
8901719123801.0,Parle MONACO 400g,"salty-snacks, da:crackers",,[],,,other,no,,30.0,Non Biodegradable,non_food,parle monaco 400g,non_food
8902901224801.0,Good life dal mix500g,,,[],,,other,no,,30.0,Non Biodegradable,grain,good life dal mix500g,grain
8902901224856.0,Good life rajma sharmli,,,[],,,other,no,,30.0,Non Biodegradable,non_food,good life rajma sharmli,non_food
8904057307865.0,Arun ice cream,"Desserts, Frozen foods, Frozen desserts, Ice creams and sorbets, Ice creams",,"['en:palm-oil-content-unknown', 'en:vegan-status-unknown', 'en:vegetarian-status-unknown']",67.0,b,cosmetic,no,67.0,46.7,Moderately Biodegradable,cosmetic,arun ice cream,frozen_food
8901262110068.0,Sagar Skimmed Milk Powder,"Beverages and beverages preparations,Beverages,Dairies,Dried products,Milks,Dried products to be rehydrated,Dehydrated beverages,Skimmed milks,Milk powders,Skimmed milk powder","Plastic,Other plastics","['en:palm-oil-free', 'en:non-vegan', 'en:vegetarian']",,,dairy,no,,30.0,Non Biodegradable,dairy,sagar skimmed milk powder,dairy
8908005312321.0,Caramel Popcorn,,,[],,unknown,other,no,,30.0,Non Biodegradable,non_food,caramel popcorn,non_food
8906031880029.0,Sukku Kaapi Mix,Beverages,,"['en:palm-oil-content-unknown', 'en:vegan-status-unknown', 'en:vegetarian-status-unknown']",,unknown,other,no,,40.0,Moderately Biodegradable,non_food,sukku kaapi mix,non_food
8901014004843.0,cup noodles veggi manchow,"Spices,Noodles,Instant noodles",,"['en:may-contain-palm-oil', 'en:vegan-status-unknown', 'en:vegetarian-status-unknown']",62.0,b,other,no,62.0,46.2,Moderately Biodegradable,non_food,cup noodles veggi manchow,non_food
8901764102912.0,Rim Zim,"Beverages,Carbonated drinks,Sodas",,"['en:palm-oil-content-unknown', 'en:vegan-status-unknown', 'en:vegetarian']",,,other,no,,40.0,Moderately Biodegradable,non_food,rim zim,non_food
8906080810237.0,Skimmed Milk Powder,"Beverages, Dairies, Dried products, Milks, Dried products to be rehydrated, Dehydrated beverages, Milk powders, en:skimmed-milks",Plastic,"['en:palm-oil-free', 'en:non-vegan', 'en:vegetarian']",-20.0,f,dairy,no,-20.0,28.0,Non Biodegradable,dairy,skimmed milk powder,dairy
8902269503198.0,Oflokem D,"Non food products, Open Products Facts",,[],,unknown,other,no,,30.0,Non Biodegradable,non_food,oflokem d,non_food
8901786090501.0,Chhole Masala,Masala powder,,[],,unknown,other,no,,30.0,Non Biodegradable,spices,chhole masala,spices
8901725121723.0,Aashirvaad Superior MP Atta,"Plant-based foods and beverages, Plant-based foods, Cereals and potatoes, Seeds, Cereals and their products, Flours, Cereal flours, Cereal grains, Wheat flours, Wheats, Whole wheat flours",,[],77.0,a,other,no,77.0,37.7,Non Biodegradable,grain,aashirvaad superior mp atta,grain
8901595971237.0,Sweet Corn Veg Instant Soup,,,[],,,other,no,,30.0,Non Biodegradable,confectionery,sweet corn veg instant soup,confectionery
8901030902376.0,Mixed Vegetable Soup,Soups,,[],,,other,no,,30.0,Non Biodegradable,non_food,mixed vegetable soup,non_food
8906143040335.0,Yu Chilli Chicken Noodles,,,[],,unknown,other,no,,30.0,Non Biodegradable,non_food,yu chilli chicken noodles,non_food
8901090328109.0,Tata Coffee Grand Classic,"Plant-based foods and beverages, Beverages, Plant-based foods, Coffees, Instant beverages, Instant coffees",,[],-20.0,f,beverage,no,-20.0,28.0,Non Biodegradable,beverage,tata coffee grand classic,dairy
8906082370081.0,Pure malai kulfi,,,[],,unknown,other,no,,30.0,Non Biodegradable,non_food,pure malai kulfi,non_food
8906082371279.0,Kesar pista kulfi,,,[],,unknown,other,no,,30.0,Non Biodegradable,non_food,kesar pista kulfi,non_food
8901491001076.0,American Style Cream and onion chips,"Aliments et boissons à base de végétaux, Aliments d'origine végétale, Snacks, Céréales et pommes de terre, Snacks salés, Amuse-gueules, Chips et frites, Chips, Chips de pommes de terre",,['en:vegetarian'],68.0,b,snack,no,68.0,41.8,Moderately Biodegradable,snack,american style cream and onion chips,snack
8906135620392.0,Kakaji Punjabi Tadka,"Condiments, Mixtures of herbs and spices",plastic,['en:vegetarian'],,unknown,other,no,,25.0,Non Biodegradable,non_food,kakaji punjabi tadka,non_food
8906009078670.0,Unibic Frunit and Nut cookies,"Snacks, Sweet snacks, Biscuits and cakes, Biscuits",,"['en:palm-oil', 'en:non-vegan', 'en:vegetarian']",,,snack,no,,40.0,Moderately Biodegradable,snack,unibic frunit and nut cookies,confectionery
8901262152273.0,Amul tru,,,[],,unknown,other,no,,30.0,Non Biodegradable,non_food,amul tru,non_food
8901725115845.0,Sunfest caker,,,[],,unknown,other,no,,30.0,Non Biodegradable,non_food,sunfest caker,non_food
8908016386021.0,Fennel Cane Jaggery,"Sweeteners,Sugars",,['en:vegetarian'],76.0,a,other,no,76.0,42.6,Moderately Biodegradable,non_food,fennel cane jaggery,non_food
8906064511297.0,White Eggs,"Farming products, Eggs, Chicken eggs",,"['en:palm-oil-free', 'en:non-vegan', 'en:non-vegetarian']",31.0,d,other,no,31.0,43.1,Moderately Biodegradable,non_food,white eggs,non_food
8901689020025.0,Mala's rose syrup,"Sweeteners, Syrups, Simple syrups",,[],,,other,no,,30.0,Non Biodegradable,beverage,mala's rose syrup,beverage_syrup
8908003799018.0,Ula,,,[],,unknown,other,no,,30.0,Non Biodegradable,non_food,ula,non_food
8901552023481.0,Garluc Naan,,,[],,unknown,other,no,,30.0,Non Biodegradable,non_food,garluc naan,non_food
8906133400446.0,Gummies,,,"['en:vegan', 'en:vegetarian']",,unknown,other,no,,40.0,Moderately Biodegradable,non_food,gummies,non_food
8904083503972.0,24 Mantra chilly powder 200g,,,[],,,other,no,,30.0,Non Biodegradable,spices,24 mantra chilly powder 200g,other
8904083515241.0,24 Mantra Turmeric powder 200g,,,[],,unknown,other,no,,30.0,Non Biodegradable,spices,24 mantra turmeric powder 200g,spice
8902901222388.0,Best farms cardamom 50g,,,[],,unknown,other,no,,30.0,Non Biodegradable,non_food,best farms cardamom 50g,non_food
8902901711172.0,Good life tureric powder,,,[],,unknown,other,no,,30.0,Non Biodegradable,spices,good life tureric powder,other
8906064656752.0,Wingreens veg mayo,,,[],,,other,no,,30.0,Non Biodegradable,non_food,wingreens veg mayo,non_food
8902901222593.0,Good life chilli guntur sttemless,,,[],,unknown,other,no,,30.0,Non Biodegradable,non_food,good life chilli guntur sttemless,non_food
8901071731942.0,sofit,,,"['en:vegan', 'en:vegetarian']",,,other,no,,40.0,Moderately Biodegradable,non_food,sofit,non_food
8901262151368.0,Moti,"Dairies,Milks,Cow milks",,"['en:palm-oil-free', 'en:non-vegan', 'en:vegetarian']",,,other,no,,40.0,Moderately Biodegradable,non_food,moti,non_food
8904132925564.0,snactac masala noodals 560g,,,[],,,other,no,,30.0,Non Biodegradable,grain,snactac masala noodals 560g,spices
8901063342026.0,Vitarich Sandwich Premium White Bread,"Plant-based foods and beverages, Plant-based foods, Cereals and potatoes, Breads, Sliced breads",Plastic,"['en:palm-oil', 'en:vegan-status-unknown', 'en:vegetarian-status-unknown']",,,other,no,,30.0,Non Biodegradable,non_food,vitarich sandwich premium white bread,non_food
8901042957968.0,MTR DOSA,"Baby foods,Baby milks,Infant formulas,Pre-food,Batters",,"['en:palm-oil-content-unknown', 'en:vegan-status-unknown', 'en:vegetarian']",,,other,no,,40.0,Moderately Biodegradable,non_food,mtr dosa,non_food
8901058903805.0,Hot & Sweet Tomato Chilli Sauce,"Condiments, Sauces, Tomato sauces",,"['en:palm-oil-content-unknown', 'en:vegan-status-unknown', 'en:vegetarian-status-unknown']",,,other,no,,40.0,Moderately Biodegradable,confectionery,hot & sweet tomato chilli sauce,confectionery
8904089920490.0,Heritage Total Curd,"Dairies,Fermented foods,Fermented milk products,Desserts,Dairy desserts,Fermented dairy desserts,Yogurts,Curd",,"['en:palm-oil-content-unknown', 'en:vegan-status-unknown', 'en:vegetarian-status-unknown']",,,dairy,no,,40.0,Moderately Biodegradable,dairy,heritage total curd,dairy
8906001024880.0,gowardhan cow ghee,,,[],,,other,no,,30.0,Non Biodegradable,dairy,gowardhan cow ghee,dairy
8906097590221.0,Charge Immunity Booster,,,[],,unknown,other,no,,30.0,Non Biodegradable,non_food,charge immunity booster,non_food
8906133310592.0,Almond Bon Bon,"Snacks, Sweet snacks, Cocoa and its products, Confectioneries, Chocolate candies, Bonbons",,"['en:palm-oil-free', 'en:vegan-status-unknown', 'en:vegetarian-status-unknown']",,,other,no,,40.0,Moderately Biodegradable,non_food,almond bon bon,non_food
8908000385351.0,Masala peanut,"Plant-based foods and beverages, Plant-based foods, Legumes and their products, Legumes, Nuts and their products, Nuts, Peanuts, Spiced peanuts",,"['en:palm-oil', 'en:vegan', 'en:vegetarian']",23.0,e,other,no,23.0,42.3,Moderately Biodegradable,spices,masala peanut,spices
8901725002206.0,5-Grain Digestive High Fibre,"Snacks, Sweet snacks, Biscuits and cakes, Biscuits",,"['en:palm-oil', 'en:non-vegan', 'en:vegetarian-status-unknown']",40.0,d,other,no,40.0,44.0,Moderately Biodegradable,non_food,5-grain digestive high fibre,non_food
8902080404094.0,Mango Slice,"Beverages, Sweetened beverages",,"['en:palm-oil-content-unknown', 'en:vegan-status-unknown', 'en:vegetarian-status-unknown']",,,other,no,,40.0,Moderately Biodegradable,non_food,mango slice,non_food
8901262130325.0,Amul Pro Chocolate 500g pp,"Beverages, Sweetened beverages",,"['en:may-contain-palm-oil', 'en:non-vegan', 'en:vegetarian']",,,beverage,no,,40.0,Moderately Biodegradable,beverage,amul pro chocolate 500g pp,confectionery
8901071701365.0,Hershey's milk booster,,,['en:vegetarian'],,,dairy,no,,35.0,Non Biodegradable,dairy,hershey's milk booster,dairy
8902901222425.0,Best farms pepper black 50 g,,,['en:vegetarian'],,unknown,other,no,,35.0,Non Biodegradable,spices,best farms pepper black 50 g,spice
8901030824913.0,Mother horlicks 500 g,,,[],,unknown,other,no,,30.0,Non Biodegradable,non_food,mother horlicks 500 g,non_food
8901725118914.0,Tedhe Medhe,Corn chips,,"['en:palm-oil', 'en:vegan-status-unknown', 'en:vegetarian']",58.0,c,other,no,58.0,45.8,Moderately Biodegradable,non_food,tedhe medhe,non_food
8902901225808.0,Goodlife sugar big crystal,,,['en:vegetarian'],,,other,no,,35.0,Non Biodegradable,non_food,goodlife sugar big crystal,non_food
8906003381431.0,Honey maple syrup,,,[],,unknown,other,no,,30.0,Non Biodegradable,beverage,honey maple syrup,beverage_syrup
8996001312506.0,Malkist Cheese Flavoured Crunchy Layered Cracker Biscuits,"snacks, salty-snacks, sweet-snacks, appetizers, biscuits-and-cakes, biscuits, da:crackers, cream-biscuit",,"['en:palm-oil', 'en:non-vegan', 'en:vegetarian']",,,dairy,no,,40.0,Moderately Biodegradable,snack,malkist cheese flavoured crunchy layered cracker biscuits,dairy
8904145912957.0,Ensure Chocolate Flavour,Dietary supplements,,"['en:palm-oil-content-unknown', 'en:non-vegan', 'en:vegetarian']",,unknown,beverage,no,,40.0,Moderately Biodegradable,beverage,ensure chocolate flavour,confectionery
8906024370155.0,Jeeru,"Boissons, Boissons gazeuses, Sodas",,[],,,other,no,,30.0,Non Biodegradable,non_food,jeeru,non_food
8906118940080.0,Multi Grain Ladoo,,,[],,unknown,other,no,,30.0,Non Biodegradable,non_food,multi grain ladoo,non_food
8901071704205.0,Choco tubes,,,[],,,other,no,,30.0,Non Biodegradable,non_food,choco tubes,non_food
8904311900825.0,Onion black seed oil,,,"['en:palm-oil-content-unknown', 'en:vegan-status-unknown', 'en:vegetarian-status-unknown']",,unknown,other,no,,40.0,Moderately Biodegradable,non_food,onion black seed oil,non_food
8908000233102.0,iyers gold finger papad,,,[],,,other,no,,30.0,Non Biodegradable,non_food,iyers gold finger papad,non_food
8906064655663.0,pizza pasta sauce 450g,,,[],,,other,no,,30.0,Non Biodegradable,condiment,pizza pasta sauce 450g,sauce_condiment
8906112993341.0,Keto Almond Cookies,,,[],,unknown,snack,no,,30.0,Non Biodegradable,snack,keto almond cookies,confectionery
89008430.0,Nescafe Iced Latte,"Beverages and beverages preparations,Beverages,Coffee drinks,Ready-to-Drink Coffee",,"['en:palm-oil-content-unknown', 'en:vegan-status-unknown', 'en:vegetarian-status-unknown']",,unknown,other,no,,40.0,Moderately Biodegradable,non_food,nescafe iced latte,non_food
8901063142459.0,Britannia nutri choice herbs,,,[],,unknown,other,no,,30.0,Non Biodegradable,non_food,britannia nutri choice herbs,non_food
8904113522058.0,Agro fresh bansi Rawa,,,[],,,other,no,,30.0,Non Biodegradable,non_food,agro fresh bansi rawa,non_food
8908014694012.0,BL Bansi Suji,"Plant-based foods and beverages, Plant-based foods, Cereals and potatoes, Cereals and their products, Cereal semolinas, Wheat semolinas, Granulated wheat, Suji",,['en:vegetarian'],,,other,no,,35.0,Non Biodegradable,non_food,bl bansi suji,non_food
8908007271138.0,Umadis garlic chutney,,,[],,,other,no,,30.0,Non Biodegradable,condiment,umadis garlic chutney,sauce_condiment
8906463679031.0,Nandini chocolate Milk shake,,,[],,unknown,dairy,no,,30.0,Non Biodegradable,beverage,nandini chocolate milk shake,dairy
8901764362804.0,Pulpy Orange,"Plant-based foods and beverages, Beverages, Plant-based beverages, Fruit-based beverages, Juices and nectars, Fruit juices, Orange juices",,"['en:palm-oil-content-unknown', 'en:vegan-status-unknown', 'en:vegetarian-status-unknown']",48.0,c,other,no,48.0,44.8,Moderately Biodegradable,non_food,pulpy orange,non_food
8906071887781.0,CrèmeCups,"Snacks, Sweet snacks, Biscuits and cakes, Cakes, Cup cakes",,['en:vegetarian'],,unknown,other,no,,35.0,Non Biodegradable,non_food,crèmecups,non_food
8902579002329.0,Smoodh toffee caramel,"Beverages, Dairies, Dairy drinks, Milks, Flavoured milks",KEEP YOUR CITY CLEAN PAPER-BASED RECICLABLE CARTON,"['en:may-contain-palm-oil', 'en:non-vegan', 'en:vegetarian-status-unknown']",,,other,yes,,100.0,Highly Biodegradable,non_food,smoodh toffee caramel,non_food
8906032010012.0,Ruchi gold Oil,"Plant-based foods and beverages, Plant-based foods, Fats, Vegetable fats, Vegetable oils, Palm oils, Palm oil refined",,"['en:palm-oil', 'en:vegan', 'en:vegetarian']",,,other,no,,40.0,Moderately Biodegradable,non_food,ruchi gold oil,non_food
8908005144625.0,Muesli+ Almond+Quinoa Crunch,,,[],,unknown,other,no,,30.0,Non Biodegradable,cereal,muesli+ almond+quinoa crunch,cereal
8901058904697.0,maggi Masala Oats Noodles,,,[],,unknown,other,no,,30.0,Non Biodegradable,cereal,maggi masala oats noodles,spices
8904004400052.0,Bhujia Sev 600g,"Health,Farsan",,"['en:palm-oil-content-unknown', 'en:vegan-status-unknown', 'en:vegetarian']",,,other,no,,40.0,Moderately Biodegradable,non_food,bhujia sev 600g,non_food
8908009419019.0,Bauli Moonfils Croissant,en:croissants,,"['en:non-vegan', 'en:non-vegetarian']",,,other,no,,40.0,Moderately Biodegradable,non_food,bauli moonfils croissant,non_food
8906008812435.0,Achaari Khichdi,,,"['en:palm-oil-content-unknown', 'en:vegan-status-unknown', 'en:vegetarian-status-unknown']",,unknown,other,no,,40.0,Moderately Biodegradable,non_food,achaari khichdi,non_food
8904043926643.0,Unpolished Chana Dal,"Plant-based foods and beverages, Plant-based foods, Legumes and their products, Legumes, Seeds, Legume seeds, Pulses",,[],,unknown,other,no,,30.0,Non Biodegradable,grain,unpolished chana dal,grain
8906045090513.0,Nature day,,,"['en:palm-oil-content-unknown', 'en:vegan-status-unknown', 'en:vegetarian-status-unknown']",,unknown,other,no,,40.0,Moderately Biodegradable,non_food,nature day,non_food
8906048501634.0,Protinex Classic Bitter,Beverages,,"['en:palm-oil-content-unknown', 'en:vegan-status-unknown', 'en:vegetarian-status-unknown']",,unknown,other,no,,40.0,Moderately Biodegradable,dairy,protinex classic bitter,dairy
8901063164291.0,Tiger biscuit,,,[],,unknown,snack,no,,30.0,Non Biodegradable,snack,tiger biscuit,confectionery
8901719125478.0,Parle-G gold 75g,"Snacks, Sweet snacks, Biscuits and cakes, Biscuits, Dry biscuits, Plain biscuit, Gluco biscuit",,"['en:palm-oil', 'en:non-vegan', 'en:vegetarian']",,,other,no,,40.0,Moderately Biodegradable,non_food,parle-g gold 75g,non_food
8901725000622.0,sunfeast Mom,"Snacks, Sweet snacks, Confectioneries, en:biscuits",,[],,,other,no,,30.0,Non Biodegradable,non_food,sunfeast mom,non_food
8901063164321.0,Tiger Kreemz Orange,"Snacks, Sweet snacks, Biscuits and cakes, Biscuits",,['en:vegetarian'],50.0,c,other,no,50.0,40.0,Moderately Biodegradable,non_food,tiger kreemz orange,non_food
8901063163331.0,Tiger glucose biscuit,"Snacks, Sweet snacks, Biscuits and cakes, Biscuits",,[],,,snack,no,,30.0,Non Biodegradable,snack,tiger glucose biscuit,confectionery
8901063012615.0,Milk bikies biscuit,"Snacks, Sweet snacks, Biscuits and cakes, Biscuits",,[],50.0,c,dairy,no,50.0,35.0,Non Biodegradable,snack,milk bikies biscuit,dairy
8901233020273.0,Cadbury 5 star,"Snacks, Sweet snacks, Confectioneries, Dary milk, Everest-chicken-masala",,"['en:palm-oil-content-unknown', 'en:vegan-status-unknown', 'en:vegetarian-status-unknown']",,unknown,other,no,,40.0,Moderately Biodegradable,non_food,cadbury 5 star,non_food
8906002660544.0,klf coconut oil,,,[],,unknown,other,no,,30.0,Non Biodegradable,non_food,klf coconut oil,non_food
8906014765992.0,Bajaj almond drop,,,[],,unknown,other,no,,30.0,Non Biodegradable,non_food,bajaj almond drop,non_food
8906120108119.0,Makhana Cream and Onion,"Snacks, en:lotus seed, en:makhana, en:roasted makhana","Farmley Roasted. Not Fried: .... MAKHANA Cream & Onion Crunchy Yummy Snacking ✓ Rich in Protein & Calcium ✓ Good Health, Great Taste","['en:palm-oil-content-unknown', 'en:vegan-status-unknown', 'en:vegetarian']",,unknown,cosmetic,no,,50.0,Moderately Biodegradable,cosmetic,makhana cream and onion,non_food
8904340700076.0,Pass pass,,,[],,unknown,other,no,,30.0,Non Biodegradable,non_food,pass pass,non_food
8901063092747.0,"Good day Rs, 5/-",en:biscuits,,[],,,other,no,,30.0,Non Biodegradable,non_food,"good day rs, 5/-",non_food
8901393024302.0,King legend,,,[],,unknown,other,no,,30.0,Non Biodegradable,non_food,king legend,non_food
8901207028311.0,Glucoplus c,,,[],,,other,no,,30.0,Non Biodegradable,non_food,glucoplus c,non_food
8906010366940.0,TOWABUS alooo bhujiya,,,['en:vegetarian'],,,other,no,,35.0,Non Biodegradable,non_food,towabus alooo bhujiya,non_food
8901725007508.0,Bingo! Potato Chips Chilli Sprinkled,"Plant-based foods and beverages,Plant-based foods,Snacks,Cereals and potatoes,Salty snacks,Appetizers,Chips and fries,Crisps,Potato crisps",,"['en:palm-oil', 'en:non-vegan', 'en:vegetarian']",,,snack,no,,40.0,Moderately Biodegradable,snack,bingo! potato chips chilli sprinkled,snack
8908015856068.0,Assorted Tea Collection,"Beverages and beverages preparations,Plant-based foods and beverages,Beverages,Hot beverages,Plant-based beverages,Teas",,[],,,beverage,no,,30.0,Non Biodegradable,beverage,assorted tea collection,beverage
8906036670014.0,Pasteurised Toned Milk,Toned milk,,"['en:palm-oil-content-unknown', 'en:non-vegan', 'en:vegetarian-status-unknown']",,unknown,dairy,no,,40.0,Moderately Biodegradable,dairy,pasteurised toned milk,dairy
8904004416619.0,Haldiram Matka Jhatka,Drink,,[],,,other,no,,30.0,Non Biodegradable,non_food,haldiram matka jhatka,non_food
8904109400902.0,Patanjali soyabin oil,,,[],,unknown,other,no,,30.0,Non Biodegradable,non_food,patanjali soyabin oil,grain
8906065166045.0,Frozen Green Peas,"Plant-based foods and beverages, Plant-based foods, Legumes and their products, Fruits and vegetables based foods, Legumes, Frozen foods, Vegetables based foods, Frozen plant-based foods, Frozen legumes, Frozen vegetables, Green peas, Frozen green peas",,[],74.0,b,other,no,74.0,37.4,Non Biodegradable,non_food,frozen green peas,non_food
8901725001070.0,Aashirvaad Double Roasted Suji Rava,"Plant-based foods and beverages, Plant-based foods, Cereals and potatoes, Seeds, Cereals and their products, Cereal grains, Cereal semolinas, Wheat semolinas, Wheats, Granulated wheat, Semolina",,['en:vegetarian'],,unknown,other,no,,35.0,Non Biodegradable,non_food,aashirvaad double roasted suji rava,non_food
8904083525646.0,Organic Ragi Flakes,"breakfast cereals,ragi",,['en:vegetarian'],25.0,e,other,no,25.0,37.5,Non Biodegradable,non_food,organic ragi flakes,non_food
8902579002022.0,appa fizz,,,[],,unknown,other,no,,30.0,Non Biodegradable,non_food,appa fizz,non_food
8905507001616.0,First Crop Instant Noodles,"Plant-based foods and beverages,Plant-based foods,Pastas,Noodles",,"['en:palm-oil-content-unknown', 'en:vegan-status-unknown', 'en:vegetarian']",,,other,no,,40.0,Moderately Biodegradable,non_food,first crop instant noodles,non_food
8904132918351.0,Get real Coconut Oil,"Plant-based foods and beverages, Plant-based foods, Fats, Vegetable fats, Vegetable oils, Fruit and fruit seed oils, Coconut oils",,"['en:palm-oil-free', 'en:vegan', 'en:vegetarian']",,unknown,other,no,,40.0,Moderately Biodegradable,non_food,get real coconut oil,non_food
8908011491546.0,Raisins,"Plant-based foods and beverages, Plant-based foods, Fruits and vegetables based foods, Fruits based foods, Dried products, Dried plant-based foods, Dried fruits, Raisins",,"['en:palm-oil-free', 'en:vegan', 'en:vegetarian']",62.0,b,other,no,62.0,46.2,Moderately Biodegradable,non_food,raisins,non_food
8939113045474.0,Dark Chocolate Wafflings,,,[],,unknown,beverage,no,,30.0,Non Biodegradable,beverage,dark chocolate wafflings,confectionery
8906005618580.0,rich butter fruit cake,,,[],,,dairy,no,,30.0,Non Biodegradable,dairy,rich butter fruit cake,dairy
8904056240187.0,Aloo bhujiya,,,[],,unknown,other,no,,30.0,Non Biodegradable,non_food,aloo bhujiya,non_food
8901088050159.0,Nihar,,,[],,unknown,other,no,,30.0,Non Biodegradable,non_food,nihar,non_food
8908000502987.0,Sunpure Sugar,"Sweeteners, Sugars",,[],76.0,a,other,no,76.0,37.6,Non Biodegradable,non_food,sunpure sugar,non_food
8902901222791.0,Moti Rai,,,[],,,other,no,,30.0,Non Biodegradable,non_food,moti rai,non_food
8906000210291.0,Chakki Fresh Atta,"Plant-based foods and beverages,Plant-based foods,Cereals and potatoes,Cereals and their products,Flours,Cereal flours,Wheat flours,Atta",,"['en:palm-oil-free', 'en:vegan', 'en:vegetarian']",77.0,a,other,no,77.0,47.7,Moderately Biodegradable,grain,chakki fresh atta,grain
8904103020014.0,Puligurey packet,,,[],,unknown,other,no,,30.0,Non Biodegradable,non_food,puligurey packet,non_food
8901042970493.0,MTR PULIOGARE POWDER,condiments,,['en:vegetarian'],,,other,no,,35.0,Non Biodegradable,spices,mtr puliogare powder,other
8906073790539.0,Frunchys,,,"['en:palm-oil-content-unknown', 'en:vegan-status-unknown', 'en:vegetarian-status-unknown']",,unknown,other,no,,40.0,Moderately Biodegradable,non_food,frunchys,non_food
8904132911000.0,Kaffe instant,,,[],,unknown,other,no,,30.0,Non Biodegradable,non_food,kaffe instant,non_food
8902901226638.0,Rice Rawa,,,[],,unknown,other,no,,30.0,Non Biodegradable,grain,rice rawa,grain
8904132917552.0,Kaffe Instant Blend 50g pp,"Plant-based foods and beverages,Plant-based foods,Coffees",,"['en:palm-oil-free', 'en:vegan', 'en:vegetarian']",,unknown,other,no,,40.0,Moderately Biodegradable,non_food,kaffe instant blend 50g pp,non_food
8901063401082.0,Britannia cheese cube,,,['en:vegetarian'],,,dairy,no,,35.0,Non Biodegradable,dairy,britannia cheese cube,dairy
8906010090005.0,D'lecta Cheese Cubes,cheese,,['en:vegetarian'],,,dairy,no,,35.0,Non Biodegradable,dairy,d'lecta cheese cubes,dairy
8904083307037.0,Processed Cheese Cubes,,,[],,,dairy,no,,30.0,Non Biodegradable,dairy,processed cheese cubes,dairy
8902041020448.0,pickwick strawberry wafer,,,['en:vegetarian'],,unknown,other,no,,35.0,Non Biodegradable,non_food,pickwick strawberry wafer,non_food
8906030680064.0,Green peas masala,,,[],,unknown,other,no,,30.0,Non Biodegradable,spices,green peas masala,spices
8906055440568.0,Organic Peanuts,"Plant-based foods and beverages, Plant-based foods, Legumes and their products, Legumes, Nuts and their products, Nuts, Peanuts",,"['en:palm-oil-free', 'en:vegan', 'en:vegetarian']",28.0,e,other,no,28.0,42.8,Moderately Biodegradable,non_food,organic peanuts,non_food
8901499008671.0,Kellogg's Corn Flakes - With Real Almond & Honey,Corn flakes,,['en:vegetarian'],,,other,no,,35.0,Non Biodegradable,cereal,kellogg's corn flakes - with real almond & honey,cereal
8901725135201.0,yippeei pasta cheese,Instant pasta,,[],,,dairy,no,,30.0,Non Biodegradable,dairy,yippeei pasta cheese,dairy
8906010090869.0,Dlecta 100 % cheese,,,['en:vegetarian'],,,dairy,no,,35.0,Non Biodegradable,dairy,dlecta 100 % cheese,dairy
8901719126109.0,parle 20 20 choco,Biscuits,,[],,,other,no,,30.0,Non Biodegradable,non_food,parle 20 20 choco,non_food
8908001006477.0,ask food cherry,,,[],,unknown,other,no,,30.0,Non Biodegradable,other_food,ask food cherry,other
8901030807220.0,horlicks classic malt 1kg,,,[],,unknown,other,no,,30.0,Non Biodegradable,dairy,horlicks classic malt 1kg,dairy
8908000385085.0,Dev thatta,,,[],,unknown,other,no,,30.0,Non Biodegradable,grain,dev thatta,grain
8993470490063.0,Ojin nice katti,,,[],,unknown,other,no,,30.0,Non Biodegradable,non_food,ojin nice katti,non_food
8906019350155.0,Amalas sprill murukku,,,[],,unknown,other,no,,30.0,Non Biodegradable,non_food,amalas sprill murukku,non_food
8908000385276.0,Dev masala kuzhal appam,,,[],,unknown,other,no,,30.0,Non Biodegradable,spices,dev masala kuzhal appam,spices
8906019350148.0,Amalas masala mutukku,,,[],,unknown,other,no,,30.0,Non Biodegradable,spices,amalas masala mutukku,spices
8908000385177.0,Dev salt diamond,,,[],,unknown,other,no,,30.0,Non Biodegradable,spices,dev salt diamond,other
8908000385030.0,Dev rice murukku,,,[],,unknown,other,no,,30.0,Non Biodegradable,grain,dev rice murukku,grain
8901262200004.0,Butter milk amul,,,"['en:palm-oil-content-unknown', 'en:vegan-status-unknown', 'en:vegetarian-status-unknown']",,unknown,dairy,no,,40.0,Moderately Biodegradable,dairy,butter milk amul,dairy
8901648920229.0,Full cream Milk,"Dairies,Milks,Whole milks",,"['en:palm-oil-free', 'en:non-vegan', 'en:vegetarian']",33.0,d,dairy,no,33.0,43.3,Moderately Biodegradable,dairy,full cream milk,dairy
8906064452972.0,natclum,,m,[],,unknown,other,no,,40.0,Moderately Biodegradable,non_food,natclum,non_food
8906105470071.0,Dates Syrup,"Sweeteners, Syrups, Simple syrups, Fruit syrups, Date syrups, Dry fruit",,"['en:palm-oil-content-unknown', 'en:vegan-status-unknown', 'en:vegetarian']",,unknown,other,no,,40.0,Moderately Biodegradable,beverage,dates syrup,beverage_syrup
8901207021718.0,Hot Sip Ayurvedic Kaadha15120g,"tea,Herbal tea beverages",,"['en:may-contain-palm-oil', 'en:vegan-status-unknown', 'en:vegetarian-status-unknown']",80.0,a,other,no,80.0,48.0,Moderately Biodegradable,non_food,hot sip ayurvedic kaadha15120g,non_food
8902901222869.0,Good life mustard yellow,,,[],,unknown,other,no,,30.0,Non Biodegradable,non_food,good life mustard yellow,non_food
8908001017046.0,Cornitos nacho crips,en:corn-chips,,[],,,other,no,,30.0,Non Biodegradable,non_food,cornitos nacho crips,non_food
8906084412291.0,Roasted Makhana Smoky BBQ,,,['en:vegetarian'],,,other,no,,35.0,Non Biodegradable,non_food,roasted makhana smoky bbq,non_food
8902901222654.0,coriander whole,Coriander seeds,,"['en:palm-oil-free', 'en:vegan', 'en:vegetarian']",,,other,no,,40.0,Moderately Biodegradable,non_food,coriander whole,non_food
8906005504395.0,Tana-bana,Snacks,,"['en:palm-oil', 'en:vegan-status-unknown', 'en:vegetarian']",,,other,no,,40.0,Moderately Biodegradable,non_food,tana-bana,non_food
8902080304349.0,7up 2.25,"Beverages and beverages preparations,Beverages,Carbonated drinks,Sodas,Colas",,[],,,other,no,,30.0,Non Biodegradable,non_food,7up 2.25,non_food
8901542001611.0,Glucon d orange 1kg,,,"['en:palm-oil-content-unknown', 'en:vegan-status-unknown', 'en:vegetarian-status-unknown']",,,other,no,,40.0,Moderately Biodegradable,non_food,glucon d orange 1kg,non_food
8901262090315.0,Dairy Whitener,,,"['en:palm-oil-free', 'en:non-vegan', 'en:vegetarian']",,unknown,other,no,,40.0,Moderately Biodegradable,non_food,dairy whitener,non_food
8906081128805.0,Rose Almonds Dryfruit Bar,,,[],,unknown,other,no,,30.0,Non Biodegradable,confectionery,rose almonds dryfruit bar,confectionery
8901035061955.0,Peppermint Infusion,,,[],,unknown,other,no,,30.0,Non Biodegradable,spices,peppermint infusion,spice
8901030851070.0,Kissan Jam,Jams,,"['en:palm-oil-free', 'en:vegan-status-unknown', 'en:vegetarian-status-unknown']",,,other,no,,40.0,Moderately Biodegradable,non_food,kissan jam,non_food
8908010900698.0,Brown Rice Cakes,Puffed wholegrain rice cakes,,[],,,other,no,,30.0,Non Biodegradable,grain,brown rice cakes,grain
8906059639890.0,Chocolate Milk Shake,"Boissons, Produits laitiers, Boissons lactées, Laits aromatisés, Laits aromatisés au chocolat",,"['en:may-contain-palm-oil', 'en:non-vegan', 'en:vegetarian-status-unknown']",29.0,e,dairy,no,29.0,42.9,Moderately Biodegradable,beverage,chocolate milk shake,dairy
8906059639913.0,Strawberry Milk Shake,"Boissons, Produits laitiers, Boissons lactées, Laits aromatisés, Milkshakes",,[],,,dairy,no,,30.0,Non Biodegradable,dairy,strawberry milk shake,dairy
8904272600291.0,Storia 100% Tender Coconut Water 1L,"Plant-based foods and beverages, Beverages, Plant-based beverages, Waters, Coconut waters",,"['en:palm-oil-content-unknown', 'en:vegan-status-unknown', 'en:vegetarian']",,,other,no,,40.0,Moderately Biodegradable,non_food,storia 100% tender coconut water 1l,non_food
8904011506723.0,Double Horse,,,['en:vegetarian'],,unknown,other,no,,35.0,Non Biodegradable,non_food,double horse,non_food
8903241110113.0,Pravin mixed pickle,,,[],,unknown,other,no,,30.0,Non Biodegradable,non_food,pravin mixed pickle,non_food
8901719122910.0,Parle real elaichi rusk,en:breads,,[],,unknown,other,no,,30.0,Non Biodegradable,non_food,parle real elaichi rusk,non_food
8906002007547.0,Salad Mayonnaise,,,[],,unknown,other,no,,30.0,Non Biodegradable,condiment,salad mayonnaise,other
8901491001786.0,Wafers Style Salt with Pepper,,,[],,,other,no,,30.0,Non Biodegradable,snack,wafers style salt with pepper,snack
8901063092686.0,Good Day Butter Cookies (25),"Snacks, Sweet snacks, Biscuits and cakes, Biscuits",,"['en:palm-oil', 'en:non-vegan', 'en:vegetarian']",,,dairy,no,,40.0,Moderately Biodegradable,snack,good day butter cookies (25),dairy
8902246006810.0,BEACKS ICE,,,[],,unknown,other,no,,30.0,Non Biodegradable,non_food,beacks ice,non_food
8901725006402.0,Beaten Caffee Powder,"Plant-based foods and beverages, Plant-based foods, Coffees",,"['en:palm-oil-free', 'en:vegan', 'en:vegetarian']",,,other,no,,40.0,Moderately Biodegradable,spices,beaten caffee powder,other
8901576010122.0,Potato Wafers Salted,"Plant-based foods and beverages, Plant-based foods, Snacks, Cereals and potatoes, Salty snacks, Appetizers, Chips and fries, Crisps, Potato crisps",,"['en:may-contain-palm-oil', 'en:maybe-vegan', 'en:maybe-vegetarian']",68.0,b,other,no,68.0,46.8,Moderately Biodegradable,snack,potato wafers salted,snack
8906026900046.0,Pure & Hygienic Sugar,"Sweeteners, Sugars",,[],76.0,a,other,no,76.0,37.6,Non Biodegradable,non_food,pure & hygienic sugar,non_food
8901781001045.0,SUNRISE PURE PASTA MASALA,,,[],,unknown,other,no,,30.0,Non Biodegradable,spices,sunrise pure pasta masala,spices
8908002753639.0,Red Cow PASTA PENNE,"Plant-based foods and beverages, Plant-based foods, Pastas, Penne",,[],,unknown,other,no,,30.0,Non Biodegradable,non_food,red cow pasta penne,non_food
89006511.0,classic chocolate,,,[],,unknown,beverage,no,,30.0,Non Biodegradable,beverage,classic chocolate,dairy
8906033740574.0,Oat cookies,,,[],,unknown,snack,no,,30.0,Non Biodegradable,snack,oat cookies,confectionery
8906015657104.0,Bikharam Bhujia,,,[],,unknown,other,no,,30.0,Non Biodegradable,non_food,bikharam bhujia,non_food
8901576001199.0,Potato Mixture,Potato crisps with dry fruits,,"['en:palm-oil', 'en:vegan', 'en:vegetarian']",,unknown,other,no,,40.0,Moderately Biodegradable,non_food,potato mixture,non_food
8908000861046.0,Champakali Gathiya,,,[],,unknown,other,no,,30.0,Non Biodegradable,non_food,champakali gathiya,non_food
8991102715164.0,tango drink straw,,,[],,unknown,beverage,no,,30.0,Non Biodegradable,beverage,tango drink straw,beverage
8992753700103.0,frisian flag uht coconut DELIGHT ktk 225ml,,,"['en:palm-oil-content-unknown', 'en:vegan-status-unknown', 'en:vegetarian-status-unknown']",,,other,no,,40.0,Moderately Biodegradable,non_food,frisian flag uht coconut delight ktk 225ml,non_food
8901542001703.0,Glucon D 500g cbd,Energy drink without sugar and with artificial sweeteners,,[],,,other,no,,30.0,Non Biodegradable,non_food,glucon d 500g cbd,non_food
8901491400008.0,Uncle Chips,en:potato-crisps,,[],68.0,b,snack,no,68.0,36.8,Non Biodegradable,snack,uncle chips,snack
8901719120251.0,Chatkeens Khatta Meetha mixture,Snacks,,"['en:may-contain-palm-oil', 'en:vegan-status-unknown', 'en:vegetarian']",,,other,no,,40.0,Moderately Biodegradable,grain,chatkeens khatta meetha mixture,grain
8901207043802.0,Vedic Tea,"Plant-based foods and beverages, Beverages, Hot beverages, Plant-based beverages, Dried products, Teas, Dried products to be rehydrated, Dehydrated beverages, Tea-based beverages",,"['en:palm-oil-content-unknown', 'en:vegan-status-unknown', 'en:vegetarian']",80.0,a,beverage,no,80.0,48.0,Moderately Biodegradable,beverage,vedic tea,beverage
8906076132381.0,Dark Chocolate Cookies,"Snacks, Sweet snacks, Biscuits and cakes, Biscuits",,"['en:palm-oil-free', 'en:non-vegan', 'en:vegetarian']",50.0,c,snack,no,50.0,45.0,Moderately Biodegradable,beverage,dark chocolate cookies,confectionery
8906097590054.0,Fast&Up Vitalize,"Dietary supplements, Vitamins",,['en:vegetarian'],,unknown,other,no,,35.0,Non Biodegradable,non_food,fast&up vitalize,non_food
8901042954790.0,Puliogare,,,[],,unknown,other,no,,30.0,Non Biodegradable,non_food,puliogare,non_food
8906027121006.0,Soya sauce,,,[],,unknown,other,no,,30.0,Non Biodegradable,condiment,soya sauce,grain
8904132918238.0,Vinegar,,,['en:vegetarian'],,unknown,other,no,,35.0,Non Biodegradable,non_food,vinegar,non_food
8901042970417.0,Special Garam masala,"Plant-based foods and beverages,Plant-based foods,Condiments,Spices,Spice Mix",,['en:vegetarian'],,,other,no,,35.0,Non Biodegradable,spices,special garam masala,spices
8901030919305.0,pizza & pasta sauce,"Sauces,Pasta sauces,Pizza sauces",,"['en:palm-oil-free', 'en:vegan-status-unknown', 'en:vegetarian-status-unknown']",,,other,no,,40.0,Moderately Biodegradable,condiment,pizza & pasta sauce,sauce_condiment
8906019770236.0,Nutraj Round Raisins 500g,"Plant-based foods and beverages, Plant-based foods, Fruits and vegetables based foods, Fruits based foods, Dried products, Dried plant-based foods, Dried fruits, Raisins",,"['en:palm-oil-content-unknown', 'en:vegan-status-unknown', 'en:vegetarian']",62.0,b,other,no,62.0,46.2,Moderately Biodegradable,non_food,nutraj round raisins 500g,non_food
8908016793089.0,Master chow,noodles,,"['en:palm-oil-free', 'en:vegan', 'en:vegetarian']",,,other,no,,40.0,Moderately Biodegradable,non_food,master chow,non_food
8906015614749.0,Butterscotch cone,,,[],,unknown,dairy,no,,30.0,Non Biodegradable,dairy,butterscotch cone,dairy
8906125980239.0,Butter Popcorn,"Snacks, Popcorn",,"['en:may-contain-palm-oil', 'en:non-vegan', 'en:vegetarian']",73.0,b,dairy,no,73.0,47.3,Moderately Biodegradable,dairy,butter popcorn,dairy
8904288909203.0,Gg rajma beanse 500g,,,"['en:palm-oil-content-unknown', 'en:vegan-status-unknown', 'en:vegetarian-status-unknown']",,unknown,other,no,,40.0,Moderately Biodegradable,non_food,gg rajma beanse 500g,non_food
8904043553054.0,Milk Plus Bread,"Plant-based foods and beverages, Plant-based foods, Cereals and potatoes, Breads",Plastic,"['en:palm-oil-content-unknown', 'en:non-vegan', 'en:vegetarian']",,,dairy,no,,30.0,Non Biodegradable,dairy,milk plus bread,dairy
8905507010007.0,Aloo bhujia 1kg,,,[],,,other,no,,30.0,Non Biodegradable,non_food,aloo bhujia 1kg,non_food
8908002761078.0,B tex,"Non food products, Open Products Facts",,"['en:palm-oil-content-unknown', 'en:vegan-status-unknown', 'en:vegetarian-status-unknown']",,,other,no,,40.0,Moderately Biodegradable,non_food,b tex,non_food
8901071731126.0,Hershey strawberry syrup,,,[],,,other,no,,30.0,Non Biodegradable,beverage,hershey strawberry syrup,beverage_syrup
8908017333031.0,Grow vita,,,"['en:palm-oil-content-unknown', 'en:vegan-status-unknown', 'en:vegetarian-status-unknown']",,unknown,other,no,,40.0,Moderately Biodegradable,non_food,grow vita,non_food
8903241110434.0,Kolhapuri Thecha,"Chilli-garlic paste,Hot chilly sauce",,"['en:palm-oil-free', 'en:vegan-status-unknown', 'en:vegetarian']",,,other,no,,40.0,Moderately Biodegradable,non_food,kolhapuri thecha,non_food
8907848000129.0,Suprabhatam UHT Processed Toned Milk,"Dairies,Milks,Pasteurised milks",,"['en:palm-oil-free', 'en:non-vegan', 'en:vegetarian']",37.0,d,dairy,no,37.0,43.7,Moderately Biodegradable,dairy,suprabhatam uht processed toned milk,dairy
8939108804796.0,Idly And Dosa Batter,Batter,,"['en:palm-oil-content-unknown', 'en:vegan-status-unknown', 'en:vegetarian-status-unknown']",,unknown,other,no,,40.0,Moderately Biodegradable,non_food,idly and dosa batter,non_food
8906095290147.0,Instant Rava Idly Mix,Idly Batter,,"['en:palm-oil', 'en:vegan-status-unknown', 'en:vegetarian-status-unknown']",,unknown,other,no,,40.0,Moderately Biodegradable,non_food,instant rava idly mix,non_food
8904063251480.0,Gup Shup Peanuts,"Plant-based foods and beverages, Plant-based foods, Legumes and their products, Legumes, Nuts and their products, Nuts, Peanuts",Packet,"['en:palm-oil', 'en:vegan-status-unknown', 'en:vegetarian-status-unknown']",18.0,e,other,no,18.0,51.8,Moderately Biodegradable,non_food,gup shup peanuts,non_food
8906098831224.0,bajra chips,,,[],,unknown,snack,no,,30.0,Non Biodegradable,snack,bajra chips,snack
8901030897542.0,kissan fresh tomato,"Condiments,Sauces,Tomato sauces,Ketchup,Tomato Ketchup",,"['en:palm-oil-free', 'en:vegan-status-unknown', 'en:vegetarian']",,,other,no,,40.0,Moderately Biodegradable,non_food,kissan fresh tomato,non_food
8901058002324.0,Polo,,,[],,unknown,other,no,,30.0,Non Biodegradable,non_food,polo,non_food
8901499011466.0,Corn Flakes Real Almond Honey,"Plant-based foods and beverages, Plant-based foods, Breakfasts, Cereals and potatoes, Cereals and their products, Breakfast cereals, Flakes, Cereal flakes, Extruded cereals, Extruded flakes, Corn flakes",,[],,,other,no,,30.0,Non Biodegradable,cereal,corn flakes real almond honey,cereal
8904221697679.0,Whey Protein DRC,,,[],,unknown,other,no,,30.0,Non Biodegradable,non_food,whey protein drc,non_food
8901304271153.0,HARIMA Soya Sauce,Soy sauces,,['en:vegetarian'],,,other,no,,35.0,Non Biodegradable,condiment,harima soya sauce,grain
8906008812824.0,Fortune poha thick 500 g,,,[],,,other,no,,30.0,Non Biodegradable,non_food,fortune poha thick 500 g,non_food
8901725194536.0,Cream & Onion Potato Chips,"plant-based-foods-and-beverages, plant-based-foods, snacks, cereals-and-potatoes, salty-snacks, appetizers, chips-and-fries, crisps, potato-crisps, fr:chips",,"['en:palm-oil', 'en:non-vegan', 'en:maybe-vegetarian']",,,snack,no,,40.0,Moderately Biodegradable,snack,cream & onion potato chips,snack
8908014814021.0,premium brown bread,"Plant-based foods and beverages, Plant-based foods, Cereals and potatoes, Breads, Wholemeal breads",,"['en:palm-oil', 'en:vegan-status-unknown', 'en:vegetarian']",,unknown,other,no,,40.0,Moderately Biodegradable,non_food,premium brown bread,non_food
8939108804864.0,Whole Wheat Chapati,"Plant-based foods and beverages, Plant-based foods, Cereals and potatoes, Breads, Chapati, Whole wheat bread",,"['en:palm-oil', 'en:vegan-status-unknown', 'en:vegetarian']",,unknown,other,no,,40.0,Moderately Biodegradable,grain,whole wheat chapati,grain
8992802108126.0,Chil-go pwd 3+ vanila box 700G,,,"['en:palm-oil-content-unknown', 'en:vegan-status-unknown', 'en:vegetarian-status-unknown']",,unknown,other,no,,40.0,Moderately Biodegradable,non_food,chil-go pwd 3+ vanila box 700g,non_food
8906100181224.0,shinzAp,,,[],,unknown,other,no,,30.0,Non Biodegradable,non_food,shinzap,non_food
8904083505433.0,24 mantra Bengal gram,,,"['en:palm-oil-content-unknown', 'en:vegan-status-unknown', 'en:vegetarian-status-unknown']",,unknown,other,no,,40.0,Moderately Biodegradable,non_food,24 mantra bengal gram,non_food
8904083505266.0,24 Mantra Channa dal,,,"['en:palm-oil-content-unknown', 'en:vegan-status-unknown', 'en:vegetarian-status-unknown']",,unknown,other,no,,40.0,Moderately Biodegradable,grain,24 mantra channa dal,grain
8993175556651.0,Richess mie goreng richiken,,,"['en:palm-oil-content-unknown', 'en:vegan-status-unknown', 'en:vegetarian-status-unknown']",,unknown,other,no,,40.0,Moderately Biodegradable,non_food,richess mie goreng richiken,non_food
8901207503559.0,Odomos,,,[],,,other,no,,30.0,Non Biodegradable,non_food,odomos,non_food
8908011491621.0,Almonds Roasted and Salted,"Plant-based foods and beverages, Plant-based foods, Nuts and their products, Nuts, Almonds, Salted almonds, Grilled almonds",,"['en:palm-oil-free', 'en:vegan', 'en:vegetarian']",24.0,e,other,no,24.0,42.4,Moderately Biodegradable,spices,almonds roasted and salted,other
8908000420175.0,Real Tasty Tomato Ketchup,,,[],,unknown,other,no,,30.0,Non Biodegradable,condiment,real tasty tomato ketchup,sauce_condiment
8906047001616.0,Organic Castor oil,"Plant-based foods and beverages,Plant-based foods,Fats,Vegetable fats,Vegetable oils,Castor oil,fr:Huiles de ricin",,"['en:palm-oil-free', 'en:vegan', 'en:vegetarian']",,unknown,other,no,,40.0,Moderately Biodegradable,non_food,organic castor oil,non_food
8905604000338.0,Healthy wheat grass mango,"Plant-based foods and beverages, Beverages, Plant-based beverages, Fruit-based beverages, Juices and nectars, Fruit nectars",,['en:vegetarian'],,,other,no,,35.0,Non Biodegradable,grain,healthy wheat grass mango,grain
8902901222661.0,Good life coriander whole,,,[],,,other,no,,30.0,Non Biodegradable,non_food,good life coriander whole,non_food
8904082800638.0,Flying bird vanila essence,,,[],,unknown,other,no,,30.0,Non Biodegradable,non_food,flying bird vanila essence,non_food
8906067021427.0,Mulivitamin,,,[],,unknown,other,no,,30.0,Non Biodegradable,non_food,mulivitamin,non_food
8901296042175.0,Sunflower oil,,,[],,unknown,other,no,,30.0,Non Biodegradable,non_food,sunflower oil,non_food
8901042971179.0,Karivepaku Podi,Condiments,,"['en:palm-oil', 'en:vegan-status-unknown', 'en:vegetarian']",,,other,no,,40.0,Moderately Biodegradable,non_food,karivepaku podi,non_food
8901848003098.0,Rasna chawanprash,,,[],,unknown,other,no,,30.0,Non Biodegradable,non_food,rasna chawanprash,non_food
8904145912483.0,Pediasure Chocolate,,,['en:vegetarian'],,,beverage,no,,35.0,Non Biodegradable,beverage,pediasure chocolate,confectionery
8901542000560.0,Gulcon-D,,,[],,unknown,other,no,,30.0,Non Biodegradable,non_food,gulcon-d,non_food
8904132917651.0,Tea bags 100% Assam Tea,"Beverages and beverages preparations,Plant-based foods and beverages,Beverages,Hot beverages,Plant-based beverages,Teas,Tea bags",,['en:vegetarian'],80.0,a,beverage,no,80.0,43.0,Moderately Biodegradable,beverage,tea bags 100% assam tea,beverage
8901262152303.0,Camel Milk,Milks,,"['en:palm-oil-content-unknown', 'en:vegan-status-unknown', 'en:vegetarian']",42.0,d,dairy,no,42.0,44.2,Moderately Biodegradable,dairy,camel milk,dairy
8901207032097.0,Real mango 180 ml tpk,,,"['en:palm-oil-free', 'en:vegan', 'en:vegetarian']",,,other,no,,40.0,Moderately Biodegradable,non_food,real mango 180 ml tpk,non_food
8904272600543.0,Storia pomegranate 180ml pet,"Beverages and beverages preparations,Plant-based foods and beverages,Beverages,Plant-based beverages,Fruit-based beverages,Juices and nectars,Fruit juices,fruit-based",,"['en:palm-oil-free', 'en:vegan', 'en:vegetarian']",21.0,e,other,no,21.0,42.1,Moderately Biodegradable,non_food,storia pomegranate 180ml pet,non_food
8904272600796.0,Storia Mixed frut,,,"['en:palm-oil-free', 'en:vegan', 'en:vegetarian']",,unknown,other,no,,40.0,Moderately Biodegradable,non_food,storia mixed frut,non_food
8904272600918.0,Storia mango,,,"['en:palm-oil-free', 'en:vegan', 'en:vegetarian']",,unknown,other,no,,40.0,Moderately Biodegradable,non_food,storia mango,non_food
8904272600147.0,Storia strawberry shake,,,"['en:palm-oil-free', 'en:vegan', 'en:vegetarian']",,unknown,other,no,,40.0,Moderately Biodegradable,non_food,storia strawberry shake,non_food
8904272600079.0,Storia chocolate shake,,,"['en:palm-oil-content-unknown', 'en:vegan-status-unknown', 'en:vegetarian-status-unknown']",,unknown,beverage,no,,40.0,Moderately Biodegradable,beverage,storia chocolate shake,confectionery
8906044992313.0,Alo frut guava,,,"['en:palm-oil-content-unknown', 'en:vegan-status-unknown', 'en:vegetarian-status-unknown']",,,other,no,,40.0,Moderately Biodegradable,non_food,alo frut guava,non_food
8906044992610.0,Alo frut Berries 1ltr,,,"['en:palm-oil-content-unknown', 'en:vegan-status-unknown', 'en:vegetarian-status-unknown']",,,other,no,,40.0,Moderately Biodegradable,non_food,alo frut berries 1ltr,non_food
8908000589292.0,Fizz Jeera Masala,Carbonated waters,,"['en:palm-oil-content-unknown', 'en:vegan-status-unknown', 'en:vegetarian-status-unknown']",,,other,no,,40.0,Moderately Biodegradable,spices,fizz jeera masala,spices
8904039701193.0,Conscious food urad dal,Urad Dal,,"['en:palm-oil-free', 'en:vegan', 'en:vegetarian']",,unknown,other,no,,40.0,Moderately Biodegradable,grain,conscious food urad dal,grain
8901688915124.0,Sumeru sweet corn 500g+500g,,,[],,unknown,other,no,,30.0,Non Biodegradable,confectionery,sumeru sweet corn 500g+500g,confectionery
8901688415013.0,Sumeru green peas 500g+500g,,,[],,unknown,other,no,,30.0,Non Biodegradable,non_food,sumeru green peas 500g+500g,non_food
8901648027638.0,Dailycious,"dairy whitener,milk",,[],37.0,d,other,no,37.0,33.7,Non Biodegradable,non_food,dailycious,non_food
8901648025610.0,Mother dairy lassi,,,['en:vegetarian'],,,other,no,,35.0,Non Biodegradable,dairy,mother dairy lassi,dairy
8906017810125.0,Madhusudan Homogenized Toned Milk,"Milks,UHT Milks",,"['en:palm-oil-free', 'en:non-vegan', 'en:vegetarian']",37.0,d,dairy,no,37.0,43.7,Moderately Biodegradable,dairy,madhusudan homogenized toned milk,dairy
8904089915137.0,Daily Health Toned Milk,"Dairies, Milks, Pasteurised milks, Toned milk",,"['en:palm-oil-content-unknown', 'en:non-vegan', 'en:vegetarian']",42.0,d,dairy,no,42.0,44.2,Moderately Biodegradable,dairy,daily health toned milk,dairy
8906001020431.0,Go cheese block 200,,,[],,,dairy,no,,30.0,Non Biodegradable,dairy,go cheese block 200,dairy
8902901061420.0,Good life Fig 250g,,,[],,,other,no,,30.0,Non Biodegradable,non_food,good life fig 250g,non_food
8906024480380.0,Toned Milk,"Dairies, Milks, Pasteurised milks",,"['en:palm-oil-free', 'en:non-vegan', 'en:vegetarian-status-unknown']",37.0,d,dairy,no,37.0,43.7,Moderately Biodegradable,dairy,toned milk,dairy
8904256727822.0,sprouted ragi powder porridge,"Plant-based foods and beverages, Plant-based foods, Breakfasts, Cereals and potatoes, Cereals and their products, Breakfast cereals, Porridge",,"['en:palm-oil-content-unknown', 'en:vegan-status-unknown', 'en:vegetarian']",25.0,e,other,no,25.0,42.5,Moderately Biodegradable,spices,sprouted ragi powder porridge,grain
8906004620751.0,Refined Ricebran Oil,"Plant-based foods and beverages,Plant-based foods,Cereals and potatoes,Fats,Cereals and their products,Vegetable fats,Vegetable oils,Cereal oils,Rice bran oils",,"['en:palm-oil-free', 'en:vegan-status-unknown', 'en:vegetarian']",,unknown,other,no,,40.0,Moderately Biodegradable,grain,refined ricebran oil,grain
8908019140019.0,Chocolate Oat Drink,"Plant-based foods and beverages,Beverages,Plant-based foods,Cereals and potatoes,Dairy substitutes,Cereals and their products,Milk substitutes,Plant-based beverages,Plant-based milk alternatives,Cereal-based drinks,Oat-based drinks,Chocolate flavoured oat drink",,"['en:palm-oil-free', 'en:vegan', 'en:vegetarian']",,,beverage,no,,40.0,Moderately Biodegradable,beverage,chocolate oat drink,confectionery
8901262152136.0,Milk Shake Double Chocolate,"Beverages, Dairies, Dairy drinks, Flavoured milks, Chocolate milks","Can,Drink can","['en:palm-oil-content-unknown', 'en:non-vegan', 'en:vegetarian-status-unknown']",34.0,d,dairy,no,34.0,53.4,Moderately Biodegradable,beverage,milk shake double chocolate,dairy
8908005758792.0,Chai karak,,,[],,unknown,other,no,,30.0,Non Biodegradable,non_food,chai karak,non_food
8904004404449.0,haldirams Boondi 200g,Bengal gram flour balls,,[],,,other,no,,30.0,Non Biodegradable,non_food,haldirams boondi 200g,non_food
8901207021206.0,Real jamun plus,,,"['en:palm-oil-content-unknown', 'en:vegan-status-unknown', 'en:vegetarian-status-unknown']",,,other,no,,40.0,Moderately Biodegradable,non_food,real jamun plus,non_food
8901725116743.0,B natural cranberry,,,"['en:palm-oil-content-unknown', 'en:vegan-status-unknown', 'en:vegetarian-status-unknown']",,unknown,other,no,,40.0,Moderately Biodegradable,non_food,b natural cranberry,non_food
8904132924406.0,Snactaccrean & onion,,,[],,unknown,other,no,,30.0,Non Biodegradable,non_food,snactaccrean & onion,non_food
8904063219572.0,Punjabi Pakoda,Fried savouries,,['en:vegetarian'],,unknown,other,no,,35.0,Non Biodegradable,non_food,punjabi pakoda,non_food
8901262130363.0,Amul Pro Plus,"Cocoa and its products,Cocoa and chocolate powders,Malted cocoa,Beverage preparations",,"['en:palm-oil-content-unknown', 'en:vegan-status-unknown', 'en:vegetarian']",7.0,f,other,no,7.0,40.7,Moderately Biodegradable,non_food,amul pro plus,non_food
8908002622096.0,Sun premium sun flower oil 5ltrs,,,[],,unknown,other,no,,30.0,Non Biodegradable,non_food,sun premium sun flower oil 5ltrs,non_food
8902979050906.0,Cavins kaju Butterscotch Milkshake 180ml,"Butterscotch-milkshake,Milkshakes",,"['en:palm-oil-content-unknown', 'en:vegan-status-unknown', 'en:vegetarian']",,,dairy,no,,40.0,Moderately Biodegradable,dairy,cavins kaju butterscotch milkshake 180ml,dairy
8901786270507.0,Dry Mango Powder,"Plant-based foods and beverages, Plant-based foods, Fruits and vegetables based foods, Fruits based foods, Dried products, Dried plant-based foods, Dried fruits, Dried mangoes, Mango Powder",,"['en:palm-oil-free', 'en:vegan', 'en:vegetarian']",,unknown,other,no,,40.0,Moderately Biodegradable,spices,dry mango powder,other
8906152260380.0,Choconilla,,,"['en:palm-oil-content-unknown', 'en:vegan-status-unknown', 'en:vegetarian-status-unknown']",,unknown,other,no,,40.0,Moderately Biodegradable,non_food,choconilla,non_food
8901725111489.0,Bingo peri peri 50,,,[],,unknown,other,no,,30.0,Non Biodegradable,non_food,bingo peri peri 50,non_food
8906033740833.0,Mcvities Digestive,,,[],,unknown,other,no,,30.0,Non Biodegradable,non_food,mcvities digestive,non_food
8902346050089.0,Ener,,,[],,unknown,other,no,,30.0,Non Biodegradable,non_food,ener,non_food
8908009419149.0,Bauli moonfils strawberry 45gm,,,[],,,other,no,,30.0,Non Biodegradable,non_food,bauli moonfils strawberry 45gm,non_food
8908019552096.0,Waffle Crisps,,,[],,unknown,other,no,,30.0,Non Biodegradable,non_food,waffle crisps,snack
8904004407860.0,Chatpata matar,snacks,,"['en:palm-oil', 'en:vegan-status-unknown', 'en:vegetarian']",,,other,no,,40.0,Moderately Biodegradable,non_food,chatpata matar,non_food
8904268866908.0,I gain,,,['en:vegetarian'],,unknown,other,no,,35.0,Non Biodegradable,non_food,i gain,non_food
8904293723153.0,Instant Coffee Chicory Mixture,"Plant-based foods and beverages, Beverages, Plant-based foods, Coffees, Instant beverages, Instant coffees, Instant coffee without sugar",,"['en:palm-oil-free', 'en:vegan', 'en:vegetarian']",12.0,f,beverage,no,12.0,41.2,Moderately Biodegradable,beverage,instant coffee chicory mixture,beverage
8906036404947.0,Abhizyme,"Non food products, Open Products Facts",,[],,unknown,other,no,,30.0,Non Biodegradable,non_food,abhizyme,non_food
8908003833002.0,Mamra / Murmura / Roasted Rice,"Plant-based foods and beverages, Plant-based foods, Breakfasts, Cereals and potatoes, Cereals and their products, Breakfast cereals, Puffed grains, Puffed cereals, Puffed rice",,"['en:palm-oil-free', 'en:vegan', 'en:vegetarian']",,,other,no,,40.0,Moderately Biodegradable,grain,mamra / murmura / roasted rice,grain
8906002006427.0,"Dr. Oetker, funfoods, chocolate spread",,,[],,,beverage,no,,30.0,Non Biodegradable,beverage,"dr. oetker, funfoods, chocolate spread",confectionery
8998898151404.0,tolak angin anak,,,[],,,other,no,,30.0,Non Biodegradable,non_food,tolak angin anak,non_food
8906055500088.0,fruits,,,[],,unknown,other,no,,30.0,Non Biodegradable,non_food,fruits,non_food
8901030935176.0,fruit,,,[],,unknown,other,no,,30.0,Non Biodegradable,non_food,fruit,non_food
8901576003063.0,Butter Murukku,"Snacks, Salty snacks",,"['en:may-contain-palm-oil', 'en:vegan-status-unknown', 'en:vegetarian']",,unknown,dairy,no,,40.0,Moderately Biodegradable,dairy,butter murukku,dairy
8906135451736.0,organic apple cider vinegar,"Condiments, Vinegars, Cider vinegars",,"['en:palm-oil-content-unknown', 'en:vegan-status-unknown', 'en:vegetarian']",76.0,a,other,no,76.0,47.6,Moderately Biodegradable,non_food,organic apple cider vinegar,non_food
8906016977119.0,Mayil Double Roasted Rava 500g,,,[],,unknown,other,no,,30.0,Non Biodegradable,non_food,mayil double roasted rava 500g,non_food
8901063033160.0,Britannia treat rs 10,,,[],,unknown,other,no,,30.0,Non Biodegradable,other_food,britannia treat rs 10,other
8901719120800.0,Parle-G 250,"Snacks, Sweet snacks, Biscuits and cakes, Biscuits, Vegetarian",,"['en:palm-oil', 'en:non-vegan', 'en:vegetarian-status-unknown']",,,other,no,,40.0,Moderately Biodegradable,non_food,parle-g 250,non_food
8901030825545.0,Horlicks Protein Plus Vanilla Flavour,Vanilla Protein shake,,"['en:may-contain-palm-oil', 'en:non-vegan', 'en:vegetarian-status-unknown']",,unknown,other,no,,40.0,Moderately Biodegradable,non_food,horlicks protein plus vanilla flavour,non_food
8901030877148.0,Red label 1 kg,en:teas,,[],,,other,no,,30.0,Non Biodegradable,non_food,red label 1 kg,non_food
8905507001845.0,First Crop urad masala Papad,"Plant-based foods and beverages,Plant-based foods,Cereals and potatoes,Breads,Flatbreads,Special breads,Papadum",,['en:vegetarian'],,,other,no,,35.0,Non Biodegradable,spices,first crop urad masala papad,spices
8901719123979.0,Krackjack 400 (2),,,[],,unknown,other,no,,30.0,Non Biodegradable,non_food,krackjack 400 (2),non_food
8905507000817.0,Fb strawberry jam 500,,,[],,unknown,other,no,,30.0,Non Biodegradable,non_food,fb strawberry jam 500,non_food
8901063016859.0,50 50 Sweet & Salty,"Snacks,Sweet snacks,Biscuits and cakes,Biscuits",,['en:vegetarian'],50.0,c,other,no,50.0,40.0,Moderately Biodegradable,confectionery,50 50 sweet & salty,confectionery
8905507002125.0,Arhar dal 2kg(10),,,[],,unknown,other,no,,30.0,Non Biodegradable,grain,arhar dal 2kg(10),grain
8905507002248.0,Chana dal 1kg,,,[],,unknown,other,no,,30.0,Non Biodegradable,grain,chana dal 1kg,grain
8902080013302.0,Tropicana apple 1ltr (5),,,[],,,other,no,,30.0,Non Biodegradable,non_food,tropicana apple 1ltr (5),non_food
8901088716581.0,Safola gold 5ltr,,,[],,unknown,other,no,,30.0,Non Biodegradable,non_food,safola gold 5ltr,non_food
8905507023885.0,FC masala twisteez,,,[],,,other,no,,30.0,Non Biodegradable,spices,fc masala twisteez,spices
8905507002675.0,Pb health drink classic 500,,,[],,unknown,beverage,no,,30.0,Non Biodegradable,beverage,pb health drink classic 500,dairy
8901719115608.0,Hide & seek 120g sandwiches orenge,,,[],,unknown,other,no,,30.0,Non Biodegradable,non_food,hide & seek 120g sandwiches orenge,non_food
8901719115639.0,Hide & seen 120g creme sandwiches chocochip 120g,,,[],,unknown,other,no,,30.0,Non Biodegradable,non_food,hide & seen 120g creme sandwiches chocochip 120g,snack
8901063092464.0,Good day cashew 200g (8),,,[],,,other,no,,30.0,Non Biodegradable,non_food,good day cashew 200g (8),non_food
8905507002873.0,Sambhar masala,,,[],,unknown,other,no,,30.0,Non Biodegradable,spices,sambhar masala,spices
8905507020648.0,Coriander powder 500g,,,[],,unknown,other,no,,30.0,Non Biodegradable,spices,coriander powder 500g,other
8905507000992.0,Coriander powder 200g(40),"Plant-based foods and beverages, Plant-based foods, Condiments, Spices",,[],,unknown,other,no,,30.0,Non Biodegradable,spices,coriander powder 200g(40),other
8905507020655.0,Imli tree red chilli powder 500g,,,[],,unknown,other,no,,30.0,Non Biodegradable,spices,imli tree red chilli powder 500g,other
8901786432011.0,Everest coriander 200g(2),,,[],,unknown,other,no,,30.0,Non Biodegradable,non_food,everest coriander 200g(2),non_food
8901786391011.0,EVEREST Tikhalal,,,[],,unknown,other,no,,30.0,Non Biodegradable,non_food,everest tikhalal,non_food
8905507013220.0,Imli tree ginger garlic paste 100g,,,[],,unknown,other,no,,30.0,Non Biodegradable,non_food,imli tree ginger garlic paste 100g,non_food
8905507013268.0,Imli tree garlic paste 100g,,,[],,unknown,other,no,,30.0,Non Biodegradable,non_food,imli tree garlic paste 100g,non_food
8905507013244.0,Imli tree ginger paste 100g,,,[],,unknown,other,no,,30.0,Non Biodegradable,non_food,imli tree ginger paste 100g,non_food
8905507013251.0,Imli tree garlic paste 200g,,,[],,unknown,other,no,,30.0,Non Biodegradable,non_food,imli tree garlic paste 200g,non_food
8905507013237.0,Imli tree ginger paste 200g,,,[],,unknown,other,no,,30.0,Non Biodegradable,non_food,imli tree ginger paste 200g,non_food
8905507001210.0,Poha,"Plant-based foods and beverages,Plant-based foods,Cereals and potatoes,Cereals and their products,Cereal grains,Rices,Breakfast cereals,Rice flakes",,[],12.0,f,other,no,12.0,31.2,Non Biodegradable,non_food,poha,non_food
8905507002347.0,Besan 500g(20),,,[],,unknown,other,no,,30.0,Non Biodegradable,non_food,besan 500g(20),non_food
8905507002361.0,Sooji 500g(8),,,[],,unknown,other,no,,30.0,Non Biodegradable,non_food,sooji 500g(8),non_food
8901063162525.0,Marie gold 5*117g (4),en:biscuits,,"['en:palm-oil', 'en:non-vegan', 'en:vegetarian-status-unknown']",,,other,no,,40.0,Moderately Biodegradable,non_food,marie gold 5*117g (4),non_food
8905507017846.0,Premium cashew 500,,,[],,,other,no,,30.0,Non Biodegradable,non_food,premium cashew 500,non_food
8905507017822.0,Pre Almond,,,[],,unknown,other,no,,30.0,Non Biodegradable,non_food,pre almond,non_food
8905507016023.0,Imli tree Hot & sour soup,,,[],,unknown,other,no,,30.0,Non Biodegradable,non_food,imli tree hot & sour soup,non_food
8905507002682.0,Pure Brust,,,[],,unknown,other,no,,30.0,Non Biodegradable,non_food,pure brust,non_food
8905507000312.0,Pure burst eclairs (40),"Snacks, Sweet snacks, Biscuits and cakes, Pastries, Eclairs",,[],55.0,c,other,no,55.0,35.5,Non Biodegradable,non_food,pure burst eclairs (40),non_food
8905507002170.0,Pulse chana dal 500g (10),,,[],,unknown,other,no,,30.0,Non Biodegradable,grain,pulse chana dal 500g (10),grain
8905507002194.0,Pulse massor malaka 500g (10),,,[],,unknown,other,no,,30.0,Non Biodegradable,non_food,pulse massor malaka 500g (10),non_food
8905507002255.0,Massor malaka 1kg (10),,,[],,unknown,other,no,,30.0,Non Biodegradable,non_food,massor malaka 1kg (10),non_food
8905507025186.0,Mix dal 500g(2),,,[],,unknown,other,no,,30.0,Non Biodegradable,grain,mix dal 500g(2),grain
8905507020372.0,Arhar dal 1kg (5),,,[],,unknown,other,no,,30.0,Non Biodegradable,grain,arhar dal 1kg (5),grain
8905507024707.0,Kabuli chana primium 500g(5),,,[],,unknown,other,no,,30.0,Non Biodegradable,non_food,kabuli chana primium 500g(5),non_food
8905507019420.0,Tasty black salt 100g(8),,,[],,unknown,other,no,,30.0,Non Biodegradable,spices,tasty black salt 100g(8),other
8905507015170.0,Sharbati atta 1kg(10),,,[],,unknown,other,no,,30.0,Non Biodegradable,beverage,sharbati atta 1kg(10),grain
8905507019468.0,Sendha namak (20),,,[],,unknown,other,no,,30.0,Non Biodegradable,non_food,sendha namak (20),non_food
8905507019482.0,Roasted jeera powder 100g(20),,,[],,unknown,other,no,,30.0,Non Biodegradable,spices,roasted jeera powder 100g(20),other
8901063094246.0,Britannia gd pista badam cookies 600g,,,[],,unknown,snack,no,,30.0,Non Biodegradable,snack,britannia gd pista badam cookies 600g,confectionery
8905507016016.0,Tomato soup (100),,,[],,unknown,other,no,,30.0,Non Biodegradable,non_food,tomato soup (100),non_food
8905507015217.0,Sharbati atta 5(1),,,[],,unknown,other,no,,30.0,Non Biodegradable,beverage,sharbati atta 5(1),grain
8901063017627.0,Brit 50-50 maska chaska 40g (20),"Snacks, Sweet snacks, Biscuits and cakes, Biscuits",,"['en:palm-oil', 'en:non-vegan', 'en:vegetarian-status-unknown']",,,other,no,,40.0,Moderately Biodegradable,non_food,brit 50-50 maska chaska 40g (20),non_food
8905507000374.0,Wheat atta 5kg(5),,,[],,unknown,other,no,,30.0,Non Biodegradable,grain,wheat atta 5kg(5),grain
8905507015224.0,Sharbati atta 10 kg(2),,,[],,unknown,other,no,,30.0,Non Biodegradable,beverage,sharbati atta 10 kg(2),grain
8905507000367.0,Wheat atta 10kg(3),,,['en:vegetarian'],,,other,no,,35.0,Non Biodegradable,grain,wheat atta 10kg(3),grain
8901063142367.0,Britannia NutriChoice oats chocolate & almond,biscuits,,['en:vegetarian'],,,beverage,no,,35.0,Non Biodegradable,beverage,britannia nutrichoice oats chocolate & almond,confectionery
8901778448853.0,Real apple 1ltr (8),,,[],,unknown,other,no,,30.0,Non Biodegradable,non_food,real apple 1ltr (8),non_food
8901499008312.0,Kellogg's corn flakes real honey (12),en:corn-flakes,,[],,,other,no,,30.0,Non Biodegradable,cereal,kellogg's corn flakes real honey (12),cereal
8901725121112.0,Aashirvaad Atta,"Plant-based foods and beverages,Plant-based foods,Cereals and potatoes,Cereals and their products,Flours,Cereal flours,Wheat flours,Whole wheat flours,atta",,['en:vegetarian'],,,other,no,,35.0,Non Biodegradable,grain,aashirvaad atta,grain
8901393020946.0,Alpenliebe (13),,,['en:vegetarian'],,unknown,other,no,,35.0,Non Biodegradable,non_food,alpenliebe (13),non_food
8901721001210.0,Prabhuji chat pata 900,,,[],,,other,no,,30.0,Non Biodegradable,non_food,prabhuji chat pata 900,non_food
8905507001180.0,First Crop Corn Flakes,"Plant-based foods and beverages,Plant-based foods,Breakfasts,Cereals and potatoes,Cereals and their products,Breakfast cereals,Flakes,Cereal flakes,Extruded cereals,Extruded flakes,Corn flakes",,"['en:palm-oil-free', 'en:vegan', 'en:vegetarian']",25.0,e,other,no,25.0,42.5,Moderately Biodegradable,cereal,first crop corn flakes,cereal
8901063325616.0,Bri toastea 700g,,,[],,unknown,beverage,no,,30.0,Non Biodegradable,beverage,bri toastea 700g,beverage
8905507028958.0,FC tasty peannuts 150g,,,[],,unknown,other,no,,30.0,Non Biodegradable,non_food,fc tasty peannuts 150g,non_food
8905507001838.0,Appalam papad 200g,,,[],,,other,no,,30.0,Non Biodegradable,non_food,appalam papad 200g,non_food
8901719124006.0,Parle krack jack 200g,,,[],,,other,no,,30.0,Non Biodegradable,non_food,parle krack jack 200g,non_food
8905507002811.0,Pure burst Desi ghee 1ltr(15),,,[],,unknown,other,no,,30.0,Non Biodegradable,dairy,pure burst desi ghee 1ltr(15),dairy
8908002506761.0,Dates,"Plant-based foods and beverages,Plant-based foods,Fruits and vegetables based foods,Fruits based foods,Fruits,Dates",,[],,,other,no,,30.0,Non Biodegradable,non_food,dates,non_food
8904232858588.0,Oven roasted turkey,,,[],,unknown,other,no,,30.0,Non Biodegradable,non_food,oven roasted turkey,non_food
8905507002286.0,Pulses arhardal 1kg (8),Pulses arhar dal,,[],,,other,no,,30.0,Non Biodegradable,grain,pulses arhardal 1kg (8),grain
8905507002231.0,Brown chana,,,[],,unknown,other,no,,30.0,Non Biodegradable,non_food,brown chana,non_food
8905507002224.0,Kabuli chana 1kg,,,[],,unknown,other,no,,30.0,Non Biodegradable,non_food,kabuli chana 1kg,non_food
8905507002262.0,Pulses moong dhuli 1kg (8),,,[],,unknown,other,no,,30.0,Non Biodegradable,non_food,pulses moong dhuli 1kg (8),non_food
8905507002187.0,Pulses brown chana 5oog (8),,,[],,unknown,other,no,,30.0,Non Biodegradable,non_food,pulses brown chana 5oog (8),non_food
8905507025094.0,Rajma chitra 500g(12),,,[],,unknown,other,no,,30.0,Non Biodegradable,non_food,rajma chitra 500g(12),non_food
8905507025100.0,Matar dal 500g (8),,,[],,unknown,other,no,,30.0,Non Biodegradable,grain,matar dal 500g (8),grain
8905507020457.0,Chana brown 1kg (6),,,[],,unknown,other,no,,30.0,Non Biodegradable,non_food,chana brown 1kg (6),non_food
8905507024721.0,Chana brown 500g (18),,,[],,unknown,other,no,,30.0,Non Biodegradable,non_food,chana brown 500g (18),non_food
8905507020433.0,Kabuli chana premium 1kg(12),,,[],,unknown,other,no,,30.0,Non Biodegradable,non_food,kabuli chana premium 1kg(12),non_food
8905507025179.0,Utad whole black 500g(18),,,[],,unknown,other,no,,30.0,Non Biodegradable,non_food,utad whole black 500g(18),non_food
8905507023571.0,Moong dhuli 500g(12),,,[],,unknown,other,no,,30.0,Non Biodegradable,non_food,moong dhuli 500g(12),non_food
8905507020426.0,Masoor malka big(12),,,[],,unknown,other,no,,30.0,Non Biodegradable,non_food,masoor malka big(12),non_food
8905507020419.0,Masoor malka big 1kg (8),,,[],,,other,no,,30.0,Non Biodegradable,non_food,masoor malka big 1kg (8),non_food
8905507025025.0,Urad chilka 1kg (10),,,[],,unknown,other,no,,30.0,Non Biodegradable,non_food,urad chilka 1kg (10),non_food
8905507002156.0,Pulses masoor malka 2kg (8),,,[],,unknown,other,no,,30.0,Non Biodegradable,non_food,pulses masoor malka 2kg (8),non_food
8905507002132.0,Pulses chana dal 2kg (8),,,[],,unknown,other,no,,30.0,Non Biodegradable,grain,pulses chana dal 2kg (8),grain
8905507002149.0,Moong dhuli 2kg (9),,,[],,unknown,other,no,,30.0,Non Biodegradable,non_food,moong dhuli 2kg (9),non_food
8905507000985.0,Red chilli powder,,,[],,unknown,other,no,,30.0,Non Biodegradable,spices,red chilli powder,other
8905507002880.0,Imli tree authentic paneer masala 100g(6),,,[],,unknown,dairy,no,,30.0,Non Biodegradable,dairy,imli tree authentic paneer masala 100g(6),dairy
8901052000913.0,Gold Tata tea 1kg,"Beverages and beverages preparations,Plant-based foods and beverages,Beverages,Hot beverages,Plant-based beverages,Teas",,['en:vegetarian'],,,beverage,no,,35.0,Non Biodegradable,beverage,gold tata tea 1kg,beverage
8901499009883.0,Kellags chocos 1.2kg,"Plant-based foods and beverages, Plant-based foods, Breakfasts, Cereals and potatoes, Cereals and their products, Breakfast cereals",,[],,,other,no,,30.0,Non Biodegradable,non_food,kellags chocos 1.2kg,non_food
8905507027234.0,Khatta meetha 150g(24),,,['en:vegetarian'],,,other,no,,35.0,Non Biodegradable,grain,khatta meetha 150g(24),grain
8905507027210.0,Navratan 150g (40),,,[],,unknown,other,no,,30.0,Non Biodegradable,non_food,navratan 150g (40),non_food
8905507002620.0,Masala potato chips 50g (40),"Plant-based foods and beverages, Plant-based foods, Snacks, Cereals and potatoes, Salty snacks, Appetizers, Chips and fries, Crisps, Potato crisps",,[],68.0,b,snack,no,68.0,36.8,Non Biodegradable,snack,masala potato chips 50g (40),snack
8905507002606.0,Salted potato chips 50g(37),en:potato-crisps,,[],,,snack,no,,30.0,Non Biodegradable,snack,salted potato chips 50g(37),snack
8905507002590.0,First crop Cream onion potato chips 50g,"Plant-based foods and beverages,Plant-based foods,Snacks,Cereals and potatoes,Salty snacks,Appetizers,Chips and fries,Crisps,Potato crisps",,"['en:palm-oil-content-unknown', 'en:non-vegan', 'en:vegetarian-status-unknown']",,,snack,no,,40.0,Moderately Biodegradable,snack,first crop cream onion potato chips 50g,snack
8901414010093.0,Bikano dry fruit mixture 250g (20),,,[],,unknown,other,no,,30.0,Non Biodegradable,non_food,bikano dry fruit mixture 250g (20),non_food
8901414008595.0,Bikano lajawab mixture 250g(22),,,[],,,other,no,,30.0,Non Biodegradable,non_food,bikano lajawab mixture 250g(22),non_food
8901414016408.0,Bikano all time mixture 250g(25),,,[],,unknown,other,no,,30.0,Non Biodegradable,non_food,bikano all time mixture 250g(25),non_food
8901721000237.0,Prabhuji khatta meetha 400g(22),,,[],,,other,no,,30.0,Non Biodegradable,grain,prabhuji khatta meetha 400g(22),grain
8901414000797.0,Bikano lajawab mixture 500g(16),,,[],,unknown,other,no,,30.0,Non Biodegradable,non_food,bikano lajawab mixture 500g(16),non_food
8901414000285.0,Bikano khatta meetha 500g(20),,,"['en:palm-oil', 'en:vegan-status-unknown', 'en:vegetarian-status-unknown']",,,other,no,,40.0,Moderately Biodegradable,grain,bikano khatta meetha 500g(20),grain
8901414006850.0,Bikano diet mixture,snacks,,"['en:palm-oil', 'en:vegan-status-unknown', 'en:vegetarian']",,,other,no,,40.0,Moderately Biodegradable,non_food,bikano diet mixture,non_food
8901721000008.0,Prabhuji bhujia 1kg (12),,,[],,,other,no,,30.0,Non Biodegradable,non_food,prabhuji bhujia 1kg (12),non_food
8901414008649.0,Bikano paneer bhujia,snacks,,['en:vegetarian'],,,dairy,no,,35.0,Non Biodegradable,dairy,bikano paneer bhujia,dairy
8901414000018.0,Bikano cornflakes mixture 200g(44),en:corn-flakes,,[],25.0,e,other,no,25.0,32.5,Non Biodegradable,non_food,bikano cornflakes mixture 200g(44),non_food
8901721000695.0,Prabhuji aloo bhujia 1kg(24),,,[],,unknown,other,no,,30.0,Non Biodegradable,non_food,prabhuji aloo bhujia 1kg(24),non_food
8904089916134.0,Goodness Standardised Milk,"Dairies, Milks",,"['en:palm-oil-content-unknown', 'en:non-vegan', 'en:vegetarian']",37.0,d,dairy,no,37.0,43.7,Moderately Biodegradable,dairy,goodness standardised milk,dairy
8902901231373.0,Good Life hing,,,[],,,other,no,,30.0,Non Biodegradable,non_food,good life hing,non_food
8905507002460.0,Full bloom juice mango 1L,,,[],,unknown,beverage,no,,30.0,Non Biodegradable,beverage,full bloom juice mango 1l,beverage
8905507002477.0,Full bloom juice guava 1L,,,[],,unknown,beverage,no,,30.0,Non Biodegradable,beverage,full bloom juice guava 1l,beverage
8901719119255.0,Parle Cafechino,,,[],,unknown,other,no,,30.0,Non Biodegradable,non_food,parle cafechino,non_food
8901063365032.0,Britannia cake gobbles 30g,,,[],,unknown,other,no,,30.0,Non Biodegradable,non_food,britannia cake gobbles 30g,non_food
8901063365384.0,Britannia Cake Gobbles 35g,"Snacks,Sweet snacks,Biscuits and cakes,Biscuits,Cakes",,"['en:palm-oil', 'en:non-vegan', 'en:non-vegetarian']",40.0,d,other,no,40.0,44.0,Moderately Biodegradable,non_food,britannia cake gobbles 35g,non_food
8901719122774.0,Parle krackjack 800g,,,[],,unknown,other,no,,30.0,Non Biodegradable,non_food,parle krackjack 800g,non_food
8901088716574.0,Safola gold oil,,,[],,unknown,other,no,,30.0,Non Biodegradable,non_food,safola gold oil,non_food
8905507401942.0,Imli tree tasti black salt 100g(8),,,[],,unknown,other,no,,30.0,Non Biodegradable,spices,imli tree tasti black salt 100g(8),other
8901719126093.0,Parle Rusk 327g,,,[],,unknown,other,no,,30.0,Non Biodegradable,non_food,parle rusk 327g,non_food
8901063325760.0,Britannia Toastea 200g,,,['en:vegetarian'],,,beverage,no,,35.0,Non Biodegradable,beverage,britannia toastea 200g,beverage
8901063142541.0,Britannia nutri choice 200g(sys),Biscuit (cookie) snack w chocolate filling,,[],37.0,d,other,no,37.0,33.7,Non Biodegradable,non_food,britannia nutri choice 200g(sys),non_food
8901719116520.0,Parle Bode&seek 120g(26),"Snacks, Sweet snacks, Biscuits and cakes, Biscuits, Chocolate biscuits",,[],37.0,d,other,no,37.0,33.7,Non Biodegradable,non_food,parle bode&seek 120g(26),non_food
8901719112485.0,Parle Hide & seek black bourbon 100g(24),,,[],,,other,no,,30.0,Non Biodegradable,non_food,parle hide & seek black bourbon 100g(24),non_food
8901066813943.0,Britannia bourbon (3),,,[],,unknown,other,no,,30.0,Non Biodegradable,non_food,britannia bourbon (3),non_food
8901537012134.0,Elina rice 5kg (1),,,[],,unknown,other,no,,30.0,Non Biodegradable,grain,elina rice 5kg (1),grain
8901719117220.0,Parle Hide &seek 200g(30),,,[],,,other,no,,30.0,Non Biodegradable,non_food,parle hide &seek 200g(30),non_food
8906001387114.0,Multi Grain High Fibre Bread,"Plant-based foods and beverages,Plant-based foods,Cereals and potatoes,Breads,Sliced breads,Multigrain sliced breads",,"['en:palm-oil', 'en:vegan-status-unknown', 'en:vegetarian-status-unknown']",,,other,no,,40.0,Moderately Biodegradable,non_food,multi grain high fibre bread,non_food
8906017290088.0,Bisleri Water,"Beverages,Waters,Spring waters,Mineral waters",,[],,,other,no,,30.0,Non Biodegradable,non_food,bisleri water,non_food
8901192215116.0,Catch sabzi masala,Mixtures of herbs and spices,,['en:vegetarian'],,,other,no,,35.0,Non Biodegradable,spices,catch sabzi masala,spices
8901138819729.0,Himalaya baby gift pack (3),"Non food products, Open Products Facts",,[],,unknown,baby_care,no,,30.0,Non Biodegradable,baby_care,himalaya baby gift pack (3),non_food
8902901225891.0,Good Life Rice Flour,"Plant-based foods and beverages,Plant-based foods,Flours",,"['en:palm-oil-free', 'en:vegan', 'en:vegetarian']",,,other,no,,40.0,Moderately Biodegradable,grain,good life rice flour,grain
8901512102805.0,Sundrop Super lite advanced,,,[],,,other,no,,30.0,Non Biodegradable,non_food,sundrop super lite advanced,non_food
8906009220598.0,Nutrifud Rich Milk milk cake,,,[],,unknown,dairy,no,,30.0,Non Biodegradable,dairy,nutrifud rich milk milk cake,dairy
8901725000899.0,Multi -Millet Mix,"Plant-based foods and beverages, Plant-based foods, Breakfasts, Cereals and potatoes, Seeds, Cereals and their products, Flours, Breakfast cereals, Cereal flours, Cereal grains, Porridge, Millet, Pearl millet, Quinoa, Sorghum flours, Finger Millet, Foxtail millet, Multi-millet, Ragi",,"['en:palm-oil-content-unknown', 'en:vegan-status-unknown', 'en:vegetarian']",,,other,no,,40.0,Moderately Biodegradable,non_food,multi -millet mix,non_food
8906097401176.0,Kasoori Methi Leaves,"Plant-based foods and beverages, Plant-based foods, Condiments, Culinary plants, Aromatic plants, Dried products, Aromatic-herbs, Dried plant-based foods, Ground dried aromatic plants, Fenugreek products, Fenugreek leaves, Ground dried fenugreek leaves, Dried fenugreek leaves",,"['en:palm-oil-content-unknown', 'en:vegan-status-unknown', 'en:vegetarian']",4.0,f,other,no,4.0,40.4,Moderately Biodegradable,non_food,kasoori methi leaves,non_food
8906010366803.0,Town Bus Butter murukku,,,[],,,dairy,no,,30.0,Non Biodegradable,dairy,town bus butter murukku,dairy
8906035141065.0,Chipo orange halwa,,,['en:vegetarian'],,unknown,other,no,,35.0,Non Biodegradable,non_food,chipo orange halwa,snack
8902901218947.0,Good life sunflower oil,"Plant-based foods and beverages,Plant-based foods,Fats,Vegetable fats,Vegetable oils,Sunflower seeds and their products,Sunflower oils",,[],44.0,d,other,no,44.0,34.4,Non Biodegradable,non_food,good life sunflower oil,non_food
8906069402965.0,Imli.,,,[],,unknown,other,no,,30.0,Non Biodegradable,non_food,imli.,non_food
8902901027983.0,8902901027983,,,[],,,other,no,,30.0,Non Biodegradable,non_food,8902901027983,non_food
8904089915168.0,Special Long Life Milk,"Dairies,Milks,Homogenized milks,UHT Milks",,"['en:palm-oil-content-unknown', 'en:non-vegan', 'en:vegetarian']",,,dairy,no,,40.0,Moderately Biodegradable,dairy,special long life milk,dairy
8906031931196.0,Premium Instant Coffee,,,[],,unknown,beverage,no,,30.0,Non Biodegradable,beverage,premium instant coffee,beverage
8906097402081.0,Cumin Whole,en:cumin,,[],4.0,f,other,no,4.0,30.4,Non Biodegradable,non_food,cumin whole,non_food
8906097404047.0,Tamarind Whole,Tamarind,,"['en:palm-oil-free', 'en:vegan', 'en:vegetarian']",,unknown,other,no,,40.0,Moderately Biodegradable,non_food,tamarind whole,non_food
8904406170454.0,Sompapdi,Snacks,,"['en:may-contain-palm-oil', 'en:non-vegan', 'en:vegetarian']",,unknown,other,no,,40.0,Moderately Biodegradable,non_food,sompapdi,non_food
8901725001308.0,Bingo Potato Chips Cream & Onion,"Plant-based foods and beverages, Plant-based foods, Snacks, Cereals and potatoes, Salty snacks, Appetizers, Chips and fries, Crisps, Potato crisps",,"['en:palm-oil', 'en:non-vegan', 'en:vegetarian-status-unknown']",63.0,b,snack,no,63.0,46.3,Moderately Biodegradable,snack,bingo potato chips cream & onion,snack
8939997880796.0,Sona Raw Rice,"Plant-based foods and beverages, Plant-based foods, Cereals and potatoes, Seeds, Cereals and their products, Cereal grains, Rices",,"['en:palm-oil-free', 'en:vegan', 'en:vegetarian']",12.0,f,other,no,12.0,41.2,Moderately Biodegradable,grain,sona raw rice,grain
8902268011830.0,Kream Time,"Snacks, Sweet snacks, Biscuits and cakes, Biscuits",,"['en:palm-oil', 'en:non-vegan', 'en:vegetarian-status-unknown']",45.0,c,other,no,45.0,44.5,Moderately Biodegradable,non_food,kream time,non_food
8901848000004.0,Rasna 20g cbd,,,[],,,other,no,,30.0,Non Biodegradable,non_food,rasna 20g cbd,non_food
8906108531403.0,Inchi veg halka noodle,,,"['en:palm-oil-free', 'en:maybe-vegan', 'en:maybe-vegetarian']",,unknown,other,no,,40.0,Moderately Biodegradable,non_food,inchi veg halka noodle,non_food
8901063146457.0,Britannia winking cow chocolate 180ml,,foil wrapper,[],,,beverage,no,,20.0,Non Biodegradable,beverage,britannia winking cow chocolate 180ml,confectionery
8901719122682.0,Parle 20-20 Nice,Coconut biscuits,,['en:vegetarian'],,,other,no,,35.0,Non Biodegradable,non_food,parle 20-20 nice,non_food
8901058900231.0,Maggie Souce,,,[],,unknown,other,no,,30.0,Non Biodegradable,non_food,maggie souce,non_food
8901262020244.0,Amul Cheese,"Cheese block, en:cheeses",,['en:vegetarian'],,,dairy,no,,35.0,Non Biodegradable,dairy,amul cheese,dairy
8901786395019.0,Tikhalal,,,[],,unknown,other,no,,30.0,Non Biodegradable,non_food,tikhalal,non_food
8902710506051.0,Fruit & Nut Muesli,,,[],,unknown,other,no,,30.0,Non Biodegradable,cereal,fruit & nut muesli,cereal
8901522002669.0,Royal stag Whisky,en:hard-liquors,,[],,unknown,other,no,,30.0,Non Biodegradable,non_food,royal stag whisky,non_food
8902967210749.0,No.1 LUXURY,,,[],,unknown,other,no,,30.0,Non Biodegradable,non_food,no.1 luxury,non_food
8901063365162.0,Britannia Cake Roll Yo!,Swiss Roll,,"['en:non-vegan', 'en:non-vegetarian']",,unknown,other,no,,40.0,Moderately Biodegradable,non_food,britannia cake roll yo!,non_food
8908012241652.0,Malty Original Non-Alcoholic,,,[],,unknown,other,no,,30.0,Non Biodegradable,non_food,malty original non-alcoholic,non_food
8901063092501.0,BRITANN Good day 600 g,"Snacks,Breakfasts,Sweet snacks,Biscuits and cakes,Biscuits,Dry biscuits,Breakfast biscuit",,"['en:palm-oil', 'en:non-vegan', 'en:vegetarian']",,,other,no,,40.0,Moderately Biodegradable,non_food,britann good day 600 g,non_food
8904043901329.0,Tata Salt Flavoritz Flavoured Salt,,,"['en:palm-oil-content-unknown', 'en:vegan-status-unknown', 'en:vegetarian-status-unknown']",,unknown,other,no,,40.0,Moderately Biodegradable,spices,tata salt flavoritz flavoured salt,other
8901648019718.0,Mother Dairy Ghi,,,[],,unknown,other,no,,30.0,Non Biodegradable,non_food,mother dairy ghi,non_food
8906138740158.0,Ready To Eat Savouries,,,[],,unknown,other,no,,30.0,Non Biodegradable,other_food,ready to eat savouries,other
8906149090143.0,Masala Sev,,,[],,unknown,other,no,,30.0,Non Biodegradable,spices,masala sev,spices
8901063026278.0,Nutri Choice Sugar Free Crackers,"snacks, salty-snacks, appetizers, da:crackers",,"['en:palm-oil-content-unknown', 'en:non-vegan', 'en:vegetarian']",,,other,no,,40.0,Moderately Biodegradable,snack,nutri choice sugar free crackers,snack
8901499011312.0,Kellogg's,,,['en:vegetarian'],,unknown,other,no,,35.0,Non Biodegradable,non_food,kellogg's,non_food
8902080002290.0,7up,"Beverages, Carbonated drinks, Waters, Artificially sweetened beverages, Sodas, Carbonated waters",,"['en:palm-oil-free', 'en:vegan-status-unknown', 'en:vegetarian-status-unknown']",,not-applicable,other,no,,40.0,Moderately Biodegradable,non_food,7up,non_food
8906001020196.0,Go Cheese Slices,"Dairies, Fermented foods, Fermented milk products, Cheeses, Sliced cheeses",,['en:vegetarian'],35.0,d,dairy,no,35.0,38.5,Non Biodegradable,dairy,go cheese slices,dairy
8901262140034.0,Delicious Fat Spread,spreads,,['en:vegetarian'],,,other,no,,35.0,Non Biodegradable,non_food,delicious fat spread,non_food
8901063146464.0,Britannia winking cow strawberry 180ml,Strawberry milkshake,,['en:vegetarian'],,,other,no,,35.0,Non Biodegradable,non_food,britannia winking cow strawberry 180ml,non_food
8906023940021.0,Guruji,,,[],,unknown,other,no,,30.0,Non Biodegradable,non_food,guruji,non_food
8905507000299.0,Pure burst butter toffee (50),,,['en:vegetarian'],,unknown,dairy,no,,35.0,Non Biodegradable,dairy,pure burst butter toffee (50),dairy
8905507000756.0,Pure burst mango mano(system ),,,[],,unknown,other,no,,30.0,Non Biodegradable,non_food,pure burst mango mano(system ),non_food
8901393024494.0,Alpenlibe gold(system) 351g,,,[],,unknown,other,no,,30.0,Non Biodegradable,non_food,alpenlibe gold(system) 351g,non_food
8901393024760.0,Alpenlibe eclairs plus(5),,,[],,unknown,other,no,,30.0,Non Biodegradable,non_food,alpenlibe eclairs plus(5),non_food
8906069401746.0,Eggless Mayonnaise Chef's Special,Eggless Mayonnaise,,"['en:palm-oil-free', 'en:vegan-status-unknown', 'en:vegetarian']",,unknown,other,no,,40.0,Moderately Biodegradable,condiment,eggless mayonnaise chef's special,other
8906075800915.0,Fruit biscuits,"Snacks, Sweet snacks, Biscuits and cakes, Biscuits, Fruit biscuits",,"['en:may-contain-palm-oil', 'en:non-vegan', 'en:vegetarian']",50.0,c,snack,no,50.0,45.0,Moderately Biodegradable,snack,fruit biscuits,confectionery
8905507010014.0,First crop navratan 1 kg,,,[],,unknown,other,no,,30.0,Non Biodegradable,non_food,first crop navratan 1 kg,non_food
8901414000070.0,Bikano bikaneri bhujia 1kg (30),,,['en:vegetarian'],,unknown,other,no,,35.0,Non Biodegradable,non_food,bikano bikaneri bhujia 1kg (30),non_food
8905507009995.0,First crop khatta meetha 1kg,,,[],,unknown,other,no,,30.0,Non Biodegradable,grain,first crop khatta meetha 1kg,grain
8906005500786.0,Bikaji khatta meeta 400 g,,,[],,,other,no,,30.0,Non Biodegradable,grain,bikaji khatta meeta 400 g,grain
8904004403534.0,tasty nuts,en:nuts,,['en:vegetarian'],,,other,no,,35.0,Non Biodegradable,non_food,tasty nuts,non_food
8901030735349.0,Fruit & Nut,en:ice-creams-and-sorbets,,"['en:palm-oil', 'en:non-vegan', 'en:vegetarian-status-unknown']",,unknown,other,no,,40.0,Moderately Biodegradable,non_food,fruit & nut,non_food
8906006855014.0,Ice Cream Rocks Cotton Candy,"Desserts, Frozen foods, Frozen desserts, Ice creams and sorbets, Ice creams",,[],67.0,b,cosmetic,no,67.0,36.7,Non Biodegradable,confectionery,ice cream rocks cotton candy,confectionery
8901063014299.0,Britannia vita meri,"Food, en:breakfast-cereals",,[],,,other,no,,30.0,Non Biodegradable,non_food,britannia vita meri,non_food
8905507002217.0,Pulses rajma chitra 1kg,,,[],,unknown,other,no,,30.0,Non Biodegradable,non_food,pulses rajma chitra 1kg,non_food
8905507026398.0,Imli tree pasta pizza sauce 300g,,,['en:vegetarian'],,unknown,other,no,,35.0,Non Biodegradable,condiment,imli tree pasta pizza sauce 300g,sauce_condiment
8901414000650.0,Bikano bikaneri bhujia 1kg,,,[],,,other,no,,30.0,Non Biodegradable,non_food,bikano bikaneri bhujia 1kg,non_food
8905507026381.0,Imli tree veg mayonnaise 250g,"Condiments, Sauces, Mayonnaises",,[],37.0,d,other,no,37.0,33.7,Non Biodegradable,condiment,imli tree veg mayonnaise 250g,other
8904132952614.0,Campa lime,,,[],,unknown,other,no,,30.0,Non Biodegradable,non_food,campa lime,non_food
8901063162501.0,Britannia marie gold 1kg,,,[],,unknown,other,no,,30.0,Non Biodegradable,non_food,britannia marie gold 1kg,non_food
8904089315920.0,rajwadi kulfi falooda ice cream,,,[],,,cosmetic,no,,30.0,Non Biodegradable,cosmetic,rajwadi kulfi falooda ice cream,frozen_food
8904043551494.0,Modern Fruity Bread,"Plant-based foods and beverages,Plant-based foods,Cereals and potatoes,Breads",,"['en:palm-oil-content-unknown', 'en:vegan-status-unknown', 'en:vegetarian']",,,other,no,,40.0,Moderately Biodegradable,non_food,modern fruity bread,non_food
8908014814014.0,Premium Fruit Bread,en:breads,,"['en:may-contain-palm-oil', 'en:non-vegan', 'en:vegetarian']",,unknown,other,no,,40.0,Moderately Biodegradable,non_food,premium fruit bread,non_food
8901030897689.0,Kissan mixed fruit,,,"['en:palm-oil-content-unknown', 'en:vegan-status-unknown', 'en:vegetarian-status-unknown']",,,other,no,,40.0,Moderately Biodegradable,non_food,kissan mixed fruit,non_food
8908006817016.0,Kaalai,,,[],,unknown,other,no,,30.0,Non Biodegradable,non_food,kaalai,non_food
8901058001167.0,Pichkoo,,,[],,unknown,other,no,,30.0,Non Biodegradable,non_food,pichkoo,non_food
8901058003079.0,Maggi cheesy Tomato,"Plant-based foods and beverages, Plant-based foods, Meals, Pasta dishes, Pastas, Instant pasta",,"['en:palm-oil', 'en:non-vegan', 'en:vegetarian']",,,other,no,,40.0,Moderately Biodegradable,non_food,maggi cheesy tomato,non_food
8901044220084.0,Mapro jam,,,[],,unknown,other,no,,30.0,Non Biodegradable,non_food,mapro jam,non_food
8906002006410.0,fun food peanut butter,"Plant-based foods and beverages, Plant-based foods, Spreads, Nuts and their products, Plant-based spreads, Oilseed purees, Nut butters",,"['en:palm-oil-content-unknown', 'en:vegan-status-unknown', 'en:vegetarian-status-unknown']",,,dairy,no,,40.0,Moderately Biodegradable,dairy,fun food peanut butter,dairy
8906116780145.0,shatavari,,,"['en:palm-oil-free', 'en:vegan', 'en:vegetarian']",,unknown,other,no,,40.0,Moderately Biodegradable,non_food,shatavari,non_food
8901192205261.0,Ginger Garlic - Culinary Paste,"Condiments, Sauces, Culinary paste",,"['en:palm-oil-free', 'en:vegan-status-unknown', 'en:vegetarian']",,,other,no,,40.0,Moderately Biodegradable,non_food,ginger garlic - culinary paste,non_food
8902246003703.0,Bear,,,"['en:palm-oil-content-unknown', 'en:vegan-status-unknown', 'en:vegetarian-status-unknown']",,unknown,other,no,,40.0,Moderately Biodegradable,non_food,bear,non_food
8901063029286.0,Jimjam 460g,"Snacks, Sweet snacks, Biscuits and cakes, Biscuits",,"['en:palm-oil', 'en:non-vegan', 'en:vegetarian']",,,other,no,,40.0,Moderately Biodegradable,non_food,jimjam 460g,non_food
8902901227321.0,Walnuts shell 500gm,,,['en:vegetarian'],,unknown,other,no,,35.0,Non Biodegradable,non_food,walnuts shell 500gm,non_food
8908005204619.0,Amlamrut,,,[],,unknown,other,no,,30.0,Non Biodegradable,non_food,amlamrut,non_food
8901207032110.0,Real litchi juice 180ml,,,[],,,beverage,no,,30.0,Non Biodegradable,beverage,real litchi juice 180ml,beverage
8901725000844.0,Sunfeast dark santasy bourbon,,,"['en:palm-oil-content-unknown', 'en:vegan-status-unknown', 'en:vegetarian-status-unknown']",,unknown,other,no,,40.0,Moderately Biodegradable,non_food,sunfeast dark santasy bourbon,non_food
8901719125768.0,Hide & Seek Milano Chocolate Chip,"Snacks,Sweet snacks,Biscuits and cakes,Biscuits",,['en:vegetarian'],,,beverage,no,,35.0,Non Biodegradable,beverage,hide & seek milano chocolate chip,snack
8904089325486.0,tajmahal ice cream,,,[],,unknown,cosmetic,no,,30.0,Non Biodegradable,cosmetic,tajmahal ice cream,frozen_food
8905507001852.0,Amritsari papad,Papadum,,['en:vegetarian'],,unknown,other,no,,35.0,Non Biodegradable,non_food,amritsari papad,non_food
8905507001869.0,First crop moong papad 200g,,,[],,unknown,other,no,,30.0,Non Biodegradable,non_food,first crop moong papad 200g,non_food
8905507001791.0,First crop veg hakka noodles. 150g,"Meals, Pasta dishes",,[],,unknown,other,no,,30.0,Non Biodegradable,non_food,first crop veg hakka noodles. 150g,non_food
8901721000176.0,Prabhuji khatta meetha 1kg,,,[],,unknown,other,no,,30.0,Non Biodegradable,grain,prabhuji khatta meetha 1kg,grain
8901721000626.0,Prabhuji jhal chanachur 1kg,Food,,[],,,other,no,,30.0,Non Biodegradable,non_food,prabhuji jhal chanachur 1kg,non_food
8905507022901.0,First crop aloo bhujia 150g,,,[],,unknown,other,no,,30.0,Non Biodegradable,non_food,first crop aloo bhujia 150g,non_food
8901814003183.0,Viva,,,"['en:palm-oil-free', 'en:vegan', 'en:vegetarian']",,unknown,other,no,,40.0,Moderately Biodegradable,non_food,viva,non_food
8901058904093.0,Munch Max,Coated  chocolate wafer,,"['en:may-contain-palm-oil', 'en:non-vegan', 'en:vegetarian']",,unknown,other,no,,40.0,Moderately Biodegradable,non_food,munch max,non_food
8901123005724.0,Coffee Bite,Food,,[],,,beverage,no,,30.0,Non Biodegradable,beverage,coffee bite,beverage
8906016410081.0,Standardized Milk,"Dairies,Milks",,"['en:palm-oil-free', 'en:non-vegan', 'en:vegetarian']",37.0,d,dairy,no,37.0,43.7,Moderately Biodegradable,dairy,standardized milk,dairy
8901522006308.0,Imperian blue,,,"['en:palm-oil-content-unknown', 'en:vegan-status-unknown', 'en:vegetarian-status-unknown']",,unknown,other,no,,40.0,Moderately Biodegradable,non_food,imperian blue,non_food
8901565001711.0,Peppy cheese balls,,,[],,unknown,dairy,no,,30.0,Non Biodegradable,dairy,peppy cheese balls,dairy
8904304711605.0,Suggi green peanuts,en:nuts,,[],,,other,no,,30.0,Non Biodegradable,non_food,suggi green peanuts,non_food
8908019757682.0,Tender coconut fruit pops,,,[],,unknown,other,no,,30.0,Non Biodegradable,non_food,tender coconut fruit pops,non_food
8907661008593.0,combipack of mifepristone tablets lp and misoprostol tablets lp,,,[],,unknown,other,no,,30.0,Non Biodegradable,non_food,combipack of mifepristone tablets lp and misoprostol tablets lp,non_food
8906064655694.0,Mayo,,,[],,unknown,other,no,,30.0,Non Biodegradable,non_food,mayo,non_food
89007655.0,Doublemint,en:candies,,[],,,other,no,,30.0,Non Biodegradable,non_food,doublemint,non_food
8906036675163.0,Milk Peda,"Snacks, Desserts, Sweet snacks, Confectioneries",,"['en:palm-oil-free', 'en:non-vegan', 'en:vegetarian']",,unknown,dairy,no,,40.0,Moderately Biodegradable,dairy,milk peda,dairy
8906106710299.0,tab.nacplus,,,"['en:palm-oil-content-unknown', 'en:vegan-status-unknown', 'en:vegetarian-status-unknown']",,unknown,other,no,,40.0,Moderately Biodegradable,non_food,tab.nacplus,non_food
8935311110488.0,Vifon,,,[],,unknown,other,no,,30.0,Non Biodegradable,non_food,vifon,non_food
8908007181093.0,Evergreen button mushroom,,,[],,unknown,other,no,,30.0,Non Biodegradable,non_food,evergreen button mushroom,non_food
8903234621701.0,Pure whey protein blonde chocolate,,,[],,unknown,beverage,no,,30.0,Non Biodegradable,beverage,pure whey protein blonde chocolate,confectionery
8906007702263.0,Wrap tortilla,"Plant-based foods and beverages, Plant-based foods, Cereals and potatoes, Breads, Flatbreads, White breads, Wheat breads, Wheat flatbreads",,"['en:palm-oil', 'en:vegan-status-unknown', 'en:vegetarian-status-unknown']",63.0,b,other,no,63.0,46.3,Moderately Biodegradable,non_food,wrap tortilla,non_food
8908000381438.0,Durga peanut ball,,,[],,unknown,other,no,,30.0,Non Biodegradable,non_food,durga peanut ball,non_food
8906080603358.0,Fruit And Nuts Supermix,"Nuts,Seeds",,"['en:palm-oil-free', 'en:vegan', 'en:vegetarian']",,unknown,other,no,,40.0,Moderately Biodegradable,non_food,fruit and nuts supermix,non_food
8901725004675.0,Oats and Raisins Cookies,"Snacks,Sweet snacks,Biscuits and cakes,Biscuits",,"['en:palm-oil', 'en:non-vegan', 'en:vegetarian']",40.0,d,snack,no,40.0,44.0,Moderately Biodegradable,snack,oats and raisins cookies,confectionery
8905507000749.0,Pure burst orange candy,en:confectioneries,,[],,,other,no,,30.0,Non Biodegradable,confectionery,pure burst orange candy,confectionery
8901393024500.0,Alpenliebe Gold Candy,"Snacks, Sweet snacks, Confectioneries, Candies",,"['en:palm-oil-content-unknown', 'en:vegan-status-unknown', 'en:vegetarian-status-unknown']",42.0,d,other,no,42.0,44.2,Moderately Biodegradable,confectionery,alpenliebe gold candy,confectionery
8901393015829.0,Alpenliebe gold (156g),,,[],,unknown,other,no,,30.0,Non Biodegradable,non_food,alpenliebe gold (156g),non_food
8901063032804.0,Britannia treat (50g),,,[],,unknown,other,no,,30.0,Non Biodegradable,other_food,britannia treat (50g),other
8901719122637.0,Parle happy happy (400g),,,[],,unknown,other,no,,30.0,Non Biodegradable,non_food,parle happy happy (400g),non_food
8901719123894.0,Parle -G (800g),"Snacks,Sweet snacks,Biscuits and cakes,Biscuits",,[],50.0,c,other,no,50.0,35.0,Non Biodegradable,non_food,parle -g (800g),non_food
8901063012431.0,Britannia milk bikis (500g),,,"['en:palm-oil-free', 'en:vegan-status-unknown', 'en:vegetarian-status-unknown']",,unknown,dairy,no,,40.0,Moderately Biodegradable,dairy,britannia milk bikis (500g),dairy
8901063325883.0,Britannia Toastea (217g),,,[],,unknown,beverage,no,,30.0,Non Biodegradable,beverage,britannia toastea (217g),beverage
8905507001425.0,First crop Suji bake Rusk(200g),,,[],,unknown,other,no,,30.0,Non Biodegradable,non_food,first crop suji bake rusk(200g),non_food
8901719123276.0,Parle Hide&seek(250g),,,[],,unknown,other,no,,30.0,Non Biodegradable,non_food,parle hide&seek(250g),non_food
8901063092631.0,Britannia Good day (60g),,,[],,,other,no,,30.0,Non Biodegradable,non_food,britannia good day (60g),non_food
8901063139343.0,BRITANNIA BOURBON4+1,,,[],,unknown,other,no,,30.0,Non Biodegradable,non_food,britannia bourbon4+1,non_food
8901063138131.0,Britannia nutri choice thin arrowroot 400g,,,[],,unknown,other,no,,30.0,Non Biodegradable,non_food,britannia nutri choice thin arrowroot 400g,non_food
8901719123795.0,Parle monaco(200g),,,[],,,other,no,,30.0,Non Biodegradable,non_food,parle monaco(200g),non_food
8901063018341.0,Britannia 50 50 time pass (63g),,,[],,unknown,other,no,,30.0,Non Biodegradable,non_food,britannia 50 50 time pass (63g),non_food
8901063028197.0,Britannia mibe time (300g),,,[],,unknown,other,no,,30.0,Non Biodegradable,non_food,britannia mibe time (300g),non_food
8901063016781.0,Britannia 5050(72g),,,"['en:palm-oil', 'en:vegan-status-unknown', 'en:vegetarian-status-unknown']",,unknown,other,no,,40.0,Moderately Biodegradable,non_food,britannia 5050(72g),non_food
8901063017399.0,Britannia 5050 maska chaska (300g),en:biscuits,,[],50.0,c,other,no,50.0,35.0,Non Biodegradable,non_food,britannia 5050 maska chaska (300g),non_food
8901063017696.0,Britannia 5050 jeera(260g),,,[],,unknown,other,no,,30.0,Non Biodegradable,non_food,britannia 5050 jeera(260g),non_food
8901414008588.0,Bikano lajawab mixture 500g (sys),,,[],,unknown,other,no,,30.0,Non Biodegradable,non_food,bikano lajawab mixture 500g (sys),non_food
8901414001640.0,Bikano all time mixture 250g,,,[],,unknown,other,no,,30.0,Non Biodegradable,non_food,bikano all time mixture 250g,non_food
8905507002613.0,Tomato potato chips 50g,en:potato-crisps,,[],68.0,b,snack,no,68.0,36.8,Non Biodegradable,snack,tomato potato chips 50g,snack
8905507000824.0,Full bloom strawberry 200g,,,[],,unknown,other,no,,30.0,Non Biodegradable,non_food,full bloom strawberry 200g,non_food
8905507001166.0,First Crop Fruit & Nut Muesli,"Plant-based foods and beverages,Plant-based foods,Breakfasts,Cereals and potatoes,Cereals and their products,Breakfast cereals,Mueslis",,[],,,other,no,,30.0,Non Biodegradable,cereal,first crop fruit & nut muesli,cereal
8901088205740.0,Saffola Masala Oodles,,,[],,unknown,other,no,,30.0,Non Biodegradable,spices,saffola masala oodles,spices
8906035030017.0,Refined Palmolein Oil,"Plant-based foods and beverages, Plant-based foods, Fats, Vegetable fats, Vegetable oils, Palm oils, Palm oil refined",,"['en:palm-oil', 'en:vegan', 'en:vegetarian']",26.0,e,other,no,26.0,42.6,Moderately Biodegradable,non_food,refined palmolein oil,non_food
8908002105087.0,Milk White Bread,"Plant-based foods and beverages, Plant-based foods, Cereals and potatoes, Breads",,"['en:palm-oil', 'en:non-vegan', 'en:vegetarian']",,unknown,dairy,no,,40.0,Moderately Biodegradable,dairy,milk white bread,dairy
8904043553085.0,Wow Pav,"Plant-based foods and beverages, Plant-based foods, Cereals and potatoes, Breads",,"['en:palm-oil-content-unknown', 'en:vegan-status-unknown', 'en:vegetarian']",,unknown,other,no,,40.0,Moderately Biodegradable,non_food,wow pav,non_food
8906020461239.0,Crem Treat,sweet snacks,,[],,unknown,other,no,,30.0,Non Biodegradable,other_food,crem treat,other
8906075172623.0,Pineapple Chat,"Snacks, Sweet snacks, Confectioneries",,[],,unknown,other,no,,30.0,Non Biodegradable,non_food,pineapple chat,non_food
8906097592911.0,goodeatz Lentil Soup,"Plant-based foods and beverages, Plant-based foods, Fruits and vegetables based foods, Meals, Soups, Reheatable soups, Vegetable soups, Reheatable vegetable soups, Lentils-soup",,"['en:palm-oil-free', 'en:vegan', 'en:vegetarian']",78.0,a,other,no,78.0,47.8,Moderately Biodegradable,grain,goodeatz lentil soup,grain
8901058002997.0,Pazzta mashroom,Instant pasta with cheese,,"['en:palm-oil', 'en:non-vegan', 'en:vegetarian-status-unknown']",,,other,no,,40.0,Moderately Biodegradable,non_food,pazzta mashroom,non_food
8904132912977.0,Snactac Atta noodle,,,"['en:palm-oil-free', 'en:maybe-vegan', 'en:maybe-vegetarian']",,unknown,other,no,,40.0,Moderately Biodegradable,grain,snactac atta noodle,grain
8901063017702.0,50 50 Gol Maal,"Snacks,Sweet snacks,Confectioneries,Bars,Biscuits and cakes,Biscuits",,"['en:palm-oil', 'en:non-vegan', 'en:vegetarian']",,,other,no,,40.0,Moderately Biodegradable,non_food,50 50 gol maal,non_food
8904063214799.0,Haldiram nimbu masala 220g,,,[],,unknown,other,no,,30.0,Non Biodegradable,spices,haldiram nimbu masala 220g,spices
8908019150575.0,Bombay hot bhelpuri masala 130g,,,['en:vegetarian'],,unknown,other,no,,35.0,Non Biodegradable,spices,bombay hot bhelpuri masala 130g,spices
8908019150568.0,Bombay hot bhelpuri salted 130g,,,[],,unknown,other,no,,30.0,Non Biodegradable,spices,bombay hot bhelpuri salted 130g,other
8904063214348.0,Haldiram navratan 220g,Snacks,,[],,unknown,other,no,,30.0,Non Biodegradable,non_food,haldiram navratan 220g,non_food
8904063260512.0,Haldiram lite mixture 250g,,,[],,unknown,other,no,,30.0,Non Biodegradable,non_food,haldiram lite mixture 250g,non_food
8906082572072.0,Cornitos cheese herbs 73g 50,Corn chips,,"['en:palm-oil-free', 'en:non-vegan', 'en:vegetarian-status-unknown']",,,dairy,no,,40.0,Moderately Biodegradable,dairy,cornitos cheese herbs 73g 50,dairy
8906062861387.0,Brij roasted chana 400g,,,[],,unknown,other,no,,30.0,Non Biodegradable,non_food,brij roasted chana 400g,non_food
8908019150520.0,Bombay hot bhuna chana 500g,,,[],,unknown,other,no,,30.0,Non Biodegradable,non_food,bombay hot bhuna chana 500g,non_food
8906020491946.0,Lal Shahi mysore pak,,,[],,,other,no,,30.0,Non Biodegradable,non_food,lal shahi mysore pak,non_food
8904067709369.0,Peanut Gud,"Peanuts,Jaggery",,['en:vegetarian'],,,other,no,,35.0,Non Biodegradable,non_food,peanut gud,non_food
8901414001176.0,Bikano peanut salted 200g,"Plant-based foods and beverages,Plant-based foods,Nuts and their products,Nuts,Sn,Snacks",,"['en:palm-oil', 'en:vegan-status-unknown', 'en:vegetarian-status-unknown']",,,other,no,,40.0,Moderately Biodegradable,spices,bikano peanut salted 200g,other
8908012271055.0,Meetha Dahi,"Curd, Dahi, Pasteurised Toned Milk",,"['en:palm-oil-free', 'en:non-vegan', 'en:vegetarian']",,unknown,other,no,,40.0,Moderately Biodegradable,non_food,meetha dahi,non_food
8906047529547.0,Disano peanut butter,Peanut butters,,['en:vegetarian'],,,dairy,no,,35.0,Non Biodegradable,dairy,disano peanut butter,dairy
8901058902143.0,Nestl lactogen1,,,[],,unknown,other,no,,30.0,Non Biodegradable,non_food,nestl lactogen1,non_food
8901414000551.0,Bikano soan papdi 250g,,,[],,unknown,other,no,,30.0,Non Biodegradable,non_food,bikano soan papdi 250g,non_food
8904319300368.0,Haldiram Agra petha 350g,,,[],,,other,no,,30.0,Non Biodegradable,non_food,haldiram agra petha 350g,non_food
8901414048201.0,Bikano besan laddo 400g,,,[],,unknown,other,no,,30.0,Non Biodegradable,non_food,bikano besan laddo 400g,non_food
8904340503288.0,Pulse,"Snacks, Sweet snacks, Confectioneries, Candies",,[],42.0,d,other,no,42.0,34.2,Non Biodegradable,non_food,pulse,non_food
8901719119286.0,Mango bite,"Snacks, Sweet snacks, Confectioneries, Candies",,['en:vegetarian'],42.0,d,other,no,42.0,39.2,Non Biodegradable,non_food,mango bite,non_food
8904433043998.0,Snickers kesarpista42g,,,[],,unknown,other,no,,30.0,Non Biodegradable,non_food,snickers kesarpista42g,non_food
8902433003707.0,galaxy milk chocolate smooth milk,"Dairies, Milks",,[],37.0,d,dairy,no,37.0,33.7,Non Biodegradable,beverage,galaxy milk chocolate smooth milk,dairy
8902433003882.0,Galaxy Milk Chocolate with Fruit & Nut,Chocolate bar with fruit and nuts,,['en:vegetarian'],,unknown,dairy,no,,35.0,Non Biodegradable,beverage,galaxy milk chocolate with fruit & nut,dairy
8902433003790.0,Galaxy milk chocolate 110g,,,[],,unknown,dairy,no,,30.0,Non Biodegradable,beverage,galaxy milk chocolate 110g,dairy
8902433003646.0,Galaxy crispy 18g,,,[],,,other,no,,30.0,Non Biodegradable,non_food,galaxy crispy 18g,non_food
8902433003615.0,Galaxy milk chocolate 20g,"Snacks,Sweet snacks,Cocoa and its products,Confectioneries,Chocolate candies,Bonbons,Chocolates,Milk chocolates,Chocolate covered chickpeas,Milk chocolate bar,Candy chocolate bars",,[],,,dairy,no,,30.0,Non Biodegradable,beverage,galaxy milk chocolate 20g,dairy
8902005271138.0,Garlic Chutney,Chutney powder,,['en:vegetarian'],,unknown,other,no,,35.0,Non Biodegradable,condiment,garlic chutney,sauce_condiment
8901393024401.0,Alpenliebe Creamfills Butter Toffee,"Snacks, Sweet snacks, Confectioneries, Candies",,['en:vegetarian'],42.0,d,dairy,no,42.0,39.2,Non Biodegradable,dairy,alpenliebe creamfills butter toffee,dairy
8901393012828.0,Alpenliebe Juzt Jelly,"Snacks, Sweet snacks, Confectioneries, Candies",,['en:vegetarian'],,,other,no,,35.0,Non Biodegradable,non_food,alpenliebe juzt jelly,non_food
8901719127786.0,Melody Chocolaty,"Snacks,Sweet snacks,Cocoa and its products,Confectioneries,Chocolate candies,Chocolates,Mini Cho",,"['en:palm-oil', 'en:non-vegan', 'en:vegetarian']",,,beverage,no,,40.0,Moderately Biodegradable,beverage,melody chocolaty,beverage
8901512500601.0,ACT II Original,"Snacks, Popcorn",,['en:vegetarian'],73.0,b,other,no,73.0,42.3,Moderately Biodegradable,non_food,act ii original,non_food
8901512540102.0,Act II Classic Salted,"Snacks, Popcorn",,['en:vegetarian'],,,other,no,,35.0,Non Biodegradable,dairy,act ii classic salted,dairy
8901512540409.0,chilli surprise,"Snacks,Popcorn",,"['en:palm-oil', 'en:vegan-status-unknown', 'en:vegetarian']",,,other,no,,40.0,Moderately Biodegradable,non_food,chilli surprise,non_food
8902901224054.0,Good life APRICOT,"Plant-based foods and beverages, Plant-based foods, Fruits and vegetables based foods, Fruits based foods, Fruits, Apricots",,['en:vegetarian'],,unknown,other,no,,35.0,Non Biodegradable,non_food,good life apricot,non_food
8902901222685.0,Good life fennel,"Plant-based foods and beverages, Beverages, Plant-based foods, Condiments, Seeds, Hot beverages, Plant-based beverages, Spices, Herbal teas, Fennel, Fennel seeds",,[],35.0,d,other,no,35.0,33.5,Non Biodegradable,non_food,good life fennel,non_food
8906090571180.0,Multigrain Chips Tangy Tomato,,,[],,unknown,snack,no,,30.0,Non Biodegradable,snack,multigrain chips tangy tomato,snack
8906067021199.0,Whey Protein - rich milk chocolate flavour,"Dairies, Whey powder",,"['en:palm-oil-free', 'en:non-vegan', 'en:vegetarian-status-unknown']",,unknown,dairy,no,,40.0,Moderately Biodegradable,beverage,whey protein - rich milk chocolate flavour,dairy
8906002000883.0,Garlic Veg M ayonnaise,Mayonnaises,,['en:vegetarian'],,,other,no,,35.0,Non Biodegradable,non_food,garlic veg m ayonnaise,non_food
8904335601890.0,Yoga bar High Protein Muesli+,"Plant-based foods and beverages,Plant-based foods,Cereals and potatoes,Seeds,Cereals and their products,Cereal grains,Oat,Mueslis",,"['en:may-contain-palm-oil', 'en:vegan-status-unknown', 'en:vegetarian']",,,other,no,,40.0,Moderately Biodegradable,confectionery,yoga bar high protein muesli+,confectionery
8901491002486.0,8901491002486,"Kurkure, en:crisps",,"['en:palm-oil', 'en:non-vegan', 'en:vegetarian-status-unknown']",,,other,no,,40.0,Moderately Biodegradable,non_food,8901491002486,non_food
8905507000961.0,Pure Burst Dairy Whitener,"Dairies,Milks (liquid and powder),Milks",,['en:vegetarian'],,,other,no,,35.0,Non Biodegradable,non_food,pure burst dairy whitener,non_food
8904359402091.0,Punjabi Masala Traditional Urad Crisps,"Plant-based foods and beverages,Plant-based foods,Cereals and potatoes,Breads,Flatbreads,Special breads,Papadum",,"['en:may-contain-palm-oil', 'en:vegan', 'en:vegetarian']",,,other,no,,40.0,Moderately Biodegradable,spices,punjabi masala traditional urad crisps,snack
8904089918138.0,Happy Full Cream Milk,"Dairies, Milks",,"['en:palm-oil-free', 'en:non-vegan', 'en:vegetarian']",37.0,d,dairy,no,37.0,43.7,Moderately Biodegradable,dairy,happy full cream milk,dairy
8901063029316.0,Jimjam pops,"Snacks, Sweet snacks, Biscuits and cakes, Biscuits",,"['en:palm-oil', 'en:non-vegan', 'en:vegetarian']",,,other,no,,40.0,Moderately Biodegradable,non_food,jimjam pops,non_food
8901808006732.0,Macaroni pasta,,,"['en:palm-oil-content-unknown', 'en:vegan-status-unknown', 'en:vegetarian-status-unknown']",,unknown,other,no,,40.0,Moderately Biodegradable,non_food,macaroni pasta,non_food
8907790000338.0,Fruit mufflins,"Snacks, Sweet snacks, Biscuits and cakes, Cakes, Muffins, Fruit muffins",,"['en:palm-oil', 'en:non-vegan', 'en:vegetarian-status-unknown']",,unknown,other,no,,40.0,Moderately Biodegradable,non_food,fruit mufflins,non_food
8908001246729.0,Natkhat Classic,,,[],,unknown,other,no,,30.0,Non Biodegradable,dairy,natkhat classic,dairy
8906059638329.0,Mishti Doi,"Dairies, Fermented foods, Desserts, Fermented milk products, Dairy desserts, Fermented dairy desserts, Yogurts",,"['en:palm-oil-content-unknown', 'en:non-vegan', 'en:vegetarian']",,,other,no,,40.0,Moderately Biodegradable,non_food,mishti doi,non_food
8901499008800.0,Kellogg's chochos,en:breakfast-cereals,,"['en:palm-oil-content-unknown', 'en:vegan-status-unknown', 'en:vegetarian-status-unknown']",,,other,no,,40.0,Moderately Biodegradable,non_food,kellogg's chochos,non_food
8904132946026.0,liberato caramon,,,[],,unknown,other,no,,30.0,Non Biodegradable,non_food,liberato caramon,non_food
8905507017785.0,First crop almond 500g,,,[],,unknown,other,no,,30.0,Non Biodegradable,non_food,first crop almond 500g,non_food
8901036173435.0,Xtra instant coffee,"Plant-based foods and beverages, Beverages, Plant-based beverages, Instant beverages, Instant mix of chicory and coffee powder, en:coffees",,"['en:palm-oil-free', 'en:vegan', 'en:vegetarian']",-20.0,f,beverage,no,-20.0,38.0,Non Biodegradable,beverage,xtra instant coffee,beverage
8906030680415.0,Gurujee fryums salt,,,[],,unknown,other,no,,30.0,Non Biodegradable,spices,gurujee fryums salt,other
8902246000597.0,Budweiser lager,en:beers,,[],37.0,d,other,no,37.0,33.7,Non Biodegradable,non_food,budweiser lager,non_food
8906058380427.0,Tholoor mango pickle,,,"['en:palm-oil-free', 'en:vegan-status-unknown', 'en:vegetarian-status-unknown']",,unknown,other,no,,40.0,Moderately Biodegradable,non_food,tholoor mango pickle,non_food
8943440002833.0,Dhara mustard oil 1ltr,,,[],,unknown,other,no,,30.0,Non Biodegradable,non_food,dhara mustard oil 1ltr,non_food
8906005509277.0,Classic salted peanuts,en:roasted-peanuts,,[],,,other,no,,30.0,Non Biodegradable,dairy,classic salted peanuts,dairy
8901248713016.0,Abyadhi modhak,"Non food products, Open Products Facts",,[],,unknown,other,no,,30.0,Non Biodegradable,non_food,abyadhi modhak,non_food
8901192002105.0,Catch Pink Rock Salt(Sendha Namak),"Rock-salt,rock salt,Food additives,salt",,"['en:palm-oil-content-unknown', 'en:vegan-status-unknown', 'en:vegetarian-status-unknown']",,,other,no,,40.0,Moderately Biodegradable,spices,catch pink rock salt(sendha namak),other
8906033950874.0,Sev,"Snacks, Salty snacks",,"['en:palm-oil', 'en:vegan-status-unknown', 'en:vegetarian']",,unknown,other,no,,40.0,Moderately Biodegradable,non_food,sev,non_food
8904004400922.0,Haldiram's mixture,,,"['en:palm-oil-content-unknown', 'en:vegan-status-unknown', 'en:vegetarian-status-unknown']",,unknown,other,no,,40.0,Moderately Biodegradable,non_food,haldiram's mixture,non_food
8906064918508.0,Zahidi Dates,"Plant-based foods and beverages,Plant-based foods,Fruits and vegetables based foods,Fruits based foods,Fruits,Dates",,"['en:palm-oil-free', 'en:vegan', 'en:vegetarian']",,,other,no,,40.0,Moderately Biodegradable,non_food,zahidi dates,non_food
8906020580763.0,Whole wheat paratga,,,[],,,other,no,,30.0,Non Biodegradable,grain,whole wheat paratga,grain
8908014814069.0,garlic bread,"Plant-based foods and beverages, Plant-based foods, Snacks, Cereals and potatoes, Salty snacks, Appetizers, Breads, Garlic breads",,"['en:palm-oil', 'en:vegan-status-unknown', 'en:vegetarian-status-unknown']",,unknown,other,no,,40.0,Moderately Biodegradable,non_food,garlic bread,non_food
8908014814120.0,Hotdog bun,"Plant-based foods and beverages, Plant-based foods, Cereals and potatoes, Breads",,"['en:palm-oil', 'en:vegan-status-unknown', 'en:vegetarian-status-unknown']",,unknown,other,no,,40.0,Moderately Biodegradable,non_food,hotdog bun,non_food
8939112794182.0,Roastum Roasted Multigrain & Flakes Lime N Mint,snacks,,[],,unknown,other,no,,30.0,Non Biodegradable,non_food,roastum roasted multigrain & flakes lime n mint,non_food
8906149900213.0,Candy,,,[],,unknown,other,no,,30.0,Non Biodegradable,confectionery,candy,confectionery
8906149990108.0,Orange slices,,,"['en:palm-oil-free', 'en:vegan', 'en:vegetarian']",,unknown,other,no,,40.0,Moderately Biodegradable,non_food,orange slices,non_food
8906037151437.0,Bail juice,,,[],,unknown,beverage,no,,30.0,Non Biodegradable,beverage,bail juice,beverage
8904043551579.0,multgrain bread,Breads,,"['en:palm-oil', 'en:vegan-status-unknown', 'en:vegetarian']",,,other,no,,40.0,Moderately Biodegradable,non_food,multgrain bread,non_food
8901042971483.0,Vemicelli,"Plant-based foods and beverages, Plant-based foods, Cereals and potatoes, Cereals and their products, Pastas, Bread coverings, Cooking helpers, Dry pastas, Food decorations, Pastry helpers, Sprinkles",,"['en:palm-oil-free', 'en:vegan', 'en:vegetarian']",,unknown,other,no,,40.0,Moderately Biodegradable,non_food,vemicelli,non_food
8904026633957.0,Naturolax-A,"Non food products, Open Products Facts, Isabgol",,"['en:palm-oil-content-unknown', 'en:vegan-status-unknown', 'en:vegetarian-status-unknown']",,unknown,other,no,,40.0,Moderately Biodegradable,non_food,naturolax-a,non_food
8901662037828.0,CHICKEN BIRYANI MIX,,,[],,unknown,other,no,,30.0,Non Biodegradable,non_food,chicken biryani mix,non_food
8902901224252.0,yellow raisins,"Plant-based foods and beverages, Plant-based foods, Fruits and vegetables based foods, Fruits based foods, Dried products, Dried plant-based foods, Dried fruits, Raisins",,"['en:palm-oil-free', 'en:vegan', 'en:vegetarian']",62.0,b,other,no,62.0,46.2,Moderately Biodegradable,non_food,yellow raisins,non_food
8904112704295.0,Peanut ball,,,[],,unknown,other,no,,30.0,Non Biodegradable,non_food,peanut ball,non_food
8908012692171.0,Skin Fuel,,,"['en:palm-oil-content-unknown', 'en:vegan-status-unknown', 'en:vegetarian-status-unknown']",,unknown,other,no,,40.0,Moderately Biodegradable,non_food,skin fuel,non_food
8908000233249.0,Iyer's papad long chips,"Plant-based foods and beverages,Plant-based foods,Cereals and potatoes,Breads,Flatbreads,Special breads,Papadum",,['en:vegetarian'],,,snack,no,,35.0,Non Biodegradable,snack,iyer's papad long chips,snack
8901042968711.0,Hing - compounded asafoetida powder,Asafoetida,,"['en:palm-oil-free', 'en:vegan', 'en:vegetarian']",,unknown,other,no,,40.0,Moderately Biodegradable,spices,hing - compounded asafoetida powder,other
8901262176477.0,Mawa Malai Kulfi,"Desserts, Frozen foods, Frozen desserts, Ice creams and sorbets, Ice creams, Ice cream bars",,"['en:palm-oil-content-unknown', 'en:non-vegan', 'en:vegetarian-status-unknown']",67.0,b,other,no,67.0,46.7,Moderately Biodegradable,non_food,mawa malai kulfi,non_food
8904132952607.0,Campa cola 2ltr pet,"Beverages, Carbonated drinks, Sodas, Colas, Sweetened beverages",,"['en:palm-oil-free', 'en:maybe-vegan', 'en:vegetarian']",,not-applicable,beverage,no,,40.0,Moderately Biodegradable,beverage,campa cola 2ltr pet,beverage
8901063342491.0,Atta sandwich,,,[],,unknown,other,no,,30.0,Non Biodegradable,grain,atta sandwich,grain
8904013460023.0,Thurbo DARJEELING TEA WHOLE LEAF,"Beverages and beverages preparations,Plant-based foods and beverages,Beverages,Hot beverages,Plant-based beverages,Teas",,['en:vegetarian'],,,beverage,no,,35.0,Non Biodegradable,beverage,thurbo darjeeling tea whole leaf,beverage
8901063325777.0,Britannia Rusk,,,[],,unknown,other,no,,30.0,Non Biodegradable,non_food,britannia rusk,non_food
8902080304028.0,7up lemon 250ml,en:lemon-soft-drinks,,[],,not-applicable,other,no,,30.0,Non Biodegradable,non_food,7up lemon 250ml,non_food
8904246910012.0,Amla pickle,"Plant-based foods and beverages, Plant-based foods, Pickles, Indian Gooseberry, Amla pickle",,"['en:palm-oil-free', 'en:vegan-status-unknown', 'en:vegetarian']",,unknown,other,no,,40.0,Moderately Biodegradable,non_food,amla pickle,non_food
8992933231113.0,Pop Ice - Milk Shake chocolate,"Desserts, Frozen foods, Frozen desserts, Ice creams and sorbets, Ice creams, Ice cream tubs, Chocolate ice cream tubs",,[],67.0,b,dairy,no,67.0,36.7,Non Biodegradable,beverage,pop ice - milk shake chocolate,dairy
8906090574198.0,Namkeen Bikaneri Bhujia,,,[],,unknown,snack,no,,30.0,Non Biodegradable,snack,namkeen bikaneri bhujia,snack
8906021560085.0,masala boondi,,,"['en:palm-oil-content-unknown', 'en:vegan-status-unknown', 'en:vegetarian-status-unknown']",,unknown,other,no,,40.0,Moderately Biodegradable,spices,masala boondi,spices
8901058890716.0,Nestle Optifast,en:dietary-supplements,,[],,unknown,other,no,,30.0,Non Biodegradable,non_food,nestle optifast,non_food
8904112704394.0,Durga puffed rice rool,,,[],,unknown,other,no,,30.0,Non Biodegradable,grain,durga puffed rice rool,grain
8906005500397.0,Bikaji aloo bhujia 1kg,,,[],,,other,no,,30.0,Non Biodegradable,non_food,bikaji aloo bhujia 1kg,non_food
8904063216397.0,Navratan haldiram 1kg,Snacks,,[],,unknown,other,no,,30.0,Non Biodegradable,non_food,navratan haldiram 1kg,non_food
8901030945786.0,Boost Sandwich,"Desserts, Frozen foods, Frozen desserts, Ice creams and sorbets, Ice creams, Ice cream sandwiches",,"['en:palm-oil', 'en:non-vegan', 'en:vegetarian-status-unknown']",57.0,c,other,no,57.0,45.7,Moderately Biodegradable,non_food,boost sandwich,non_food
8901063093522.0,Good Day - Cashew Cookies,"Snacks, Sweet snacks, Biscuits and cakes, Biscuits, Cooking helpers, Pastry helpers, Variety packs, Baking Mixes, Biscuits or cookies variety packs, Dessert mixes, Biscuit mixes, Biscuits/Cookies (Shelf Stable)",,"['en:palm-oil', 'en:non-vegan', 'en:vegetarian']",,,snack,no,,40.0,Moderately Biodegradable,snack,good day - cashew cookies,confectionery
8906024040058.0,Ginger Chat,"Plant-based foods and beverages, Plant-based foods, Snacks, Condiments, Sweet snacks, Confectioneries, Spices, Ginger, Crystallized ginger",,"['en:palm-oil-free', 'en:vegan-status-unknown', 'en:vegetarian-status-unknown']",,,other,no,,40.0,Moderately Biodegradable,non_food,ginger chat,non_food
8901262300612.0,Tender Coconut,"Desserts,Frozen foods,Frozen desserts,Ice creams and sorbets,Ice creams",,"['en:palm-oil-content-unknown', 'en:non-vegan', 'en:vegetarian']",67.0,b,other,no,67.0,46.7,Moderately Biodegradable,non_food,tender coconut,non_food
8906036670441.0,goodlife slim,"Dairies, Milks, Skimmed milks",,"['en:palm-oil-free', 'en:non-vegan', 'en:vegetarian']",41.0,d,other,no,41.0,44.1,Moderately Biodegradable,non_food,goodlife slim,non_food
8906008811131.0,suji semolina rawa 500g,"Plant-based foods and beverages, Plant-based foods, Cereals and potatoes, Cereals and their products, Cereal semolinas, Wheat semolinas, Semolina",,"['en:palm-oil-free', 'en:vegan', 'en:vegetarian']",,,other,no,,40.0,Moderately Biodegradable,non_food,suji semolina rawa 500g,non_food
8906008811117.0,maida refined wheat flour,"Plant-based foods and beverages,Plant-based foods,Cereals and potatoes,Cereals and their products,Flours,Cereal flours,Wheat flours,Maida",,"['en:palm-oil-free', 'en:vegan', 'en:vegetarian']",,,other,no,,40.0,Moderately Biodegradable,grain,maida refined wheat flour,grain
8908019150469.0,lahsun chura,Snacks,,['en:vegetarian'],,unknown,other,no,,35.0,Non Biodegradable,non_food,lahsun chura,non_food
8904063214331.0,Haldiram aloo bhujia 220g,"Snacks,potato",,[],,unknown,other,no,,30.0,Non Biodegradable,non_food,haldiram aloo bhujia 220g,non_food
8901414010499.0,Bikano tasty 220g,,,[],,unknown,other,no,,30.0,Non Biodegradable,non_food,bikano tasty 220g,non_food
8906158650123.0,Rabgrace chana dal 350g,,,[],,unknown,other,no,,30.0,Non Biodegradable,grain,rabgrace chana dal 350g,grain
8908019150438.0,Bombay hot Agra mox 400g,,,[],,unknown,other,no,,30.0,Non Biodegradable,non_food,bombay hot agra mox 400g,non_food
8906158650512.0,Rabgrace dite mix curry patta 350g,,,[],,unknown,other,no,,30.0,Non Biodegradable,grain,rabgrace dite mix curry patta 350g,grain
8908019150223.0,Bombay hot hing papdi 240g,,,[],,unknown,other,no,,30.0,Non Biodegradable,non_food,bombay hot hing papdi 240g,non_food
8906158650376.0,Rabgrace Panjabi mix 350g,,,[],,unknown,other,no,,30.0,Non Biodegradable,non_food,rabgrace panjabi mix 350g,non_food
8906158650246.0,Rabgrace madrasi mix 350g,,,[],,unknown,other,no,,30.0,Non Biodegradable,non_food,rabgrace madrasi mix 350g,non_food
8906158650109.0,Rabgrace bhavnagri 350g,,,[],,unknown,other,no,,30.0,Non Biodegradable,non_food,rabgrace bhavnagri 350g,non_food
8906158650383.0,Rabgrace Panjabi tadka 350g,,,[],,unknown,other,no,,30.0,Non Biodegradable,non_food,rabgrace panjabi tadka 350g,non_food
8906158650185.0,Rabgrace gathiya 350g,,,[],,unknown,other,no,,30.0,Non Biodegradable,non_food,rabgrace gathiya 350g,non_food
8908019150421.0,Bombay hot Panjabi mix 400g,,,[],,unknown,other,no,,30.0,Non Biodegradable,non_food,bombay hot panjabi mix 400g,non_food
8908016247018.0,Traya Health Tatva,"Pharmaceutical,Open Products Facts,Non food products",,['en:vegetarian'],,unknown,other,no,,35.0,Non Biodegradable,non_food,traya health tatva,non_food
8901014000166.0,Geki - Hot & Spicy,"Plant-based foods and beverages, Plant-based foods, Dried products, Pastas, Dried products to be rehydrated, Noodles, Instant noodles, en:appetizers",,"['en:palm-oil', 'en:non-vegan', 'en:non-vegetarian']",,,other,no,,40.0,Moderately Biodegradable,non_food,geki - hot & spicy,non_food
8906038230223.0,Chicken Salami,"Meats and their products, Prepared meats",,"['en:palm-oil-content-unknown', 'en:vegan-status-unknown', 'en:vegetarian-status-unknown']",,unknown,other,no,,40.0,Moderately Biodegradable,non_food,chicken salami,non_food
8901030891830.0,double chocolate cornetto,"Desserts, Frozen foods, Frozen desserts",,"['en:palm-oil', 'en:non-vegan', 'en:vegetarian']",,unknown,beverage,no,,40.0,Moderately Biodegradable,beverage,double chocolate cornetto,confectionery
8906151234214.0,chickpea popped chips,Snacks,,"['en:may-contain-palm-oil', 'en:non-vegan', 'en:vegetarian-status-unknown']",,unknown,snack,no,,40.0,Moderately Biodegradable,snack,chickpea popped chips,snack
8901719125812.0,hide & seek Milano choco filled cocoa rich biscuits,"Snacks,Sweet snacks,Biscuits and cakes,Biscuits and crackers,Biscuits,Chocolate biscuits,Filled biscuits",,"['en:palm-oil', 'en:vegan-status-unknown', 'en:vegetarian-status-unknown']",,,snack,no,,40.0,Moderately Biodegradable,snack,hide & seek milano choco filled cocoa rich biscuits,confectionery
8901071732451.0,Hershey's milk shake almond flavor,"Beverages, Dairies, Dairy drinks, Milks, Flavoured milks",,"['en:palm-oil-content-unknown', 'en:non-vegan', 'en:vegetarian']",,,dairy,no,,40.0,Moderately Biodegradable,dairy,hershey's milk shake almond flavor,dairy
8908011648414.0,instant premix coffee,"Plant-based foods and beverages, Beverages, Plant-based foods, Coffees, Instant beverages, Instant coffees, Instant premix coffee",,"['en:palm-oil-free', 'en:vegan-status-unknown', 'en:vegetarian']",-20.0,f,beverage,no,-20.0,38.0,Non Biodegradable,beverage,instant premix coffee,beverage
8904004408669.0,Chekaralu,"Fried-snack, Indian snacks",,"['en:palm-oil', 'en:non-vegan', 'en:vegetarian-status-unknown']",,unknown,other,no,,40.0,Moderately Biodegradable,non_food,chekaralu,non_food
8901725104641.0,Sunfeast moms magic cashew almond,,,"['en:palm-oil-free', 'en:vegan-status-unknown', 'en:vegetarian-status-unknown']",,,other,no,,40.0,Moderately Biodegradable,non_food,sunfeast moms magic cashew almond,non_food
8901725000370.0,Sunfeast marie light active,,,"['en:palm-oil-free', 'en:vegan-status-unknown', 'en:vegetarian-status-unknown']",,unknown,other,no,,40.0,Moderately Biodegradable,non_food,sunfeast marie light active,non_food
8901095003018.0,Society tea 500 g,,,[],,unknown,beverage,no,,30.0,Non Biodegradable,beverage,society tea 500 g,beverage
8904258703251.0,Raw sugar cane,,,[],,unknown,other,no,,30.0,Non Biodegradable,non_food,raw sugar cane,non_food
8904258703237.0,Raw guav chilli,,,[],,unknown,other,no,,30.0,Non Biodegradable,non_food,raw guav chilli,non_food
8901207043017.0,ttt,,,"['en:palm-oil-content-unknown', 'en:vegan-status-unknown', 'en:vegetarian-status-unknown']",,unknown,other,no,,40.0,Moderately Biodegradable,non_food,ttt,non_food
8908008011351.0,Jaljeera Drink,,,[],,unknown,beverage,no,,30.0,Non Biodegradable,beverage,jaljeera drink,beverage
8902901001822.0,samba rawa,,,[],,unknown,other,no,,30.0,Non Biodegradable,non_food,samba rawa,non_food
8906023414805.0,Caremel Butterscotch,"Desserts,Frozen foods,Frozen desserts,Ice creams and sorbets",,"['en:palm-oil', 'en:non-vegan', 'en:vegetarian-status-unknown']",,unknown,dairy,no,,40.0,Moderately Biodegradable,dairy,caremel butterscotch,dairy
8904089993159.0,Total Curd,Curd,,"['en:may-contain-palm-oil', 'en:vegan-status-unknown', 'en:vegetarian']",,unknown,dairy,no,,40.0,Moderately Biodegradable,dairy,total curd,dairy
8901262221382.0,Butter Nankhatai,"Snacks, Sweet snacks, Biscuits and cakes, Biscuits",,"['en:palm-oil-content-unknown', 'en:non-vegan', 'en:vegetarian']",50.0,c,dairy,no,50.0,45.0,Moderately Biodegradable,dairy,butter nankhatai,dairy
8908884700202.0,Honey gulkand,Honey gulkand,,[],,unknown,other,no,,30.0,Non Biodegradable,non_food,honey gulkand,non_food
8901030771699.0,cornetto oreo disc,"Desserts, Frozen foods, Frozen desserts",,"['en:palm-oil', 'en:non-vegan', 'en:vegetarian-status-unknown']",,unknown,other,no,,40.0,Moderately Biodegradable,non_food,cornetto oreo disc,non_food
8908003249469.0,spiced buttermilk,"Dairies, Fermented foods, Fermented milk products, Buttermilks",,"['en:palm-oil-free', 'en:non-vegan', 'en:vegetarian']",,unknown,dairy,no,,40.0,Moderately Biodegradable,dairy,spiced buttermilk,dairy
8908008828287.0,granulated sugar,"Sweeteners, Sugars, en:granulated-sugars",,"['en:palm-oil-free', 'en:vegan', 'en:vegetarian']",,,other,no,,40.0,Moderately Biodegradable,non_food,granulated sugar,non_food
8906006722972.0,Lion Muscat Dates,"Plant-based foods and beverages, Plant-based foods, Fruits and vegetables based foods, Fruits based foods, Fruits, Dates, en:dried-fruits",,"['en:palm-oil-free', 'en:vegan', 'en:vegetarian']",54.0,c,other,no,54.0,45.4,Moderately Biodegradable,non_food,lion muscat dates,non_food
8904124107510.0,Ananda milk,Milks,,"['en:palm-oil-free', 'en:non-vegan', 'en:vegetarian']",37.0,d,dairy,no,37.0,43.7,Moderately Biodegradable,dairy,ananda milk,dairy
8901719122781.0,Parle Monaco 700g,,,[],,unknown,other,no,,30.0,Non Biodegradable,non_food,parle monaco 700g,non_food
8901719128837.0,Parle happy happy cake 30g,,,[],,unknown,other,no,,30.0,Non Biodegradable,non_food,parle happy happy cake 30g,non_food
8901063362376.0,Brit cake gobbles 90g,,,[],,,other,no,,30.0,Non Biodegradable,non_food,brit cake gobbles 90g,non_food
8905507016986.0,First crop masala cashew 35g,,,[],,unknown,other,no,,30.0,Non Biodegradable,spices,first crop masala cashew 35g,spices
8905507017006.0,First crop roasted almond 35g,,,[],,unknown,other,no,,30.0,Non Biodegradable,non_food,first crop roasted almond 35g,non_food
8901058905441.0,Maggi 2-minute noodles Special Masala,"Plant-based foods and beverages, Plant-based foods, Dried products, Pastas, Dried products to be rehydrated, Noodles, Instant noodles",,"['en:palm-oil', 'en:vegan-status-unknown', 'en:vegetarian-status-unknown']",52.0,c,other,no,52.0,45.2,Moderately Biodegradable,spices,maggi 2-minute noodles special masala,spices
8901063017719.0,50 50 Golmaal,"Snacks, Sweet snacks, Biscuits and cakes, Biscuits",,"['en:palm-oil', 'en:non-vegan', 'en:vegetarian-status-unknown']",40.0,d,other,no,40.0,44.0,Moderately Biodegradable,non_food,50 50 golmaal,non_food
8906033743346.0,Mc vities ginger nut 120g,,,[],,,other,no,,30.0,Non Biodegradable,non_food,mc vities ginger nut 120g,non_food
8901063146426.0,Winking cow,,,[],,unknown,other,no,,30.0,Non Biodegradable,non_food,winking cow,non_food
8906032018919.0,Nutrela Soya mini chunks,"Plant-based foods and beverages,Plant-based foods,Legumes and their products,Legumes,Flours,Legume seeds,Soy beans,Legume flours,Soybean flours,Nutrela-soya-mini-chunks,Soya-chunks",,"['en:palm-oil-free', 'en:vegan', 'en:vegetarian']",77.0,a,other,no,77.0,47.7,Moderately Biodegradable,non_food,nutrela soya mini chunks,grain
8901781000147.0,Sunrise paneer butter masala,Sunrise pure paneer butter masala,,"['en:palm-oil-content-unknown', 'en:vegan-status-unknown', 'en:vegetarian-status-unknown']",,unknown,dairy,no,,40.0,Moderately Biodegradable,dairy,sunrise paneer butter masala,dairy
8901262173605.0,Icecream American Nuts,en:ice-creams,,[],,,cosmetic,no,,30.0,Non Biodegradable,cosmetic,icecream american nuts,frozen_food
8904089923705.0,Family Toned Milk,"Toned milk, en:pasteurised-milks",,"['en:palm-oil-content-unknown', 'en:non-vegan', 'en:vegetarian-status-unknown']",37.0,d,dairy,no,37.0,43.7,Moderately Biodegradable,dairy,family toned milk,dairy
8906005060044.0,cocojal pineapple,,,[],,unknown,other,no,,30.0,Non Biodegradable,non_food,cocojal pineapple,non_food
8902901133851.0,yeahi guava,,,[],,unknown,other,no,,30.0,Non Biodegradable,non_food,yeahi guava,non_food
8906144490498.0,instant coffee,"Plant-based foods and beverages, Beverages, Plant-based foods, Coffees, Instant beverages, Instant coffees",,"['en:palm-oil-free', 'en:vegan', 'en:vegetarian']",-20.0,f,beverage,no,-20.0,38.0,Non Biodegradable,beverage,instant coffee,beverage
8901262178365.0,Black Currant Tri Cone,"Black currant ice cream cone, en:ice-creams",,"['en:palm-oil-content-unknown', 'en:non-vegan', 'en:vegetarian-status-unknown']",67.0,b,other,no,67.0,46.7,Moderately Biodegradable,non_food,black currant tri cone,non_food
8904132932999.0,unpolished masoor whole,Masoor dal,,['en:vegetarian'],,,other,no,,35.0,Non Biodegradable,non_food,unpolished masoor whole,non_food
8906055440179.0,Cowpea white 500g,,,[],,unknown,other,no,,30.0,Non Biodegradable,non_food,cowpea white 500g,non_food
8906055440148.0,Organic Urad dal whole,Urad Dal,,"['en:palm-oil-content-unknown', 'en:vegan-status-unknown', 'en:vegetarian-status-unknown']",,unknown,other,no,,40.0,Moderately Biodegradable,grain,organic urad dal whole,grain
8906055440124.0,Organic chana dal 500g,,,['en:vegetarian'],,unknown,other,no,,35.0,Non Biodegradable,grain,organic chana dal 500g,grain
8904043926322.0,Tata Sampann Moong Dal,,,[],,,other,no,,30.0,Non Biodegradable,grain,tata sampann moong dal,grain
8904043926421.0,Tata smp unpo green moong 500g,,,[],,,other,no,,30.0,Non Biodegradable,non_food,tata smp unpo green moong 500g,non_food
8904043926629.0,Tata Sampann Unpolished chana dal,Pulses,,"['en:palm-oil-free', 'en:vegan', 'en:vegetarian']",,,other,no,,40.0,Moderately Biodegradable,grain,tata sampann unpolished chana dal,grain
8904117900081.0,Pro Nature org moong yellow 500g,,,['en:vegetarian'],,unknown,other,no,,35.0,Non Biodegradable,non_food,pro nature org moong yellow 500g,non_food
8904117900104.0,Pro Nature org urad blk split 500gm,,,[],,unknown,other,no,,30.0,Non Biodegradable,non_food,pro nature org urad blk split 500gm,non_food
8904043926520.0,Tata smp unpo moong dal chilka 500g,,,[],,,other,no,,30.0,Non Biodegradable,grain,tata smp unpo moong dal chilka 500g,grain
8906055440728.0,Organic tattva moong dal yellow split 1kg,,,[],,unknown,other,no,,30.0,Non Biodegradable,grain,organic tattva moong dal yellow split 1kg,grain
8904043926704.0,Tata sampann unpolished kabuli chana,chickpeas,,['en:vegetarian'],80.0,a,other,no,80.0,43.0,Moderately Biodegradable,non_food,tata sampann unpolished kabuli chana,non_food
8904043926315.0,Unpolished Moong Dal,"Plant-based foods and beverages,Plant-based foods,Legumes and their products,Legumes,Seeds,Legume seeds,Pulses",,['en:vegetarian'],,,other,no,,35.0,Non Biodegradable,grain,unpolished moong dal,grain
8902901221930.0,Best farms toor dal 1 kg,,,[],,,other,no,,30.0,Non Biodegradable,grain,best farms toor dal 1 kg,grain
8902901221763.0,Best farms green chana 500gm,,,[],,unknown,other,no,,30.0,Non Biodegradable,non_food,best farms green chana 500gm,non_food
8902901221732.0,Best farms chana dal 1 kg,,,[],,,other,no,,30.0,Non Biodegradable,grain,best farms chana dal 1 kg,grain
8902901224467.0,Best farms soyabean yellow 200gm,,,[],,unknown,other,no,,30.0,Non Biodegradable,non_food,best farms soyabean yellow 200gm,grain
8904132932920.0,Good Life unpolished moong dal 1 kg,"Plant-based foods and beverages,Plant-based foods,Legumes and their products,Legumes,Seeds,Legume seeds,Pulses,Moong dal",,"['en:palm-oil-free', 'en:vegan', 'en:vegetarian']",,,other,no,,40.0,Moderately Biodegradable,grain,good life unpolished moong dal 1 kg,grain
8904132932913.0,GL unpo toor dal 1kg,,,[],,,other,no,,30.0,Non Biodegradable,grain,gl unpo toor dal 1kg,grain
8902901224665.0,GL moong dal 1kg,,,['en:vegetarian'],,,other,no,,35.0,Non Biodegradable,grain,gl moong dal 1kg,grain
8902901224610.0,GL chana dal 1kg,,,[],,,other,no,,30.0,Non Biodegradable,grain,gl chana dal 1kg,grain
8902901225174.0,Good life urad dal,Urad Dal,,"['en:palm-oil-free', 'en:vegan', 'en:vegetarian']",,,other,no,,40.0,Moderately Biodegradable,grain,good life urad dal,grain
8902901224917.0,GL kabuli chana 1kg,,,[],,,other,no,,30.0,Non Biodegradable,non_food,gl kabuli chana 1kg,non_food
8904132932906.0,GL unpo masoor dal 500g,,,[],,,other,no,,30.0,Non Biodegradable,grain,gl unpo masoor dal 500g,grain
8904132932982.0,Good Life unpolished urad gota,Urad Dal,,['en:vegetarian'],,,other,no,,35.0,Non Biodegradable,non_food,good life unpolished urad gota,non_food
8904132933002.0,GL unpo moong whole 500g,,,[],,,other,no,,30.0,Non Biodegradable,non_food,gl unpo moong whole 500g,non_food
8904132932890.0,GL unpo chana dal 500gm,,,[],,,other,no,,30.0,Non Biodegradable,grain,gl unpo chana dal 500gm,grain
8902901224962.0,Masoor dal,"Plant-based foods and beverages,Plant-based foods,Legumes and their products,Legumes,Seeds,Legume seeds,Pulses,Masoor dal",,"['en:palm-oil-free', 'en:vegan', 'en:vegetarian']",,,other,no,,40.0,Moderately Biodegradable,grain,masoor dal,grain
8902901224993.0,GL moong whole 1kg,,,[],,,other,no,,30.0,Non Biodegradable,non_food,gl moong whole 1kg,non_food
8904132926783.0,Good Life soya mini chunks,Soy protein textured rehydrated from soy flour,,['en:vegetarian'],,,other,no,,35.0,Non Biodegradable,non_food,good life soya mini chunks,grain
8902901232363.0,Good Life soya chunks 200gm,Soy protein textured rehydrated from soy flour,,['en:vegetarian'],,,other,no,,35.0,Non Biodegradable,non_food,good life soya chunks 200gm,grain
8902901224658.0,Good Life masoor dal 500g,pulses,,['en:vegetarian'],,,other,no,,35.0,Non Biodegradable,grain,good life masoor dal 500g,grain
8902901225068.0,GL moong dal chilka 500gm,,,[],,,other,no,,30.0,Non Biodegradable,grain,gl moong dal chilka 500gm,grain
8902901224986.0,GL masoor malka 500g,,,[],,,other,no,,30.0,Non Biodegradable,non_food,gl masoor malka 500g,non_food
8902901224849.0,GL urad whole 500g,,,[],,,other,no,,30.0,Non Biodegradable,non_food,gl urad whole 500g,non_food
8902901214840.0,Urad whole 500g,,,[],,unknown,other,no,,30.0,Non Biodegradable,non_food,urad whole 500g,non_food
8902901127140.0,Lobia Red,Black-eyed peas,,['en:vegetarian'],,unknown,other,no,,35.0,Non Biodegradable,non_food,lobia red,non_food
8902901232264.0,GL moth 500g,,,[],,unknown,other,no,,30.0,Non Biodegradable,non_food,gl moth 500g,non_food
8908007129019.0,Mr. Bready Premium Sandwich Bread,"Plant-based foods and beverages,Plant-based foods,Cereals and potatoes,Breads,Sliced breads",,"['en:may-contain-palm-oil', 'en:vegan-status-unknown', 'en:vegetarian']",75.0,a,other,no,75.0,47.5,Moderately Biodegradable,non_food,mr. bready premium sandwich bread,non_food
8902901033519.0,GL pulses mix 500g,,,[],,,other,no,,30.0,Non Biodegradable,non_food,gl pulses mix 500g,non_food
8902901224672.0,GL moong dal 500g,,,[],,,other,no,,30.0,Non Biodegradable,grain,gl moong dal 500g,grain
8906002006083.0,Funfoods Peanut Butter Crunchy,"Plant-based foods and beverages, Plant-based foods, Legumes and their products, Spreads, Plant-based spreads, Oilseed purees, Legume butters, Peanut butters",,"['en:palm-oil-content-unknown', 'en:vegan-status-unknown', 'en:vegetarian-status-unknown']",35.0,d,dairy,no,35.0,43.5,Moderately Biodegradable,dairy,funfoods peanut butter crunchy,dairy
8902901224627.0,GL chana dal 500g,,,[],,,other,no,,30.0,Non Biodegradable,grain,gl chana dal 500g,grain
8902901225761.0,white peas dry,peas,,"['en:palm-oil-content-unknown', 'en:vegan-status-unknown', 'en:vegetarian']",,unknown,other,no,,40.0,Moderately Biodegradable,non_food,white peas dry,non_food
8902901225754.0,green peas 500g,peas,,[],,,other,no,,30.0,Non Biodegradable,non_food,green peas 500g,non_food
8902901224795.0,rajma red,"Plant-based foods and beverages,Plant-based foods,Legumes and their products,Legumes,Seeds,Legume seeds,Pulses,Common beans",,"['en:palm-oil-free', 'en:vegan', 'en:vegetarian']",,,other,no,,40.0,Moderately Biodegradable,non_food,rajma red,non_food
8902901224696.0,Good Life rajma chitra 500g,Rajma,,"['en:palm-oil-free', 'en:vegan', 'en:vegetarian']",,,other,no,,40.0,Moderately Biodegradable,non_food,good life rajma chitra 500g,non_food
8902901225990.0,GL Panjabi mix 500g,,,[],,,other,no,,30.0,Non Biodegradable,non_food,gl panjabi mix 500g,non_food
8902901224900.0,GL Chana Green,Chickpeas,,['en:vegetarian'],80.0,a,other,no,80.0,43.0,Moderately Biodegradable,non_food,gl chana green,non_food
8902901029840.0,Pulses kabuli chana 2kg,,,[],,unknown,other,no,,30.0,Non Biodegradable,non_food,pulses kabuli chana 2kg,non_food
8902901011722.0,Pulses rajma chitra 2kg,,,[],,unknown,other,no,,30.0,Non Biodegradable,non_food,pulses rajma chitra 2kg,non_food
8902901011692.0,Pulses moong chilka 2kg,,,[],,unknown,other,no,,30.0,Non Biodegradable,non_food,pulses moong chilka 2kg,non_food
8902901027310.0,Pulses moong dal 2kg,Pulses,,"['en:palm-oil-free', 'en:vegan', 'en:vegetarian']",,,other,no,,40.0,Moderately Biodegradable,grain,pulses moong dal 2kg,grain
8902901011715.0,Pulses chana dal 2kg,"Plant-based foods and beverages,Plant-based foods,Legumes and their products,Legumes,Seeds,Legume seeds,Pulses,Chickpeas",,"['en:palm-oil-free', 'en:vegan', 'en:vegetarian']",,,other,no,,40.0,Moderately Biodegradable,grain,pulses chana dal 2kg,grain
8902901039795.0,Pulses brown chana 2kg,,,[],,unknown,other,no,,30.0,Non Biodegradable,non_food,pulses brown chana 2kg,non_food
8901725001094.0,Bansi Rava,"Plant-based foods and beverages, Plant-based foods, Cereals and potatoes, Seeds, Cereals and their products, Cereal grains, Wheats, Durum wheats, Granulated wheat",,"['en:palm-oil-free', 'en:vegan', 'en:vegetarian']",,unknown,other,no,,40.0,Moderately Biodegradable,non_food,bansi rava,non_food
8906132692354.0,Cod Liver Oil,"Fats, Animal fats, Fish oils, Codliver fats",,"['en:palm-oil-content-unknown', 'en:non-vegan', 'en:non-vegetarian']",71.0,b,other,no,71.0,47.1,Moderately Biodegradable,non_food,cod liver oil,non_food
8902901127027.0,GL soya bean yellow 200g,,,[],,unknown,other,no,,30.0,Non Biodegradable,non_food,gl soya bean yellow 200g,grain
8902901127010.0,Hours gram 200g,,,[],,unknown,other,no,,30.0,Non Biodegradable,non_food,hours gram 200g,non_food
8901648009474.0,MD pure ghrr 1ltr,,,[],,unknown,other,no,,30.0,Non Biodegradable,non_food,md pure ghrr 1ltr,non_food
8901648094746.0,Mother Dairy pure ghee 1 ltr,"Dairies, Fats, Spreads, Spreadable fats, Animal fats, Milkfat, Dairy-spread, Butters, Butter fat, Clarified butter, Ghee",,['en:vegetarian'],20.0,e,other,no,20.0,37.0,Non Biodegradable,dairy,mother dairy pure ghee 1 ltr,dairy
8901262030878.0,Amul cow ghee 1ltr,,,[],,unknown,other,no,,30.0,Non Biodegradable,dairy,amul cow ghee 1ltr,dairy
8904124117083.0,Ananda ghee 1ltr,,,['en:vegetarian'],,unknown,other,no,,35.0,Non Biodegradable,dairy,ananda ghee 1ltr,dairy
8901262030700.0,Amul pure ghee 1 ltr,ghee,,[],,,other,no,,30.0,Non Biodegradable,dairy,amul pure ghee 1 ltr,dairy
8908000911048.0,Gyan Desi ghee 1 ltr,,,[],,unknown,other,no,,30.0,Non Biodegradable,dairy,gyan desi ghee 1 ltr,dairy
8901262030175.0,Amul pur ghee 5 ltr,,,[],,unknown,other,no,,30.0,Non Biodegradable,dairy,amul pur ghee 5 ltr,dairy
8901648031147.0,Mother Dairy cow ghee 1 ltr,"Dairies, Fats, Spreads, Spreadable fats, Animal fats, Milkfat, Dairy-spread, Butters",,"['en:palm-oil-free', 'en:non-vegan', 'en:vegetarian']",20.0,e,other,no,20.0,42.0,Moderately Biodegradable,dairy,mother dairy cow ghee 1 ltr,dairy
8906002091058.0,Anik ghee 1 ltr,,,[],,unknown,other,no,,30.0,Non Biodegradable,dairy,anik ghee 1 ltr,dairy
8908000911055.0,Gyan Desi ghee 500g,,,[],,unknown,other,no,,30.0,Non Biodegradable,dairy,gyan desi ghee 500g,dairy
8906002091034.0,Anik ghee 500ml,,,[],,,other,no,,30.0,Non Biodegradable,dairy,anik ghee 500ml,dairy
8901262030267.0,Amul pur ghee 500ml,,,[],,unknown,other,no,,30.0,Non Biodegradable,dairy,amul pur ghee 500ml,dairy
8906002091027.0,Anik ghee 200ml,,,[],,unknown,other,no,,30.0,Non Biodegradable,dairy,anik ghee 200ml,dairy
8904422700215.0,Patanjali cow ghee 500ml,"Dairies, Spreads, Spreadable fats, Milkfat, en:animal-fats",,[],,,other,no,,30.0,Non Biodegradable,dairy,patanjali cow ghee 500ml,dairy
8904132929111.0,GL pure ghee 1 ltr,"Fats, Animal fats",,[],,unknown,other,no,,30.0,Non Biodegradable,dairy,gl pure ghee 1 ltr,dairy
8904043551555.0,Atta Shakti,"Plant-based foods and beverages,Plant-based foods,Cereals and potatoes,Breads",,"['en:palm-oil', 'en:non-vegan', 'en:vegetarian']",,,other,no,,40.0,Moderately Biodegradable,grain,atta shakti,grain
8906081128812.0,Dryfruit Bar,Dry fruits,,"['en:palm-oil-free', 'en:vegan-status-unknown', 'en:vegetarian']",,unknown,other,no,,40.0,Moderately Biodegradable,confectionery,dryfruit bar,confectionery
8901537012127.0,Elina lng grn rice 1kg,,,[],,,other,no,,30.0,Non Biodegradable,grain,elina lng grn rice 1kg,grain
8904146328108.0,Bong bhog rice 1 kg,,,[],,unknown,other,no,,30.0,Non Biodegradable,grain,bong bhog rice 1 kg,grain
8906008814095.0,Kohinoor ex lng basmati rice 1 kg,,,[],,unknown,other,no,,30.0,Non Biodegradable,grain,kohinoor ex lng basmati rice 1 kg,grain
8906007287258.0,Jubli regular lng grn rice 1 kg,"Plant-based foods and beverages, Plant-based foods, Cereals and potatoes, Seeds, Cereals and their products, Cereal grains, Rices",,[],,,other,no,,30.0,Non Biodegradable,grain,jubli regular lng grn rice 1 kg,grain
8906007283205.0,Fortune biryani spe basmati rice 1 kg,en:rice-dishes,,[],,unknown,other,no,,30.0,Non Biodegradable,grain,fortune biryani spe basmati rice 1 kg,grain
8906007282475.0,Fortune super basmati rice 1 kg,,,[],,unknown,other,no,,30.0,Non Biodegradable,grain,fortune super basmati rice 1 kg,grain
8906007287883.0,Fortune rozana basmati rice 1 kg,,,[],,unknown,other,no,,30.0,Non Biodegradable,grain,fortune rozana basmati rice 1 kg,grain
8906007289504.0,Fortune biryani classic prim basmati rice 1 kg,,,[],,unknown,other,no,,30.0,Non Biodegradable,dairy,fortune biryani classic prim basmati rice 1 kg,dairy
8901537074231.0,Daawat pulav basmati rice 1kg,"Plant-based foods and beverages, Plant-based foods, Cereals and potatoes, Seeds, Cereals and their products, Cereal grains, Rices, Aromatic rices, Indica rices, Long grain rices, Basmati rices",,"['en:palm-oil-free', 'en:vegan', 'en:vegetarian']",-2.0,f,other,no,-2.0,39.8,Non Biodegradable,grain,daawat pulav basmati rice 1kg,grain
8904132953772.0,Independence dubar basmati rice 1 kg,"Plant-based foods and beverages, Plant-based foods, Cereals and potatoes, Seeds, Cereals and their products, Cereal grains, Rices",,[],12.0,f,other,no,12.0,31.2,Non Biodegradable,confectionery,independence dubar basmati rice 1 kg,grain
8902901034226.0,GL biryani basmati rice 1 kg,,,['en:vegetarian'],,unknown,other,no,,35.0,Non Biodegradable,grain,gl biryani basmati rice 1 kg,grain
8901537074934.0,Dawat pulav basmati rice 500g,"Plant-based foods and beverages, Plant-based foods, Fruits and vegetables based foods, Vegetable-based foods and beverages, Cereals and potatoes, Seeds, Vegetables based foods, Cereals and their products, Vegetables, Cereal grains, Rices, Aromatic rices, Indica rices, Long grain rices, Vegetables from Spain, Rice, en:basmati-rices",,"['en:palm-oil-free', 'en:vegan', 'en:vegetarian']",,,other,no,,40.0,Moderately Biodegradable,grain,dawat pulav basmati rice 500g,grain
8901537007123.0,Dwt rozana supr basmati rice 1 kg,en:basmati-rices,,"['en:palm-oil-free', 'en:vegan', 'en:vegetarian']",,,other,no,,40.0,Moderately Biodegradable,grain,dwt rozana supr basmati rice 1 kg,grain
8901537077669.0,Devaaya biryani basmati rice 1 kg,,,[],,unknown,other,no,,30.0,Non Biodegradable,grain,devaaya biryani basmati rice 1 kg,grain
8902901036114.0,Sona masoori rice 2 kg,,,[],,unknown,other,no,,30.0,Non Biodegradable,grain,sona masoori rice 2 kg,grain
8902901036251.0,Parmal raw rice 2 kg,,,[],,unknown,other,no,,30.0,Non Biodegradable,grain,parmal raw rice 2 kg,grain
8902901226867.0,GL dosa rice 1kg,,,['en:vegetarian'],,unknown,other,no,,35.0,Non Biodegradable,grain,gl dosa rice 1kg,grain
8902901223156.0,GL idle rice 1 kg,,,[],,unknown,other,no,,30.0,Non Biodegradable,grain,gl idle rice 1 kg,grain
8902901226959.0,GL Sona masoori rice 1kg,,,[],,unknown,other,no,,30.0,Non Biodegradable,grain,gl sona masoori rice 1kg,grain
8902901034431.0,GL wada kolam rice 1kg,,,[],,unknown,other,no,,30.0,Non Biodegradable,grain,gl wada kolam rice 1kg,grain
8902901223286.0,GL jeerasar rice 1 kg,,,[],,unknown,other,no,,30.0,Non Biodegradable,grain,gl jeerasar rice 1 kg,grain
8902901034424.0,GLambemohar raw rice 1 kg,,,[],,unknown,other,no,,30.0,Non Biodegradable,grain,glambemohar raw rice 1 kg,grain
8902901231014.0,GL surti kolam rice 1 kg,,,[],,unknown,other,no,,30.0,Non Biodegradable,grain,gl surti kolam rice 1 kg,grain
8901023022951.0,Good night gold flash liquid 2 refills pack,"Non food products, Open Products Facts",,[],,unknown,other,no,,30.0,Non Biodegradable,non_food,good night gold flash liquid 2 refills pack,non_food
8906032018605.0,Patanjali namkin biscuit 70g,,,[],,,snack,no,,30.0,Non Biodegradable,snack,patanjali namkin biscuit 70g,confectionery
8901499009661.0,Kellogg's corn flakes original,en:corn-flakes,,[],,,other,no,,30.0,Non Biodegradable,cereal,kellogg's corn flakes original,cereal
8906032018933.0,Patanjali dudh biscuits,,,[],,unknown,snack,no,,30.0,Non Biodegradable,snack,patanjali dudh biscuits,confectionery
8904422704770.0,Patanjali digestive biscuit,,,[],,unknown,snack,no,,30.0,Non Biodegradable,snack,patanjali digestive biscuit,confectionery
8906017670804.0,Shalimar coconut oil,,,[],,unknown,other,no,,30.0,Non Biodegradable,non_food,shalimar coconut oil,non_food
8901781002622.0,Sunrise Sarsoo,,,[],,unknown,other,no,,30.0,Non Biodegradable,non_food,sunrise sarsoo,non_food
8901781000109.0,Sunrise garam masala,en:spice-mix,,[],,,other,no,,30.0,Non Biodegradable,spices,sunrise garam masala,spices
8906125680023.0,Calcium lacted Chhana,,,['en:vegetarian'],,unknown,other,no,,35.0,Non Biodegradable,non_food,calcium lacted chhana,non_food
8908012768043.0,R M Maharaj Kaka Jeera,,,[],,unknown,other,no,,30.0,Non Biodegradable,non_food,r m maharaj kaka jeera,non_food
8901781002257.0,Sunrise ajwain,,,[],,unknown,other,no,,30.0,Non Biodegradable,non_food,sunrise ajwain,non_food
8901781001137.0,Sunrise haldi,,,[],,unknown,other,no,,30.0,Non Biodegradable,non_food,sunrise haldi,non_food
8901781001021.0,Sunrise pure panch phoran,,,[],,unknown,other,no,,30.0,Non Biodegradable,non_food,sunrise pure panch phoran,non_food
8901781000055.0,Sunrise chat masala,,,[],,unknown,other,no,,30.0,Non Biodegradable,spices,sunrise chat masala,spices
8901560273144.0,Nilon's ginger garlic paste,,,[],,unknown,other,no,,30.0,Non Biodegradable,non_food,nilon's ginger garlic paste,non_food
8901781000376.0,Sunrise dhaniya powder,,,[],,unknown,other,no,,30.0,Non Biodegradable,spices,sunrise dhaniya powder,other
8904422700734.0,Patanjali kali mirch papad,Papadum,,['en:vegetarian'],,,other,no,,35.0,Non Biodegradable,non_food,patanjali kali mirch papad,non_food
8901781000369.0,Sunrise jeera powder,,,[],,unknown,other,no,,30.0,Non Biodegradable,spices,sunrise jeera powder,other
8901781000352.0,Sunrise Lal mirch powder,,,[],,unknown,other,no,,30.0,Non Biodegradable,spices,sunrise lal mirch powder,other
8901058904987.0,Maggi Pichku,"Condiments, Sauces, Tomato sauces, Ketchup, Tomato Ketchup",,[],74.0,b,other,no,74.0,37.4,Non Biodegradable,non_food,maggi pichku,non_food
8906099360150.0,Herald's Soybean sauce,,,[],,unknown,other,no,,30.0,Non Biodegradable,condiment,herald's soybean sauce,sauce_condiment
8901786140107.0,Everest Shahi biryani masala,,,[],,unknown,other,no,,30.0,Non Biodegradable,spices,everest shahi biryani masala,spices
8908017770010.0,Mala Chanachur,"Snacks, Salty snacks, Appetizers, Chips and fries, Crisps",,[],,unknown,other,no,,30.0,Non Biodegradable,non_food,mala chanachur,non_food
8901117252608.0,Cipla kids Levosalbutamol Levolin cough Syrup,"Non food products, Open Products Facts",,[],,unknown,baby_care,no,,30.0,Non Biodegradable,beverage,cipla kids levosalbutamol levolin cough syrup,beverage_syrup
8906002006472.0,Sandwich Spread Veg. Cucumber & Carrot,"Emulsified dips, Sandwich spreads",,"['en:palm-oil-free', 'en:non-vegan', 'en:vegetarian-status-unknown']",,unknown,other,no,,40.0,Moderately Biodegradable,non_food,sandwich spread veg. cucumber & carrot,non_food
8904422701106.0,Patanjali black salt,,,['en:vegetarian'],,unknown,other,no,,35.0,Non Biodegradable,spices,patanjali black salt,other
8906007287012.0,Fortune Everyday rice full grain 1 kg,,,[],,unknown,other,no,,30.0,Non Biodegradable,grain,fortune everyday rice full grain 1 kg,grain
8908012731535.0,Rock Salt,Salt,,['en:vegetarian'],,,other,no,,35.0,Non Biodegradable,spices,rock salt,other
8906067025227.0,Nansj,,,"['en:palm-oil-content-unknown', 'en:vegan-status-unknown', 'en:vegetarian-status-unknown']",,unknown,other,no,,40.0,Moderately Biodegradable,non_food,nansj,non_food
8906143890145.0,date sweetened peanut butter,Peanut butters,,[],,,dairy,no,,30.0,Non Biodegradable,dairy,date sweetened peanut butter,dairy
8902979010559.0,Belgian Chocolate Milkshake,"Beverages, Dairies, Dairy drinks, Flavoured milks, en:bars",,"['en:may-contain-palm-oil', 'en:vegan-status-unknown', 'en:vegetarian-status-unknown']",,,dairy,no,,40.0,Moderately Biodegradable,beverage,belgian chocolate milkshake,dairy
8908001105460.0,Cardamom Seed Powder,"Spices,Cardamom powder,Cardamom Seed Powder",,"['en:palm-oil-free', 'en:vegan', 'en:vegetarian']",17.0,e,other,no,17.0,41.7,Moderately Biodegradable,spices,cardamom seed powder,other
8901058000450.0,2-minute Noodles Veggie Masala,"Plant-based foods and beverages, Plant-based foods, Dried products, Pastas, Dried products to be rehydrated, Noodles, Instant noodles",,"['en:palm-oil', 'en:vegan-status-unknown', 'en:vegetarian-status-unknown']",57.0,c,other,no,57.0,45.7,Moderately Biodegradable,spices,2-minute noodles veggie masala,spices
8901088205221.0,Oodles Yummy masala ring noodles,"Plant-based foods and beverages, Plant-based foods, Dried products, Pastas, Dried products to be rehydrated, Noodles, Instant noodles",,"['en:palm-oil-free', 'en:non-vegan', 'en:vegetarian']",62.0,b,other,no,62.0,46.2,Moderately Biodegradable,spices,oodles yummy masala ring noodles,spices
8904083534099.0,organic peanut chikki,"Plant-based foods and beverages,Plant-based foods,Snacks,Sweet snacks,Nuts and their products,Bars,Nut bars",,"['en:palm-oil-content-unknown', 'en:vegan-status-unknown', 'en:vegetarian']",,unknown,other,no,,40.0,Moderately Biodegradable,non_food,organic peanut chikki,non_food
8906111540744.0,Fun Flips Puffs Cheesy Pizza,,,[],,unknown,other,no,,30.0,Non Biodegradable,non_food,fun flips puffs cheesy pizza,non_food
8906151420068.0,best chiwda,,,[],,unknown,other,no,,30.0,Non Biodegradable,non_food,best chiwda,non_food
8906151420105.0,Potato Chivda,,,[],,unknown,other,no,,30.0,Non Biodegradable,non_food,potato chivda,non_food
8901441014019.0,Moong papad,"Plant-based foods and beverages,Plant-based foods,Cereals and potatoes,Breads,Flatbreads,Special breads,Papadum",,['en:vegetarian'],,,other,no,,35.0,Non Biodegradable,non_food,moong papad,non_food
8901441011025.0,Lijjat udad papad,,,[],,,other,no,,30.0,Non Biodegradable,non_food,lijjat udad papad,non_food
8904304711568.0,red chilli peanut,,,[],,unknown,other,no,,30.0,Non Biodegradable,non_food,red chilli peanut,non_food
8906017862520.0,Burst,"Snacks,Sweet snacks,Biscuits and cakes,Biscuits,Wafers",,"['en:palm-oil', 'en:non-vegan', 'en:vegetarian-status-unknown']",53.0,c,other,no,53.0,45.3,Moderately Biodegradable,non_food,burst,non_food
8906080603518.0,Paper boat Zero Sparkling Coffee,"Beverages and beverages preparations, Beverages, Carbonated drinks, Waters, Carbonated waters, Flavored waters, Flavored sparkling waters, en:sodas",,"['en:palm-oil-content-unknown', 'en:vegan-status-unknown', 'en:vegetarian']",,not-applicable,beverage,no,,40.0,Moderately Biodegradable,beverage,paper boat zero sparkling coffee,beverage
8906151233064.0,Ginger Snap Cookies,"Snacks, Sweet snacks, Biscuits and cakes, Biscuits",,"['en:palm-oil-content-unknown', 'en:vegan', 'en:vegetarian']",50.0,c,snack,no,50.0,45.0,Moderately Biodegradable,snack,ginger snap cookies,confectionery
8904063220134.0,pudina chips,en:potato-crisps,,[],,,snack,no,,30.0,Non Biodegradable,snack,pudina chips,snack
8904149103245.0,Fhjkgcvkk,,,"['en:palm-oil-content-unknown', 'en:vegan-status-unknown', 'en:vegetarian-status-unknown']",,unknown,other,no,,40.0,Moderately Biodegradable,non_food,fhjkgcvkk,non_food
8904004402247.0,Farali Chiwda,Potato crisps in sunflower oil,,"['en:palm-oil', 'en:vegan', 'en:vegetarian']",,,other,no,,40.0,Moderately Biodegradable,non_food,farali chiwda,non_food
8903023269602.0,Jaggery,Jaggery,,['en:vegetarian'],45.0,c,other,no,45.0,39.5,Non Biodegradable,non_food,jaggery,non_food
8906008812817.0,poha (thick),"Plant-based foods and beverages,Plant-based foods,Breakfasts,Cereals and potatoes,Seeds,Cereals and their products,Breakfast cereals,Cereal grains,Flakes,Rices,Cereal flakes,Rolled flakes,Rice flakes",,"['en:palm-oil-free', 'en:vegan', 'en:vegetarian']",12.0,f,other,no,12.0,41.2,Moderately Biodegradable,non_food,poha (thick),non_food
8904083300656.0,Cooking Butter Unsalted Pasteurised,"Dairies, Fats, Spreads, Spreadable fats, Animal fats, Milkfat, Dairy-spread, Butters, Unsalted butters",,[],20.0,e,dairy,no,20.0,32.0,Non Biodegradable,dairy,cooking butter unsalted pasteurised,dairy
8901262493215.0,Paneer fresh,,,"['en:palm-oil-free', 'en:non-vegan', 'en:vegetarian']",,unknown,dairy,no,,40.0,Moderately Biodegradable,dairy,paneer fresh,dairy
8906069400077.0,veeba barbeque sauce,en:barbecue-sauces,,"['en:palm-oil-free', 'en:vegan-status-unknown', 'en:vegetarian']",67.0,b,other,no,67.0,46.7,Moderately Biodegradable,confectionery,veeba barbeque sauce,confectionery
8901030553868.0,Lipton yellow label tea,,,[],,unknown,beverage,no,,30.0,Non Biodegradable,beverage,lipton yellow label tea,beverage
8901030681547.0,Taj Mahal tea bags,"Beverages and beverages preparations,Plant-based foods and beverages,Beverages,Hot beverages,Plant-based beverages,Teas",,['en:vegetarian'],,,beverage,no,,35.0,Non Biodegradable,beverage,taj mahal tea bags,beverage
8904327600351.0,Chocolate Peanut butter smooth,Peanut butter,,[],,,dairy,no,,30.0,Non Biodegradable,beverage,chocolate peanut butter smooth,dairy
8908013746064.0,Cravova kiwi mojito,Mojito syrups,,[],,,other,no,,30.0,Non Biodegradable,non_food,cravova kiwi mojito,non_food
8901542001659.0,"Glucon, d",,,[],,,other,no,,30.0,Non Biodegradable,non_food,"glucon, d",non_food
8906036672292.0,Pasteurised Table Butter Unsalted,"Dairies, Fats, Spreads, Spreadable fats, Animal fats, Milkfat, Dairy-spread, Butters, Unsalted butters",,"['en:palm-oil-free', 'en:non-vegan', 'en:vegetarian']",34.0,d,dairy,no,34.0,43.4,Moderately Biodegradable,dairy,pasteurised table butter unsalted,dairy
8904132949744.0,Campa cola 200ml pet,en:sodas,,[],,not-applicable,beverage,no,,30.0,Non Biodegradable,beverage,campa cola 200ml pet,beverage
900001.0,GreenWrap Paper Chips,Snacks,Paper,,85.0,A,snack,yes,85.0,95.0,Highly Biodegradable,snack,greenwrap paper chips,snack
900002.0,EcoCrunch Chips (Paper Pack),Snacks,Paper,,80.0,A,snack,yes,80.0,90.0,Highly Biodegradable,snack,ecocrunch chips (paper pack),snack
900003.0,FiberBox Cookies (Paper),Confectionery,Paper,,78.0,A,confectionery,yes,78.0,88.0,Highly Biodegradable,confectionery,fiberbox cookies (paper),confectionery
900004.0,PaperPak Biscuit Pack,Confectionery,Paper,,82.0,A,confectionery,yes,82.0,92.0,Highly Biodegradable,confectionery,paperpak biscuit pack,confectionery
900005.0,BioSip Glass Bottled Juice,Beverage,Glass,,88.0,A,beverage,yes,88.0,98.0,Highly Biodegradable,beverage_juice,biosip glass bottled juice,beverage
900006.0,CompostTea Green Tea (Paper Box),Beverage,Paper,,75.0,B,beverage,yes,75.0,85.0,Biodegradable,beverage_tea,composttea green tea (paper box),beverage
900007.0,PlantBottle Orange Juice,Beverage,Plant-based Bottle,,77.0,B,beverage,yes,77.0,87.0,Biodegradable,beverage_juice,plantbottle orange juice,beverage
900008.0,NatureMunch Granola (Paper),Cereal,Paper,,83.0,A,cereal,yes,83.0,93.0,Highly Biodegradable,cereal,naturemunch granola (paper),cereal
900009.0,PaperPouch Pasta,Grains,Paper Pouch,,79.0,B,grain,yes,79.0,89.0,Biodegradable,grain,paperpouch pasta,grain
900010.0,GreenSpice Masala (Paper Tube),Spices,Paper Tube,,72.0,B,spices,yes,72.0,82.0,Biodegradable,spices,greenspice masala (paper tube),spices
900011.0,EcoSauce Ketchup (Glass),Condiment,Glass,,86.0,A,condiment,yes,86.0,96.0,Highly Biodegradable,condiment,ecosauce ketchup (glass),sauce_condiment
900012.0,BioRice Pack (Jute),Grains,Jute Bag,,90.0,A,grain,yes,90.0,100.0,Highly Biodegradable,grain,biorice pack (jute),grain
900013.0,Compostable Cutlery Set,Non-Food,Compostable,,95.0,A,non_food,yes,95.0,100.0,Highly Biodegradable,non_food,compostable cutlery set,non_food
900014.0,Bamboo Toothbrush Eco,Non-Food,Paper Sleeve,,92.0,A,non_food,yes,92.0,99.0,Highly Biodegradable,non_food,bamboo toothbrush eco,non_food
900015.0,EcoNapkins (Recycled Paper),Non-Food,Paper,,88.0,A,non_food,yes,88.0,96.0,Highly Biodegradable,non_food,econapkins (recycled paper),non_food
900016.0,PlantFiber Tea Bags,Beverage,Compostable Tea Bag,,80.0,A,beverage,yes,80.0,90.0,Highly Biodegradable,beverage_tea,plantfiber tea bags,beverage
900017.0,PaperTubes Toothpaste (Solid),Non-Food,Paper Tube,,84.0,A,non_food,yes,84.0,92.0,Highly Biodegradable,non_food,papertubes toothpaste (solid),non_food
900018.0,EcoWrap Sandwich Paper,Non-Food,Paper,,79.0,B,non_food,yes,79.0,89.0,Biodegradable,non_food,ecowrap sandwich paper,non_food
900019.0,GreenSnack Beer Nuts (Paper),Snacks,Paper,,76.0,B,snack,yes,76.0,86.0,Biodegradable,snack,greensnack beer nuts (paper),snack
900020.0,Compostable Coffee Cups (PLA),Non-Food,PLA Cup,,70.0,B,non_food,yes,70.0,80.0,Biodegradable,non_food,compostable coffee cups (pla),beverage
900021.0,"PaperPak Tea (Loose, Paper Box)",Beverage,Paper,,82.0,A,beverage,yes,82.0,92.0,Highly Biodegradable,beverage_tea,"paperpak tea (loose, paper box)",beverage
900022.0,"NatureSoap (Herbal, Paper)",Cosmetic,Paper,,74.0,B,cosmetic,yes,74.0,84.0,Biodegradable,cosmetic,"naturesoap (herbal, paper)",non_food
900023.0,PlantPasta (Brown Rice),Grains,Paper,,78.0,B,grain,yes,78.0,88.0,Biodegradable,grain,plantpasta (brown rice),grain
900024.0,"EcoBar Chocolate (Bean-to-bar, Paper)",Confectionery,Paper,,68.0,C,confectionery,yes,68.0,78.0,Partially Biodegradable,confectionery,"ecobar chocolate (bean-to-bar, paper)",confectionery
900025.0,BioSnack Energy Bar (Paper),Snacks,Paper,,75.0,B,snack,yes,75.0,85.0,Biodegradable,snack,biosnack energy bar (paper),snack
900026.0,Compostable Spice Pouch,Spices,Compostable Pouch,,81.0,A,spices,yes,81.0,91.0,Highly Biodegradable,spices,compostable spice pouch,spices
900027.0,PaperPak Milk Powder Tin (Paper Sleeve),Dairy,Paper Sleeve,,65.0,C,dairy,yes,65.0,75.0,Partially Biodegradable,dairy,paperpak milk powder tin (paper sleeve),dairy
900028.0,EcoBaby Wipes (Biodegradable),Baby Care,Compostable,,72.0,B,baby_care,yes,72.0,82.0,Biodegradable,baby_care,ecobaby wipes (biodegradable),non_food
900029.0,GreenLentils (Jute Bag),Grains,Jute,,88.0,A,grain,yes,88.0,98.0,Highly Biodegradable,grain,greenlentils (jute bag),grain
900030.0,PaperPak Peanut Butter (Glass Jar),Dairy,Glass,,85.0,A,dairy,yes,85.0,95.0,Highly Biodegradable,dairy,paperpak peanut butter (glass jar),dairy
900031.0,EcoCereal Box (Recycled Paper),Cereal,Paper,,80.0,A,cereal,yes,80.0,90.0,Highly Biodegradable,cereal,ecocereal box (recycled paper),cereal
900032.0,Compostable Spice Jar (Glass),Spices,Glass,,83.0,A,spices,yes,83.0,93.0,Highly Biodegradable,spices,compostable spice jar (glass),spices
900033.0,PaperPak Biscuit Tin (Paper),Confectionery,Paper,,77.0,B,confectionery,yes,77.0,87.0,Biodegradable,confectionery,paperpak biscuit tin (paper),confectionery
900034.0,EcoSauce Sachet (Compostable),Condiment,Compostable Sachet,,79.0,B,condiment,yes,79.0,89.0,Biodegradable,condiment,ecosauce sachet (compostable),sauce_condiment
900035.0,Bamboo Toothpicks (Pack),Non-Food,Paper,,92.0,A,non_food,yes,92.0,99.0,Highly Biodegradable,non_food,bamboo toothpicks (pack),non_food
900036.0,PaperPak Honey Jar (Glass),Condiment,Glass,,86.0,A,condiment,yes,86.0,96.0,Highly Biodegradable,condiment,paperpak honey jar (glass),non_food
900037.0,EcoNoodles (Paper Box),Grains,Paper,,74.0,B,grain,yes,74.0,84.0,Biodegradable,grain,econoodles (paper box),grain
900038.0,Compostable Wrap (Beeswax),Non-Food,Beeswax Wrap,,87.0,A,non_food,yes,87.0,97.0,Highly Biodegradable,non_food,compostable wrap (beeswax),non_food
900039.0,PaperPak Sweets (Traditional),Confectionery,Paper,,70.0,B,confectionery,yes,70.0,80.0,Biodegradable,confectionery,paperpak sweets (traditional),confectionery
900040.0,GreenMuesli (Paper),Cereal,Paper,,81.0,A,cereal,yes,81.0,91.0,Highly Biodegradable,cereal,greenmuesli (paper),cereal
900001.0,GreenWrap Paper Chips,Snacks,Paper,,85.0,A,snack,yes,85.0,95.0,Highly Biodegradable,snack,greenwrap paper chips,snack
900002.0,EcoCrunch Chips (Paper Pack),Snacks,Paper,,80.0,A,snack,yes,80.0,90.0,Highly Biodegradable,snack,ecocrunch chips (paper pack),snack
900003.0,FiberBox Cookies (Paper),Confectionery,Paper,,78.0,A,confectionery,yes,78.0,88.0,Highly Biodegradable,confectionery,fiberbox cookies (paper),confectionery
900004.0,PaperPak Biscuit Pack,Confectionery,Paper,,82.0,A,confectionery,yes,82.0,92.0,Highly Biodegradable,confectionery,paperpak biscuit pack,confectionery
900005.0,BioSip Glass Bottled Juice,Beverage,Glass,,88.0,A,beverage,yes,88.0,98.0,Highly Biodegradable,beverage_juice,biosip glass bottled juice,beverage
900006.0,CompostTea Green Tea (Paper Box),Beverage,Paper,,75.0,B,beverage,yes,75.0,85.0,Biodegradable,beverage_tea,composttea green tea (paper box),beverage
900007.0,PlantBottle Orange Juice,Beverage,Plant-based Bottle,,77.0,B,beverage,yes,77.0,87.0,Biodegradable,beverage_juice,plantbottle orange juice,beverage
900008.0,NatureMunch Granola (Paper),Cereal,Paper,,83.0,A,cereal,yes,83.0,93.0,Highly Biodegradable,cereal,naturemunch granola (paper),cereal
900009.0,PaperPouch Pasta,Grains,Paper Pouch,,79.0,B,grain,yes,79.0,89.0,Biodegradable,grain,paperpouch pasta,grain
900010.0,GreenSpice Masala (Paper Tube),Spices,Paper Tube,,72.0,B,spices,yes,72.0,82.0,Biodegradable,spices,greenspice masala (paper tube),spices
900011.0,EcoSauce Ketchup (Glass),Condiment,Glass,,86.0,A,condiment,yes,86.0,96.0,Highly Biodegradable,condiment,ecosauce ketchup (glass),sauce_condiment
900012.0,BioRice Pack (Jute),Grains,Jute Bag,,90.0,A,grain,yes,90.0,100.0,Highly Biodegradable,grain,biorice pack (jute),grain
900013.0,Compostable Cutlery Set,Non-Food,Compostable,,95.0,A,non_food,yes,95.0,100.0,Highly Biodegradable,non_food,compostable cutlery set,non_food
900014.0,Bamboo Toothbrush Eco,Non-Food,Paper Sleeve,,92.0,A,non_food,yes,92.0,99.0,Highly Biodegradable,non_food,bamboo toothbrush eco,non_food
900015.0,EcoNapkins (Recycled Paper),Non-Food,Paper,,88.0,A,non_food,yes,88.0,96.0,Highly Biodegradable,non_food,econapkins (recycled paper),non_food
900016.0,PlantFiber Tea Bags,Beverage,Compostable Tea Bag,,80.0,A,beverage,yes,80.0,90.0,Highly Biodegradable,beverage_tea,plantfiber tea bags,beverage
900017.0,PaperTubes Toothpaste (Solid),Non-Food,Paper Tube,,84.0,A,non_food,yes,84.0,92.0,Highly Biodegradable,non_food,papertubes toothpaste (solid),non_food
900018.0,EcoWrap Sandwich Paper,Non-Food,Paper,,79.0,B,non_food,yes,79.0,89.0,Biodegradable,non_food,ecowrap sandwich paper,non_food
900019.0,GreenSnack Beer Nuts (Paper),Snacks,Paper,,76.0,B,snack,yes,76.0,86.0,Biodegradable,snack,greensnack beer nuts (paper),snack
900020.0,Compostable Coffee Cups (PLA),Non-Food,PLA Cup,,70.0,B,non_food,yes,70.0,80.0,Biodegradable,non_food,compostable coffee cups (pla),beverage
900021.0,"PaperPak Tea (Loose, Paper Box)",Beverage,Paper,,82.0,A,beverage,yes,82.0,92.0,Highly Biodegradable,beverage_tea,"paperpak tea (loose, paper box)",beverage
900022.0,"NatureSoap (Herbal, Paper)",Cosmetic,Paper,,74.0,B,cosmetic,yes,74.0,84.0,Biodegradable,cosmetic,"naturesoap (herbal, paper)",non_food
900023.0,PlantPasta (Brown Rice),Grains,Paper,,78.0,B,grain,yes,78.0,88.0,Biodegradable,grain,plantpasta (brown rice),grain
900024.0,"EcoBar Chocolate (Bean-to-bar, Paper)",Confectionery,Paper,,68.0,C,confectionery,yes,68.0,78.0,Partially Biodegradable,confectionery,"ecobar chocolate (bean-to-bar, paper)",confectionery
900025.0,BioSnack Energy Bar (Paper),Snacks,Paper,,75.0,B,snack,yes,75.0,85.0,Biodegradable,snack,biosnack energy bar (paper),snack
900026.0,Compostable Spice Pouch,Spices,Compostable Pouch,,81.0,A,spices,yes,81.0,91.0,Highly Biodegradable,spices,compostable spice pouch,spices
900027.0,PaperPak Milk Powder Tin (Paper Sleeve),Dairy,Paper Sleeve,,65.0,C,dairy,yes,65.0,75.0,Partially Biodegradable,dairy,paperpak milk powder tin (paper sleeve),dairy
900028.0,EcoBaby Wipes (Biodegradable),Baby Care,Compostable,,72.0,B,baby_care,yes,72.0,82.0,Biodegradable,baby_care,ecobaby wipes (biodegradable),non_food
900029.0,GreenLentils (Jute Bag),Grains,Jute,,88.0,A,grain,yes,88.0,98.0,Highly Biodegradable,grain,greenlentils (jute bag),grain
900030.0,PaperPak Peanut Butter (Glass Jar),Dairy,Glass,,85.0,A,dairy,yes,85.0,95.0,Highly Biodegradable,dairy,paperpak peanut butter (glass jar),dairy
900031.0,EcoCereal Box (Recycled Paper),Cereal,Paper,,80.0,A,cereal,yes,80.0,90.0,Highly Biodegradable,cereal,ecocereal box (recycled paper),cereal
900032.0,Compostable Spice Jar (Glass),Spices,Glass,,83.0,A,spices,yes,83.0,93.0,Highly Biodegradable,spices,compostable spice jar (glass),spices
900033.0,PaperPak Biscuit Tin (Paper),Confectionery,Paper,,77.0,B,confectionery,yes,77.0,87.0,Biodegradable,confectionery,paperpak biscuit tin (paper),confectionery
900034.0,EcoSauce Sachet (Compostable),Condiment,Compostable Sachet,,79.0,B,condiment,yes,79.0,89.0,Biodegradable,condiment,ecosauce sachet (compostable),sauce_condiment
900035.0,Bamboo Toothpicks (Pack),Non-Food,Paper,,92.0,A,non_food,yes,92.0,99.0,Highly Biodegradable,non_food,bamboo toothpicks (pack),non_food
900036.0,PaperPak Honey Jar (Glass),Condiment,Glass,,86.0,A,condiment,yes,86.0,96.0,Highly Biodegradable,condiment,paperpak honey jar (glass),non_food
900037.0,EcoNoodles (Paper Box),Grains,Paper,,74.0,B,grain,yes,74.0,84.0,Biodegradable,grain,econoodles (paper box),grain
900038.0,Compostable Wrap (Beeswax),Non-Food,Beeswax Wrap,,87.0,A,non_food,yes,87.0,97.0,Highly Biodegradable,non_food,compostable wrap (beeswax),non_food
900039.0,PaperPak Sweets (Traditional),Confectionery,Paper,,70.0,B,confectionery,yes,70.0,80.0,Biodegradable,confectionery,paperpak sweets (traditional),confectionery
900040.0,GreenMuesli (Paper),Cereal,Paper,,81.0,A,cereal,yes,81.0,91.0,Highly Biodegradable,cereal,greenmuesli (paper),cereal
